Protein 1,Protein 2,relation,ACTUAL protein 1,Actual protein 2,PubMedID,Sentence
Interleukin-6,Lymphotoxin-alpha,unknown,Interleukin-6,Lymphotoxin-alpha,18830264,"These data suggest that IFN-lambda1 can protect MM cells from dex-induced cell death, although not to the same degree as IL-6."
C-C motif chemokine 7,Macrophage metalloelastase,unknown,C-C motif chemokine 7,Macrophage metalloelastase,20838592,"The motifs associated with these hotspots and coldspots showed a clear and consistent ""mirror image"" pattern of enrichment at specific positions."
C-C motif chemokine 7,Macrophage metalloelastase,unknown,C-C motif chemokine 7,Macrophage metalloelastase,20838592,"For instance, in the case of DNMT3A, highly methylated CpG sites showed a significant over-representation of a T at position -2, while poorly methylated sites showed enrichment for an A at this position."
Fms-related tyrosine kinase 3 ligand,Macrophage metalloelastase,unknown,Fms-related tyrosine kinase 3 ligand,Macrophage metalloelastase,20838592,The observation of such patterns of reciprocal enrichment between hotspots and coldspots strongly suggests that the positions identified in our study are key in the selection of good or bad flanks.
Fms-related tyrosine kinase 3 ligand,Lymphotoxin-alpha,unknown,Fms-related tyrosine kinase 3 ligand,Lymphotoxin-alpha,20838592,"Altogether, our data indicate that DNMT3A and DNMT3B discriminate between good and bad flanks by responding to the sequence composition at distinct positions around the CpG site."
Interleukin-10,Lymphotoxin-alpha,unknown,Interleukin-10,Lymphotoxin-alpha,26116503,Fold changes in transcript RNA (D and E) and protein levels of IL-10 and IL-12p40 (F and G) in cultures of WT BMMs exposed to 50 mug/ml 0-3hRP (closed circles) or corresponding media controls (open circles).
Interleukin-10,Lymphotoxin-alpha,unknown,Interleukin-10,Lymphotoxin-alpha,26116503,"(H and I) IL-10 and IL-12p40 produced by overnight cultures of WT, MyD88-/-, TLR2-/-, or TLR4-/- BMMs exposed to 50 mug/ml 0-3hRP or media."
C-C motif chemokine 7,Lymphotoxin-alpha,unknown,C-C motif chemokine 7,Lymphotoxin-alpha,26116503,"ANOVA and multiple comparisons tests (Bonferroni, Dunnett, and Sidak) were performed to examine statistically significant differences (C-G) between 0-3hRP-treated BMMs and corresponding media control at each time point or (H and I) between treated BMMs from different strains of mice."
C-C motif chemokine 7,C-X-C motif chemokine 9,inhibits,C-C motif chemokine 7,C-X-C motif chemokine 9,23622515,"This indicated a temporal correlation between the requirement for Cdk7 and a specific readout of Cdk4/6 activity, and suggested that the stronger G1 block due to inhibition of Cdk7, relative to Cdk2, might be due to the additional loss of Cdk4/6 activation."
C-C motif chemokine 7,Lymphotoxin-alpha,unknown,C-C motif chemokine 7,Lymphotoxin-alpha,21427083,Our data differ significantly from these previous results.
C-C motif chemokine 7,Fms-related tyrosine kinase 3 ligand,unknown,C-C motif chemokine 7,Fms-related tyrosine kinase 3 ligand,18801063,"If, however, sufficient amounts of Sec23p remain associated with free vesicles, then the previous result may reflect the fact that other GTPases are involved in the tethering of these vesicles."
C-C motif chemokine 7,Lymphotoxin-alpha,unknown,C-C motif chemokine 7,Lymphotoxin-alpha,18801063,"If, however, sufficient amounts of Sec23p remain associated with free vesicles, then the previous result may reflect the fact that other GTPases are involved in the tethering of these vesicles."
Fms-related tyrosine kinase 3 ligand,Lymphotoxin-alpha,unknown,Fms-related tyrosine kinase 3 ligand,Lymphotoxin-alpha,18801063,"If, however, sufficient amounts of Sec23p remain associated with free vesicles, then the previous result may reflect the fact that other GTPases are involved in the tethering of these vesicles."
Fms-related tyrosine kinase 3 ligand,Lymphotoxin-alpha,unknown,Fms-related tyrosine kinase 3 ligand,Lymphotoxin-alpha,20696707,"Because there was a decrease in CD95-mediated cell death after c-FLIPL overexpression, although initial procaspase-8 cleavage was accelerated, we aimed to get more insight into this phenomenon."
C-C motif chemokine 7,Fms-related tyrosine kinase 3 ligand,unknown,C-C motif chemokine 7,Fms-related tyrosine kinase 3 ligand,16990252,"In spite of the developmental significance of Fli-I, its biochemical roles remain to be further elucidated."
Fms-related tyrosine kinase 3 ligand,Lymphotoxin-alpha,unknown,Fms-related tyrosine kinase 3 ligand,Lymphotoxin-alpha,16990252,"In cultured cells Fli-I can be in the nucleus or associated with actin in the cytoskeleton, depending on the serum levels and growth conditions, suggesting multiple roles for Fli-I in transcription and cytoskeleton regulation."
C-C motif chemokine 7,Lymphotoxin-alpha,unknown,C-C motif chemokine 7,Lymphotoxin-alpha,20104595,"Given these multiple roles, it was initially difficult to understand how Six3 fit into the HPE scheme."
C-X-C motif chemokine 9,Lymphotoxin-alpha,unknown,C-X-C motif chemokine 9,Lymphotoxin-alpha,12593796,Our results indicate that the interaction of hSpry2 with c-Cbl might serve as a mechanism for the downregulation of hSpry2 during receptor tyrosine kinase signaling.
C-C motif chemokine 7,Fms-related tyrosine kinase 3 ligand,unknown,C-C motif chemokine 7,Fms-related tyrosine kinase 3 ligand,29559111,"This approach is beneficial as it overcomes the haunting concern associated with reporter gene assays where the DNA may not be fully chromatinized and, thus, may not reflect the physiological conditions of the gene."
C-C motif chemokine 7,Lymphotoxin-alpha,unknown,C-C motif chemokine 7,Lymphotoxin-alpha,29559111,"This study identified two novel enhancer elements located ~6.5 and ~1.4 kb upstream of the Arc TSS and multiple highly conserved regions containing putative binding sites for factors associated with plasticity, such as the nuclear factor of activated T cells, nuclear factor kB and myocyte-specific enhancement factor 2 (MEF2)."
C-C motif chemokine 7,Fms-related tyrosine kinase 3 ligand,unknown,C-C motif chemokine 7,Fms-related tyrosine kinase 3 ligand,30651634,"Of note, the clinical course of AML is also influenced by specific combinations of mutations rather than individual mutations, as demonstrated in a recent study assessing the driver landscape in AML through the identification of nonoverlapping subgroups of patients."
C-C motif chemokine 7,Fms-related tyrosine kinase 3 ligand,unknown,C-C motif chemokine 7,Fms-related tyrosine kinase 3 ligand,30651634,"The design of this study allowed a full genomic classification and found, for example, that the NPM1 mutation carries a favorable prognosis only in the absence of a FLT3-ITD mutation (or FLT3-ITD with a low allelic ratio), whereas mutations in both ASXL1 and RUNX1 confer a poor prognosis, especially when they co-occur."
C-C motif chemokine 7,Lymphotoxin-alpha,unknown,C-C motif chemokine 7,Lymphotoxin-alpha,30651634,"The design of this study allowed a full genomic classification and found, for example, that the NPM1 mutation carries a favorable prognosis only in the absence of a FLT3-ITD mutation (or FLT3-ITD with a low allelic ratio), whereas mutations in both ASXL1 and RUNX1 confer a poor prognosis, especially when they co-occur."
Fms-related tyrosine kinase 3 ligand,Lymphotoxin-alpha,unknown,Fms-related tyrosine kinase 3 ligand,Lymphotoxin-alpha,30651634,"The design of this study allowed a full genomic classification and found, for example, that the NPM1 mutation carries a favorable prognosis only in the absence of a FLT3-ITD mutation (or FLT3-ITD with a low allelic ratio), whereas mutations in both ASXL1 and RUNX1 confer a poor prognosis, especially when they co-occur."
Fms-related tyrosine kinase 3 ligand,Lymphotoxin-alpha,unknown,Fms-related tyrosine kinase 3 ligand,Lymphotoxin-alpha,30651634,"Collectively, although clinical outcomes in FLT3-ITD-mutated AML are complex and impacted by multiple factors, such as the patient's baseline characteristics and co-occurring mutations, there is robust evidence that FLT3-ITD is an important prognostic biomarker, as recognized in international guidelines (e.g., NCCN and ELN)."
Fms-related tyrosine kinase 3 ligand,Lymphotoxin-alpha,unknown,Fms-related tyrosine kinase 3 ligand,Lymphotoxin-alpha,21356043,"Secondary antibodies were: donkey anti-sheep AlexaFluor 594 (Molecular Probes, Invitrogen Ltd; Carlsbad, CA, USA); goat anti-rabbit FITC (Jackson ImmunoResearch Labs Inc; PA, USA); goat anti-rabbit Cy3 (Sigma-Aldrich, St."
C-C motif chemokine 7,Fms-related tyrosine kinase 3 ligand,unknown,C-C motif chemokine 7,Fms-related tyrosine kinase 3 ligand,23665231,"piRNA populations mapping to the major germline piRNA cluster 42AB collapsed nearly entirely in all three knockdowns (Figure 6E), while piRNAs derived from the soma-specific flamenco cluster were essentially unchanged, in agreement with the knockdown being germline specific."
C-C motif chemokine 7,Lymphotoxin-alpha,unknown,C-C motif chemokine 7,Lymphotoxin-alpha,9396765,This was not a defect in the ability of ZAP-70 to be phosphorylated in these NK cells since cross-linking with FcR-specific antibodies on the same cells results in an increase in ZAP-70 tyrosine phosphorylation (Fig.
C-C motif chemokine 7,Lymphotoxin-alpha,unknown,C-C motif chemokine 7,Lymphotoxin-alpha,15737063,"Whereas wild-type Scc1 was efficiently cleaved at both sites in mitotic egg extract, we did not observe any fragment resulting from cleavage at Arg450 when either Scc1-S454A or Scc1-9xA was analyzed (Figure 2C and unpublished data), further supporting the conclusion that phosphorylation at Ser454 of Scc1 is essential for cleavage at Arg450."
C-C motif chemokine 7,Lymphotoxin-alpha,unknown,C-C motif chemokine 7,Lymphotoxin-alpha,23459139,"We interpret the discrepancy between earlier reported results and ours, obtained from primary hepatocytes of Tysnd1-/- mice, as an effect of residual Tysnd1 protein expression after insufficient knock-down of Tysnd1 by RNAi."
C-X-C motif chemokine 9,Lymphotoxin-alpha,activates,C-X-C motif chemokine 9,Lymphotoxin-alpha,15294024,"In addition, others have shown that although Shh induces angiogenesis in a mouse model of hindlimb ischemia, it has no effect on endothelial cell proliferation or migration in cell culture."
Fms-related tyrosine kinase 3 ligand,Lymphotoxin-alpha,unknown,Fms-related tyrosine kinase 3 ligand,Lymphotoxin-alpha,10800694,"However, R* has a substantial affinity for T alpha beta gamma, and the influence of R* and T alpha greatly reduces any differences resulting from the presence or absence of a methyl group on T beta gamma."
C-C motif chemokine 7,Lymphotoxin-alpha,unknown,C-C motif chemokine 7,Lymphotoxin-alpha,10800694,"The results from studies of demethylated T beta gamma demonstrate that specific lipid-receptor interactions are unlikely to play a critical role in the rhodopsin-transducin system, and further show that the effect of methylation is probably due to the increased hydrophobicity of methylated T beta gamma versus its unmethylated counterpart."
C-C motif chemokine 7,Lymphotoxin-alpha,unknown,C-C motif chemokine 7,Lymphotoxin-alpha,17355984,Epigenetic disruption of ribosomal RNA genes and nucleolar architecture in DNA methyltransferase 1 (Dnmt1) deficient cells.
Interleukin-6,Tumor necrosis factor,activates,Interleukin-6,Tumor necrosis factor,21994466,"SW480 cells were used for the majority of studies because our prior studies demonstrated that these cells are responsive to both IL-6 and TNFalpha, which robustly activate STAT3 and NFkappaB, respectively."
Interleukin-6,Tumor necrosis factor,activates,Interleukin-6,Tumor necrosis factor,21994466,"Given prior findings that both IL-6 and TNFalpha were required to induce TNFR2, cells were treated with recombinant human IL-6 and/or TNFalpha (Peprotech) at 50ng/mL in serum-free medium."
C-C motif chemokine 7,Fms-related tyrosine kinase 3 ligand,unknown,C-C motif chemokine 7,Fms-related tyrosine kinase 3 ligand,19193899,Both significantly induced an SRE-driven firefly luciferase reporter gene (SRE-Luciferase) that directly measures SRF activity (Fig.
C-C motif chemokine 7,Lymphotoxin-alpha,unknown,C-C motif chemokine 7,Lymphotoxin-alpha,24695225,Plotting the chemical proteomic results of SCH51344 and (S)-crizotinib against each other singled out MTH1 as the only common high-significance interactor (Fig.
C-C motif chemokine 7,Lymphotoxin-alpha,unknown,C-C motif chemokine 7,Lymphotoxin-alpha,25356737,"The results demonstrated that rhN3-ICD-V5 was specifically pulled down by WWP2-GST in a dose-dependent fashion, but was not pulled down by GST-control peptides (Fig."
Fms-related tyrosine kinase 3 ligand,Lymphotoxin-alpha,unknown,Fms-related tyrosine kinase 3 ligand,Lymphotoxin-alpha,27597759,"In both the medium and heavy fractions, we detected multiple HA-Ub bands in cells expressing PEX2-FLAG, but not in the cells transfected with empty vector, suggesting the expression of PEX2-FLAG causes an increase in the ubiquitination of peroxisomal membrane proteins (Fig."
C-C motif chemokine 7,Lymphotoxin-alpha,unknown,C-C motif chemokine 7,Lymphotoxin-alpha,22684280,Knockdown of CBX3 expression results in down-regulation of a subset of target genes and significant accumulation of unspliced transcripts from greater than 1000 transcripts.
C-C motif chemokine 7,Lymphotoxin-alpha,unknown,C-C motif chemokine 7,Lymphotoxin-alpha,17267404,"Most importantly, no significant binding of ATF2 to the ASNS AARE was detected in wild type cells while, in contrast to the results obtained with the CHOP and ATF3 AAREs the lack of ATF2 did not affect the increase in histone H4 acetylation in the vicinity of the AARE following leucine deprivation."
Fms-related tyrosine kinase 3 ligand,Lymphotoxin-alpha,unknown,Fms-related tyrosine kinase 3 ligand,Lymphotoxin-alpha,9585416,"An alternative explanation for the loss of inner arms, radial spokes, and beak-like projections in fla14 mutants is that the absence of LC8 affects transport of these structures in the flagellum."
C-C motif chemokine 7,Fms-related tyrosine kinase 3 ligand,unknown,C-C motif chemokine 7,Fms-related tyrosine kinase 3 ligand,9585416,"In dikaryon rescue experiments, the beak-like projections are restored to fully formed flagella of mutants specifically lacking the projections, raising the possibility that these structures also are transported to the tip of the flagellum and then move back down the lumen of the B tubule to their binding sites."
C-C motif chemokine 7,Fms-related tyrosine kinase 3 ligand,unknown,C-C motif chemokine 7,Fms-related tyrosine kinase 3 ligand,9585416,"If defects in the fla14 flagellum prevented this transport, deficiencies in assembly of inner arms, radial spokes, and perhaps the beak-like projections would result."
C-C motif chemokine 7,Lymphotoxin-alpha,unknown,C-C motif chemokine 7,Lymphotoxin-alpha,9585416,"If defects in the fla14 flagellum prevented this transport, deficiencies in assembly of inner arms, radial spokes, and perhaps the beak-like projections would result."
Fms-related tyrosine kinase 3 ligand,Lymphotoxin-alpha,unknown,Fms-related tyrosine kinase 3 ligand,Lymphotoxin-alpha,9585416,"If defects in the fla14 flagellum prevented this transport, deficiencies in assembly of inner arms, radial spokes, and perhaps the beak-like projections would result."
Fms-related tyrosine kinase 3 ligand,Lymphotoxin-alpha,unknown,Fms-related tyrosine kinase 3 ligand,Lymphotoxin-alpha,9585416,"Although anterograde movement of rafts appears to proceed unimpaired in fla14 flagella, the movement of other components may be impeded."
C-C motif chemokine 7,Lymphotoxin-alpha,unknown,C-C motif chemokine 7,Lymphotoxin-alpha,20463816,"The results define a novel genetic and bioinformatics model for introduction and identification of multi-allelic mutations in replication competent viruses that will be powerful tools for testing the effects of decreased fidelity and increased quasispecies diversity on viral replication, pathogenesis, and evolution."
C-C motif chemokine 7,Granulocyte-macrophage colony-stimulating factor,unknown,C-C motif chemokine 7,Granulocyte-macrophage colony-stimulating factor,20506188,"We also performed ChIP assays to investigate histone modifications characteristic of transcriptionally active or inactive chromatin on the RUNX1-dependent GMCSF and IL3 promoters, or the silent hOC promoter in Jurkat cells."
C-C motif chemokine 7,Macrophage colony-stimulating factor 1,unknown,C-C motif chemokine 7,Macrophage colony-stimulating factor 1,20506188,"We also performed ChIP assays to investigate histone modifications characteristic of transcriptionally active or inactive chromatin on the RUNX1-dependent GMCSF and IL3 promoters, or the silent hOC promoter in Jurkat cells."
Granulocyte-macrophage colony-stimulating factor,Macrophage colony-stimulating factor 1,unknown,Granulocyte-macrophage colony-stimulating factor,Macrophage colony-stimulating factor 1,20506188,"We also performed ChIP assays to investigate histone modifications characteristic of transcriptionally active or inactive chromatin on the RUNX1-dependent GMCSF and IL3 promoters, or the silent hOC promoter in Jurkat cells."
Granulocyte-macrophage colony-stimulating factor,Macrophage colony-stimulating factor 1,unknown,Granulocyte-macrophage colony-stimulating factor,Macrophage colony-stimulating factor 1,20506188,"We observed that the active GMCSF and IL3 promoters are associated with H3K4me2 and H4-Ac, but not with H3K27me2 (Figure 4)."
C-C motif chemokine 19,C-X-C motif chemokine 9,unknown,C-C motif chemokine 19,C-X-C motif chemokine 9,23106124,"Aspergillus fumigatus strain CBS 144.89 (Centraalbureau voor Schimmelcultures, Utrecht, the Netherlands) was the parental strain in all experiments."
C-C motif chemokine 19,Lymphotoxin-alpha,unknown,C-C motif chemokine 19,Lymphotoxin-alpha,23106124,"Aspergillus fumigatus strain CBS 144.89 (Centraalbureau voor Schimmelcultures, Utrecht, the Netherlands) was the parental strain in all experiments."
C-X-C motif chemokine 9,Lymphotoxin-alpha,unknown,C-X-C motif chemokine 9,Lymphotoxin-alpha,23106124,"Aspergillus fumigatus strain CBS 144.89 (Centraalbureau voor Schimmelcultures, Utrecht, the Netherlands) was the parental strain in all experiments."
C-X-C motif chemokine 9,Lymphotoxin-alpha,unknown,C-X-C motif chemokine 9,Lymphotoxin-alpha,23106124,fumigatus was cultivated at 37degreesC and liquid cultures were shaken at 200 r.p.m.
C-C motif chemokine 7,Lymphotoxin-alpha,unknown,C-C motif chemokine 7,Lymphotoxin-alpha,19234465,"Mammalian gene silencing is established through methylation of histones and DNA, although the order in which these modifications occur remains contentious."
Granulocyte-macrophage colony-stimulating factor,Macrophage colony-stimulating factor 1,unknown,Granulocyte-macrophage colony-stimulating factor,Macrophage colony-stimulating factor 1,7478534,ETS1 transactivates the human GM-CSF promoter in Jurkat T cells stimulated with PMA and ionomycin.
Granulocyte-macrophage colony-stimulating factor,Lymphotoxin-alpha,unknown,Granulocyte-macrophage colony-stimulating factor,Lymphotoxin-alpha,7478534,Granulocyte-macrophage colony-stimulating factor (GM-CSF) is one such cytokine whose increased expression results partly from increases in transcription.
Granulocyte-macrophage colony-stimulating factor,Macrophage colony-stimulating factor 1,unknown,Granulocyte-macrophage colony-stimulating factor,Macrophage colony-stimulating factor 1,7478534,Granulocyte-macrophage colony-stimulating factor (GM-CSF) is one such cytokine whose increased expression results partly from increases in transcription.
Lymphotoxin-alpha,Macrophage colony-stimulating factor 1,unknown,Lymphotoxin-alpha,Macrophage colony-stimulating factor 1,7478534,Granulocyte-macrophage colony-stimulating factor (GM-CSF) is one such cytokine whose increased expression results partly from increases in transcription.
Granulocyte-macrophage colony-stimulating factor,Macrophage colony-stimulating factor 1,unknown,Granulocyte-macrophage colony-stimulating factor,Macrophage colony-stimulating factor 1,7478534,"Cis-acting elements with NF kappa B, AP-1 and ETS-like motifs have been identified in the promoter region of the GM-CSF gene, which are important for transcriptional activity following PMA and ionomycin stimulation."
Granulocyte-macrophage colony-stimulating factor,Macrophage colony-stimulating factor 1,binds,Granulocyte-macrophage colony-stimulating factor,Macrophage colony-stimulating factor 1,7478534,"Here we describe the ability of these factors to interact with a site (GM5), located within the CLE0 element, -47 to -40 upstream of the GM-CSF transcription initiation site."
Granulocyte-macrophage colony-stimulating factor,Macrophage colony-stimulating factor 1,unknown,Granulocyte-macrophage colony-stimulating factor,Macrophage colony-stimulating factor 1,7478534,"Exogenous ETS1, but not ELF1, can transactivate GM-CSF, through the GM5 site, in a PMA/ionomycin dependent manner."
C-C motif chemokine 7,Granulocyte-macrophage colony-stimulating factor,unknown,C-C motif chemokine 7,Granulocyte-macrophage colony-stimulating factor,7478534,"The GM-CSF promoter, modified in this way to be ETS1 specific, is fully responsive to PMA/ionomycin induction, in addition to ETS1 transactivation in the presence of PMA and ionomycin."
C-C motif chemokine 7,Macrophage colony-stimulating factor 1,unknown,C-C motif chemokine 7,Macrophage colony-stimulating factor 1,7478534,"The GM-CSF promoter, modified in this way to be ETS1 specific, is fully responsive to PMA/ionomycin induction, in addition to ETS1 transactivation in the presence of PMA and ionomycin."
Granulocyte-macrophage colony-stimulating factor,Macrophage colony-stimulating factor 1,unknown,Granulocyte-macrophage colony-stimulating factor,Macrophage colony-stimulating factor 1,7478534,"The GM-CSF promoter, modified in this way to be ETS1 specific, is fully responsive to PMA/ionomycin induction, in addition to ETS1 transactivation in the presence of PMA and ionomycin."
Granulocyte-macrophage colony-stimulating factor,Macrophage colony-stimulating factor 1,unknown,Granulocyte-macrophage colony-stimulating factor,Macrophage colony-stimulating factor 1,7478534,Together these data suggest that ETS1 may be involved in mediating the increased GM-CSF production associated with T cell activation.
Lymphotoxin-alpha,Macrophage metalloelastase,unknown,Lymphotoxin-alpha,Macrophage metalloelastase,2211640,These results indicate that lipoylation is not required for the import of H-protein precursor into mitochondria and H-protein is lipoylated in mitochondria which probably contain the physiologically active form of lipoic acid as well as the enzyme(s) responsible for the attachment.
C-C motif chemokine 7,Lymphotoxin-alpha,unknown,C-C motif chemokine 7,Lymphotoxin-alpha,20023638,Combinatorial readout of multiple covalent histone modifications is poorly understood.
C-C motif chemokine 7,Lymphotoxin-alpha,unknown,C-C motif chemokine 7,Lymphotoxin-alpha,10229231,These results indicate that ALG-4 is necessary and sufficient for FasL expression.
C-C motif chemokine 7,Lymphotoxin-alpha,unknown,C-C motif chemokine 7,Lymphotoxin-alpha,18165232,These results suggest that CERT is a physiological substrate of PP2Cepsilon and that dephosphorylation of CERT by PP2Cepsilon may play an important role in the regulation of ceramide trafficking from the ER to the Golgi apparatus.
Granulocyte colony-stimulating factor,Lymphotoxin-alpha,unknown,Granulocyte colony-stimulating factor,Lymphotoxin-alpha,7521688,"Although the G-CSFR belongs to the cytokine receptor superfamily, which lacks an intracellular kinase domain, G-CSF-induced tyrosine phosphorylation of cellular proteins is critical for its biologic activities."
Granulocyte colony-stimulating factor,Interleukin-6,unknown,Granulocyte colony-stimulating factor,Interleukin-6,7521688,"We also demonstrate that the DNA-binding protein STAT3 (also called the acute-phase response factor [APRF], activated by interleukin-6) is an early target of G-CSF-induced tyrosine phosphorylation."
Granulocyte colony-stimulating factor,Lymphotoxin-alpha,unknown,Granulocyte colony-stimulating factor,Lymphotoxin-alpha,7521688,These results identify a signal transduction pathway activated in response to G-CSF and provide a mechanism for the rapid modulation of gene expression by G-CSF.
C-C motif chemokine 7,Lymphotoxin-alpha,unknown,C-C motif chemokine 7,Lymphotoxin-alpha,11959841,"SETDB1: a novel KAP-1-associated histone H3, lysine 9-specific methyltransferase that contributes to HP1-mediated silencing of euchromatic genes by KRAB zinc-finger proteins."
C-C motif chemokine 7,Lymphotoxin-alpha,binds,C-C motif chemokine 7,Lymphotoxin-alpha,11959841,"Here we report that the KAP-1 corepressor for the KRAB-ZFP superfamily of transcriptional silencers binds to SETDB1, a novel SET domain protein with histone H3-K9-specific methyltransferase activity."
C-C motif chemokine 7,Lymphotoxin-alpha,unknown,C-C motif chemokine 7,Lymphotoxin-alpha,11959841,"Although acetylation and phosphorylation of the H3 N-terminal tail profoundly affect the efficiency of H3-K9 methylation by SETDB1, we found that methylation of H3-K4 does not affect SETDB1-mediated methylation of H3-K9."
C-C motif chemokine 7,Fms-related tyrosine kinase 3 ligand,unknown,C-C motif chemokine 7,Fms-related tyrosine kinase 3 ligand,16888342,"Zygotic null mutants that eclose as adults display an array of morphological defects, many of which are shared by hep mutant animals, deficient in the JNK kinase (JNKK/MKK7) substrate for SLPR, suggesting that the defects observed in slpr mutants primarily reflect loss of hep-dependent JNK activation."
C-C motif chemokine 7,Lymphotoxin-alpha,unknown,C-C motif chemokine 7,Lymphotoxin-alpha,16888342,"Zygotic null mutants that eclose as adults display an array of morphological defects, many of which are shared by hep mutant animals, deficient in the JNK kinase (JNKK/MKK7) substrate for SLPR, suggesting that the defects observed in slpr mutants primarily reflect loss of hep-dependent JNK activation."
Fms-related tyrosine kinase 3 ligand,Lymphotoxin-alpha,unknown,Fms-related tyrosine kinase 3 ligand,Lymphotoxin-alpha,16888342,"Zygotic null mutants that eclose as adults display an array of morphological defects, many of which are shared by hep mutant animals, deficient in the JNK kinase (JNKK/MKK7) substrate for SLPR, suggesting that the defects observed in slpr mutants primarily reflect loss of hep-dependent JNK activation."
C-C motif chemokine 7,Lymphotoxin-alpha,unknown,C-C motif chemokine 7,Lymphotoxin-alpha,16401342,"Cullin levels were not altered in CSN-deficient human cells, but the levels of multiple F-box proteins were decreased."
C-C motif chemokine 7,Lymphotoxin-alpha,unknown,C-C motif chemokine 7,Lymphotoxin-alpha,9990065,"These results strongly suggest that GLP-2, like glucagon and GLP-1, exerts its actions through a distinct and specific novel receptor expressed in its principal target tissue, the gastrointestinal tract."
C-C motif chemokine 7,Macrophage metalloelastase,unknown,C-C motif chemokine 7,Macrophage metalloelastase,17223360,"Here, we report the high level expression and purification of full-length human ACC2 that lacks only the N-terminal membrane attachment sequence (1-20 and 1-26 aa, respectively) in Trichoplusia ni cells."
C-C motif chemokine 7,Lymphotoxin-alpha,unknown,C-C motif chemokine 7,Lymphotoxin-alpha,24753409,This result suggests that additional regulation exists to enable efficient dissociation of Rad1-Rad10 from dsDNA.
C-C motif chemokine 7,Lymphotoxin-alpha,unknown,C-C motif chemokine 7,Lymphotoxin-alpha,24841564,These results inspired us to test whether one specific heme is incorporated first and hence present in intermediate I.
C-X-C motif chemokine 9,Lymphotoxin-alpha,unknown,C-X-C motif chemokine 9,Lymphotoxin-alpha,22615488,The combined results of this study provide evidence that the H3K9-me1/2 demethylase KDM3B might play a role in leukemogenesis via activation of lmo2 through interdependent actions with the histone acetyltransferase (HAT) complex containing CBP.
C-X-C motif chemokine 9,Lymphotoxin-alpha,unknown,C-X-C motif chemokine 9,Lymphotoxin-alpha,26350504,AAMP plays a role in regulating cell migration of multiple cell types.
C-C motif chemokine 7,Vascular endothelial growth factor A,unknown,C-C motif chemokine 7,Vascular endothelial growth factor A,26350504,Mechanistic studies showed that AAMP expression was significantly upregulated by VEGF in a concentration and time-dependent manner.
C-C motif chemokine 7,Lymphotoxin-alpha,unknown,C-C motif chemokine 7,Lymphotoxin-alpha,23393134,"Here, we report that in a PKA-sensitive manner the tumor suppressor kinase LKB1 acts through salt-inducible kinase 2 (SIK2) and SIK3 to promote nucleocytoplasmic trafficking of class IIa HDACs."
C-C motif chemokine 7,Lymphotoxin-alpha,unknown,C-C motif chemokine 7,Lymphotoxin-alpha,9512491,"Furthermore the stimulated PLC-delta1 activity resulting from activation of Ghalpha via the oxytocin receptor was significantly attenuated by the selective oxytocin antagonist desGly-NH2d(CH2)5[Tyr(Me)2,Thr4]ornithine vasotocin or GDP."
C-C motif chemokine 7,Oxidized low-density lipoprotein receptor 1,unknown,C-C motif chemokine 7,Oxidized low-density lipoprotein receptor 1,9763524,"Ligand specificity of LOX-1, a novel endothelial receptor for oxidized low density lipoprotein."
C-C motif chemokine 7,Oxidized low-density lipoprotein receptor 1,unknown,C-C motif chemokine 7,Oxidized low-density lipoprotein receptor 1,9763524,"To examine ligand specificity of LOX-1, we established CHO cell lines stably expressing both human and bovine LOX-1 (LOX-1-CHO)."
C-C motif chemokine 7,Oxidized low-density lipoprotein receptor 1,unknown,C-C motif chemokine 7,Oxidized low-density lipoprotein receptor 1,9763524,LOX-1-CHO bound and degraded 125I-labeled Ox-LDL but did not significantly degrade 125I-labeled acetylated LDL (Ac-LDL).
C-C motif chemokine 7,Oxidized low-density lipoprotein receptor 1,unknown,C-C motif chemokine 7,Oxidized low-density lipoprotein receptor 1,9763524,"Polyinosinic acid and carrageenan, in contrast, significantly reduced 125I-Ox-LDL binding to LOX-1-CHO by 62% and 60%, respectively."
C-C motif chemokine 7,Oxidized low-density lipoprotein receptor 1,unknown,C-C motif chemokine 7,Oxidized low-density lipoprotein receptor 1,9763524,"LOX-1 recognizes protein moiety of Ox-LDL, and its ligand specificity is distinct from other receptors for Ox-LDL, including class A and B scavenger receptors."
Lymphotoxin-alpha,Macrophage metalloelastase,unknown,Lymphotoxin-alpha,Macrophage metalloelastase,10387016,"A wealth of biochemical analysis has led to the description of a model for the action of NSF; through its interaction with SNAPs (soluble NSF attachment proteins), NSF can associate with SNAP receptors (SNAREs) on intracellular membranes, forming 20S complexes."
C-C motif chemokine 7,Lymphotoxin-alpha,unknown,C-C motif chemokine 7,Lymphotoxin-alpha,20231902,"As a result, MST2 proapoptotic and growth arrest function was significantly reduced."
C-C motif chemokine 7,Lymphotoxin-alpha,unknown,C-C motif chemokine 7,Lymphotoxin-alpha,16682010,Our results suggest that WHISTLE is a novel SET domain containing a protein with specific H3K4 and H3K27 HMTase activity.
Granulocyte-macrophage colony-stimulating factor,Interleukin-2,unknown,Granulocyte-macrophage colony-stimulating factor,Interleukin-2,8108127,"The Tax protein of HTLV-I, a positive transcriptional activator of HTLV-I gene expression, is a viral oncogene that also increases transcription of cellular genes including GM-CSF, IL-2R alpha and IL-2."
Granulocyte-macrophage colony-stimulating factor,Macrophage colony-stimulating factor 1,unknown,Granulocyte-macrophage colony-stimulating factor,Macrophage colony-stimulating factor 1,8108127,"The Tax protein of HTLV-I, a positive transcriptional activator of HTLV-I gene expression, is a viral oncogene that also increases transcription of cellular genes including GM-CSF, IL-2R alpha and IL-2."
Interleukin-2,Macrophage colony-stimulating factor 1,unknown,Interleukin-2,Macrophage colony-stimulating factor 1,8108127,"The Tax protein of HTLV-I, a positive transcriptional activator of HTLV-I gene expression, is a viral oncogene that also increases transcription of cellular genes including GM-CSF, IL-2R alpha and IL-2."
Fms-related tyrosine kinase 3 ligand,Lymphotoxin-alpha,unknown,Fms-related tyrosine kinase 3 ligand,Lymphotoxin-alpha,21496646,"To avoid the lethality of Thorase KO mice, Thorase flox/+ mice were crossed with CaMKIIa-iCre transgenic mice to restrict the temporal and spatial deletion of Thorase to the adult forebrain."
C-C motif chemokine 7,Fms-related tyrosine kinase 3 ligand,unknown,C-C motif chemokine 7,Fms-related tyrosine kinase 3 ligand,11248038,Membrane association of sHSPs could antagonize the heat-induced hyperfluidization of specific membrane domains and thereby serve to preserve structural and functional integrity of biomembranes.
C-C motif chemokine 7,Lymphotoxin-alpha,unknown,C-C motif chemokine 7,Lymphotoxin-alpha,20585641,Identification of conserved regions and residues within Hedgehog acyltransferase critical for palmitoylation of Sonic Hedgehog.
Lymphotoxin-alpha,Macrophage metalloelastase,unknown,Lymphotoxin-alpha,Macrophage metalloelastase,20585641,"Attachment of palmitate to Shh is catalyzed by Hedgehog acyltransferase (Hhat), a member of the membrane bound O-acyl transferase (MBOAT) family of multipass membrane proteins."
C-C motif chemokine 7,Lymphotoxin-alpha,regulates,C-C motif chemokine 7,Lymphotoxin-alpha,20585641,CONCLUSIONS/SIGNIFICANCE: This study has pinpointed specific regions and multiple residues that regulate Hhat stability and catalysis.
C-C motif chemokine 7,Lymphotoxin-alpha,unknown,C-C motif chemokine 7,Lymphotoxin-alpha,20585641,"Our findings should be applicable to other MBOAT proteins that mediate lipid modification of Wnt proteins and ghrelin, and should serve as a model for understanding how secreted morphogens are modified by palmitoyl acyltransferases."
C-X-C motif chemokine 9,Lymphotoxin-alpha,unknown,C-X-C motif chemokine 9,Lymphotoxin-alpha,23583660,Recently evaluated miRNAs altered in urological cancers might have impact on the CSN-CRL pathway which has to be analyzed in future experiments.
C-C motif chemokine 7,Lymphotoxin-alpha,unknown,C-C motif chemokine 7,Lymphotoxin-alpha,11032757,Downregulation of cyclin D1 alters cdk 4- and cdk 2-specific phosphorylation of retinoblastoma protein.
C-C motif chemokine 7,Lymphotoxin-alpha,unknown,C-C motif chemokine 7,Lymphotoxin-alpha,16738318,An analysis of the molecular mechanisms mediating repression resulted in the identification of two major repression domains in p66alpha and one in p66beta.
C-C motif chemokine 7,Lymphotoxin-alpha,unknown,C-C motif chemokine 7,Lymphotoxin-alpha,16738318,Mutation of the SUMO modification sites or using a SUMO1 mutant or a dominant negative Ubc9 ligase resulted in a significant decrease of the transcriptional repression of p66alpha and p66beta.
C-C motif chemokine 7,Lymphotoxin-alpha,unknown,C-C motif chemokine 7,Lymphotoxin-alpha,22371489,"Our results suggest that ubiquitin-specific protease 9X (USP9X) is by far the most active deubiquitinase acting on Ub-PEX5, both in female rat liver and HeLa cells."
C-C motif chemokine 7,C-X-C motif chemokine 9,unknown,C-C motif chemokine 7,C-X-C motif chemokine 9,22904036,"As for Opy2, Mig1 overproduction dampened the pheromone response pathway, which implicates Mig1 and Opy2 as potential regulators of pathway specificity."
C-C motif chemokine 7,Lymphotoxin-alpha,unknown,C-C motif chemokine 7,Lymphotoxin-alpha,24498054,"Double mutant strains Deltapph3/Deltachk1 and Deltapsy2/Deltachk1 showed additional reductions in the efficiency of plasmid repair, compared to both single deletions which is in agreement with the activity of Pph3p and Psy2p in a parallel pathway to Chk1p."
Interleukin-6,Tumor necrosis factor,unknown,Interleukin-6,Tumor necrosis factor,10096561,"CD40 ligation on MM by CD40L-transfected murine L-cells or by a soluble CD40L fusion protein up-regulated their expression of intercellular adhesion molecule-1 and MHC class I and class II molecules and their secretion of IL-6, IL-8, tumor necrosis factor-a, and granulocyte macrophage colony-stimulating factor and also induced a rapid activation of the transcription factor nuclear factor kappaB."
C-C motif chemokine 7,C-X-C motif chemokine 9,unknown,C-C motif chemokine 7,C-X-C motif chemokine 9,15501440,"Although much remains to be tested about the role of this novel molecular mobilization mechanism, cells might utilize actin polymerization energy for cell shape change and/or trafficking via Formin motors."
C-C motif chemokine 7,Lymphotoxin-alpha,unknown,C-C motif chemokine 7,Lymphotoxin-alpha,15501440,"Although much remains to be tested about the role of this novel molecular mobilization mechanism, cells might utilize actin polymerization energy for cell shape change and/or trafficking via Formin motors."
C-X-C motif chemokine 9,Lymphotoxin-alpha,unknown,C-X-C motif chemokine 9,Lymphotoxin-alpha,15501440,"Although much remains to be tested about the role of this novel molecular mobilization mechanism, cells might utilize actin polymerization energy for cell shape change and/or trafficking via Formin motors."
C-C motif chemokine 7,Fms-related tyrosine kinase 3 ligand,unknown,C-C motif chemokine 7,Fms-related tyrosine kinase 3 ligand,20028662,We first report that a synthetic omega-alkynyl-palmitate analog can be readily and specifically incorporated into GAPDH or mitochondrial 3-hydroxyl-3-methylglutaryl-CoA synthase in vitro and reacted with an azido-biotin probe or the fluorogenic probe 3-azido-7-hydroxycoumarin using click chemistry for rapid detection by Western blotting or flat bed fluorescence scanning.
C-C motif chemokine 19,C-C motif chemokine 7,unknown,C-C motif chemokine 19,C-C motif chemokine 7,16547521,"Using a tandem-affinity purification strategy and mass spectrometry we have identified proteins associated with Dishevelled, including a Cullin-3 ubiquitin ligase complex containing the Broad Complex, Tramtrack and Bric a Brac (BTB) protein Kelch-like 12 (KLHL12)."
C-C motif chemokine 7,Lymphotoxin-alpha,unknown,C-C motif chemokine 7,Lymphotoxin-alpha,7877695,These results indicate that the SRB10/11 kinase is involved in CTD phosphorylation and suggest that this modification has a role in the response to transcriptional regulators in vivo.
C-C motif chemokine 7,Lymphotoxin-alpha,regulates,C-C motif chemokine 7,Lymphotoxin-alpha,1763325,These results indicate that DCoH regulates formation of transcriptionally active tetrameric complexes and may contribute to the developmental specificity of the complex.
C-C motif chemokine 7,Lymphotoxin-alpha,unknown,C-C motif chemokine 7,Lymphotoxin-alpha,14699049,"Then, using this method, we showed that coexpression of both POMT1 and POMT2 (another gene homologous to yeast protein O-mannosyltransferases) was necessary for the enzyme activity, but expression of either POMT1 or POMT2 alone was insufficient."
C-C motif chemokine 7,Lymphotoxin-alpha,unknown,C-C motif chemokine 7,Lymphotoxin-alpha,14699049,"In view of the potential importance of this form of glycosylation for a number of developmental and neurobiological processes, the ability to assay mammalian protein O-mannosyltransferase activity should greatly facilitate progress in the identification and localization of O-mannosylated proteins and the elucidation of their functional roles."
C-C motif chemokine 7,C-X-C motif chemokine 9,unknown,C-C motif chemokine 7,C-X-C motif chemokine 9,12399160,"The mechanism of covalent binding remains to be established, but significantly less abacavir-protein residue was detected with an analog of abacavir in which the double bond was removed, suggestive of a double bond migration and 1,4 addition process."
C-C motif chemokine 7,Lymphotoxin-alpha,unknown,C-C motif chemokine 7,Lymphotoxin-alpha,26675234,The association of RNF168 with PML NBs resulted in increased ubiquitylation and SUMO2 modification of PML.
Lymphotoxin-alpha,Tumor necrosis factor,unknown,Lymphotoxin-alpha,Tumor necrosis factor,9852070,"The involvement of multiple tumor necrosis factor receptor (TNFR)-associated factors in the signaling mechanisms of receptor activator of NF-kappaB, a member of the TNFR superfamily."
Fms-related tyrosine kinase 3 ligand,Lymphotoxin-alpha,inhibits,Fms-related tyrosine kinase 3 ligand,Lymphotoxin-alpha,21908597,"Although both invasive growth and mat formation depend on Flo11p, mutations that perturb the multivesicular body (MVB) protein sorting pathway inhibit mat formation in a FLO11-independent manner."
Fms-related tyrosine kinase 3 ligand,Lymphotoxin-alpha,unknown,Fms-related tyrosine kinase 3 ligand,Lymphotoxin-alpha,21908597,"These mutants, represented by vps27Delta, disrupt mat formation but do not affect invasive growth, FLO11 gene or protein expression, or Flo11p localization."
C-C motif chemokine 7,Lymphotoxin-alpha,unknown,C-C motif chemokine 7,Lymphotoxin-alpha,7556078,"Although overexpression of either the SUP45 or SUP35 genes alone did not reduce the efficiency of codon-specific tRNA nonsense suppression, the simultaneous overexpression of both the SUP35 and SUP45 genes in nonsense suppressor tRNA-containing strains produced an antisuppressor phenotype."
C-C motif chemokine 7,Lymphotoxin-alpha,unknown,C-C motif chemokine 7,Lymphotoxin-alpha,19907488,"Direct antagonism of the NOTCH transcriptional program causes potent, NOTCH-specific anti-proliferative effects in cultured cells and in a mouse model of NOTCH1-driven T-ALL."
C-C motif chemokine 7,Lymphotoxin-alpha,binds,C-C motif chemokine 7,Lymphotoxin-alpha,10048324,"Apo-BCCP interacts specifically with the biotin holoenzyme synthetase, BirA, which results in the post-translational attachment of biotin to a single lysine residue on BCCP."
C-C motif chemokine 7,Macrophage metalloelastase,binds,C-C motif chemokine 7,Macrophage metalloelastase,10048324,"Apo-BCCP interacts specifically with the biotin holoenzyme synthetase, BirA, which results in the post-translational attachment of biotin to a single lysine residue on BCCP."
Lymphotoxin-alpha,Macrophage metalloelastase,binds,Lymphotoxin-alpha,Macrophage metalloelastase,10048324,"Apo-BCCP interacts specifically with the biotin holoenzyme synthetase, BirA, which results in the post-translational attachment of biotin to a single lysine residue on BCCP."
C-C motif chemokine 7,Lymphotoxin-alpha,binds,C-C motif chemokine 7,Lymphotoxin-alpha,10048324,"The results indicate that upon biotinylation, the inherent mobility of the biotin-binding region and the protruding thumb, with which the biotin group interacts in the holo protein, are significantly reduced."
Fms-related tyrosine kinase 3 ligand,Tumor necrosis factor,activates,Fms-related tyrosine kinase 3 ligand,Tumor necrosis factor,26972597,Tumor Necrosis Factor-alpha canonically induces the activation of NF-kappaB and associated gene product cellular FLICE-like inhibitory protein (cFLIPL) to promote cell survival.
C-C motif chemokine 7,Lymphotoxin-alpha,unknown,C-C motif chemokine 7,Lymphotoxin-alpha,23446637,Our results uncover the underlying molecular basis of disease and provide novel insights into mitigating NPHP5 deficiency.
C-C motif chemokine 7,Lymphotoxin-alpha,unknown,C-C motif chemokine 7,Lymphotoxin-alpha,24056413,AR is regulated by an interplay of multiple post-translational modifications including ubiquitination.
C-C motif chemokine 2,Tumor necrosis factor,unknown,C-C motif chemokine 2,Tumor necrosis factor,7537762,"Adhesion of human monocytes to P-selectin, the most rapidly expressed endothelial tethering factor, increased the secretion of monocyte chemotactic protein-1 (MCP-1) and tumor necrosis factor-alpha (TNF-alpha) by the leukocytes when they were stimulated with platelet-activating factor."
C-C motif chemokine 2,C-C motif chemokine 7,unknown,C-C motif chemokine 2,C-C motif chemokine 7,7537762,"Moreover, tethering by P-selectin specifically enhanced nuclear translocation of nuclear factor-kappa B (NF-kappa B), a transcription factor required for expression of MCP-1, TNF-alpha, and other immediate-early genes."
Fms-related tyrosine kinase 3 ligand,Lymphotoxin-alpha,regulates,Fms-related tyrosine kinase 3 ligand,Lymphotoxin-alpha,7537762,"These results demonstrate that P-selectin, through its ligands on monocytes, may locally regulate cytokine secretion in inflamed tissues."
C-C motif chemokine 7,Fms-related tyrosine kinase 3 ligand,regulates,C-C motif chemokine 7,Fms-related tyrosine kinase 3 ligand,16980317,"With regard to the putative mechanism(s) by which histone acetylation regulates the flow of genetic information, site-specific modification and recognition of acetylated histone/DNA complexes have been postulated."
C-C motif chemokine 7,Lymphotoxin-alpha,unknown,C-C motif chemokine 7,Lymphotoxin-alpha,24803650,"During ISC mitosis, Notch and Delta traffic through Sara endosomes, thereby contributing to Notch signalling bias, as revealed in Sara mutants: Sara itself contributes to the control of the ISC asymmetric division."
C-C motif chemokine 7,Fms-related tyrosine kinase 3 ligand,unknown,C-C motif chemokine 7,Fms-related tyrosine kinase 3 ligand,1701434,The endopeptidase cleavage of progastrin was not influenced significantly by fasting.
C-C motif chemokine 7,C-X-C motif chemokine 9,unknown,C-C motif chemokine 7,C-X-C motif chemokine 9,25242263,Robo-interacting ubiquitin-specific protease 33 (USP33) is required for the inhibitory function of Slit2 on CRC cell migration by deubiquitinating and stabilizing Robo1.
Fms-related tyrosine kinase 3 ligand,Lymphotoxin-alpha,unknown,Fms-related tyrosine kinase 3 ligand,Lymphotoxin-alpha,11073998,"Together, our results indicate that the TAP-p15 mRNA export pathway has diversified in higher eukaryotes compared to yeast, perhaps reflecting a greater substrate complexity."
C-C motif chemokine 7,Fms-related tyrosine kinase 3 ligand,unknown,C-C motif chemokine 7,Fms-related tyrosine kinase 3 ligand,24828152,"We found that USP8 is involved in deubiquitination of LRIG1, influencing the efficiency of Met degradation."
Fms-related tyrosine kinase 3 ligand,Lymphotoxin-alpha,unknown,Fms-related tyrosine kinase 3 ligand,Lymphotoxin-alpha,26141599,Mori et al used an anti-UBQLN antibody that non-selectively recognizes both UBQLN1 and UBQLN2 (Fig.S1) and thus prior results may not reflect actual colocalization of UBQLN2 to ATXN3 inclusions.
C-C motif chemokine 7,Fms-related tyrosine kinase 3 ligand,unknown,C-C motif chemokine 7,Fms-related tyrosine kinase 3 ligand,26141599,"In the absence of co-immunostaining with ATXN3, it is difficult to know whether UBQLN2-positive inclusions detected by immunohistochemistry in cell systems or human tissue reflect ATXN3 aggregates."
C-C motif chemokine 7,Lymphotoxin-alpha,unknown,C-C motif chemokine 7,Lymphotoxin-alpha,26141599,"In the absence of co-immunostaining with ATXN3, it is difficult to know whether UBQLN2-positive inclusions detected by immunohistochemistry in cell systems or human tissue reflect ATXN3 aggregates."
Fms-related tyrosine kinase 3 ligand,Lymphotoxin-alpha,unknown,Fms-related tyrosine kinase 3 ligand,Lymphotoxin-alpha,26141599,"In the absence of co-immunostaining with ATXN3, it is difficult to know whether UBQLN2-positive inclusions detected by immunohistochemistry in cell systems or human tissue reflect ATXN3 aggregates."
C-C motif chemokine 7,Lymphotoxin-alpha,unknown,C-C motif chemokine 7,Lymphotoxin-alpha,11959842,"p107/p130 deficiency triggered a dramatic loss of E2F4 nuclear localization as well as transcriptional derepression, which is suggested by nucleosome mapping studies to be the result of localized hyperacetylation of nucleosomes proximal to E2F-binding sites."
C-C motif chemokine 7,Macrophage metalloelastase,unknown,C-C motif chemokine 7,Macrophage metalloelastase,10958785,"These studies reveal mechanisms for protease recognition and control of cell surface proteins, and, for ephrin-A2, they may provide a means for efficient axon detachment and termination of signaling."
C-X-C motif chemokine 9,Lymphotoxin-alpha,unknown,C-X-C motif chemokine 9,Lymphotoxin-alpha,20610629,These results also suggest that GlcNAcylation might be a potential target for the diagnosis and therapy of breast cancer.
C-C motif chemokine 7,Lymphotoxin-alpha,unknown,C-C motif chemokine 7,Lymphotoxin-alpha,16906147,Protein modification by SUMO (small ubiquitin-like modifier) is an important regulatory mechanism for multiple cellular processes.
C-X-C motif chemokine 9,Fms-related tyrosine kinase 3 ligand,unknown,C-X-C motif chemokine 9,Fms-related tyrosine kinase 3 ligand,19026781,These results might reflect subfunctionalization of a PcG protein during evolution.
C-X-C motif chemokine 9,Lymphotoxin-alpha,unknown,C-X-C motif chemokine 9,Lymphotoxin-alpha,19026781,These results might reflect subfunctionalization of a PcG protein during evolution.
Fms-related tyrosine kinase 3 ligand,Lymphotoxin-alpha,unknown,Fms-related tyrosine kinase 3 ligand,Lymphotoxin-alpha,19026781,These results might reflect subfunctionalization of a PcG protein during evolution.
C-C motif chemokine 7,Lymphotoxin-alpha,inhibits,C-C motif chemokine 7,Lymphotoxin-alpha,18617892,"The results show that basal SUMO modification is required for stimuli-induced p100 phosphorylation and that blocking SUMOylation of p100, either by site-directed mutation or by short interfering RNA-targeted diminution of E2 SUMO-conjugating enzyme Ubc9, inhibits various physiological stimuli-induced p100 processing and ultimate activation of the alternative NF-kappaB pathway."
C-C motif chemokine 7,Lymphotoxin-alpha,binds,C-C motif chemokine 7,Lymphotoxin-alpha,18406180,It is expressed at high levels throughout myeloid differentiation and binds to the promoters of multiple myeloid-specific genes at different stages of myeloid maturation.
C-C motif chemokine 7,Lymphotoxin-alpha,unknown,C-C motif chemokine 7,Lymphotoxin-alpha,23538446,"However, the profile of S and G2/M phases of the cell cycle was not significantly altered when RASSF5A coexpressed with Itch (Supplementary Figures S8A, B and C)."
C-C motif chemokine 7,Lymphotoxin-alpha,unknown,C-C motif chemokine 7,Lymphotoxin-alpha,23538446,The specificity of regulation was further confirmed by the fact that Itch failed to alter the G1 cell cycle pattern as well as apoptosis when it is overexpressed with RASSF5AY24A (defective for Itch interaction)(Figures 6a and b).
C-X-C motif chemokine 9,Lymphotoxin-alpha,unknown,C-X-C motif chemokine 9,Lymphotoxin-alpha,12369018,Mutations in the O-mannosyltransferase gene POMT1 give rise to the severe neuronal migration disorder Walker-Warburg syndrome.
Fms-related tyrosine kinase 3 ligand,Lymphotoxin-alpha,unknown,Fms-related tyrosine kinase 3 ligand,Lymphotoxin-alpha,17283187,"Although human and mouse forms of GzmB exhibit extensive homology, these proteases diverge at residues predicted to influence substrate binding."
Interleukin-6,Lymphotoxin-alpha,unknown,Interleukin-6,Lymphotoxin-alpha,1628823,"Exposure of cells to a heat shock temperature of 42 degrees C results in transient activation of HSF; its DNA-binding activity increases rapidly, plateaus, and attenuates, during which the intracellular levels of hsp70 increase."
Interleukin-6,Lymphotoxin-alpha,unknown,Interleukin-6,Lymphotoxin-alpha,1628823,Addition of ATP and other hydrolyzable nucleotides results in the dissociation of hsp70 from HSF while nonhydrolyzable nucleotide analogs do not disrupt the complex.
C-X-C motif chemokine 9,Lymphotoxin-alpha,unknown,C-X-C motif chemokine 9,Lymphotoxin-alpha,22009753,"Although the accumulation of LAPTM5 protein might occur at the post-translational level, the molecular mechanism has been unclear."
C-C motif chemokine 7,Lymphotoxin-alpha,unknown,C-C motif chemokine 7,Lymphotoxin-alpha,27264673,Three individuals had feeding difficulties requiring feeding tubes.
C-C motif chemokine 7,Interleukin-2,unknown,C-C motif chemokine 7,Interleukin-2,8098618,"To dissect the molecular basis for the unusually persistent transcription of the IL-2R alpha gene, we analyzed nuclear NF-kappa B binding to a radiolabeled IL-2R alpha kappa B-specific oligonucleotide probe during the time course of CD2 + CD28 activation."
C-C motif chemokine 7,Interleukin-2,unknown,C-C motif chemokine 7,Interleukin-2,8098618,"Finally, micromolar amounts of pyrrolidine dithiocarbamate, an oxygen radical scavenger that efficiently blocked the nuclear appearance of NF-kappa B in T-lymphocytes, also inhibited IL-2 secretion, IL-2R alpha cell surface expression, and T-cell proliferation."
Granulocyte-macrophage colony-stimulating factor,Interleukin-17F,unknown,Granulocyte-macrophage colony-stimulating factor,Interleukin-17F,7605990,"Positive and negative regulation of granulocyte-macrophage colony-stimulating factor promoter activity by AML1-related transcription factor, PEBP2."
Granulocyte-macrophage colony-stimulating factor,Macrophage colony-stimulating factor 1,unknown,Granulocyte-macrophage colony-stimulating factor,Macrophage colony-stimulating factor 1,7605990,"The granulocyte-macrophage colony-stimulating factor (GM-CSF) gene promoter contains a consensus sequence for the polyomavirus enhancer binding-protein 2 (PEBP2) transcription factor, which consists of alpha and beta subunits."
Granulocyte-macrophage colony-stimulating factor,Macrophage colony-stimulating factor 1,unknown,Granulocyte-macrophage colony-stimulating factor,Macrophage colony-stimulating factor 1,7605990,We examined alpha A1 (an alpha A-gene product) and alpha B1 and alpha B2 (two alpha B-encoded isomers) for their effects on the GM-CSF promoter.
Granulocyte-macrophage colony-stimulating factor,Macrophage colony-stimulating factor 1,unknown,Granulocyte-macrophage colony-stimulating factor,Macrophage colony-stimulating factor 1,7605990,"PEBP2 alpha A1, alpha B1, and alpha B2 proteins bound the PEBP2 site within the mouse GM-CSF promoter."
Granulocyte-macrophage colony-stimulating factor,Macrophage colony-stimulating factor 1,unknown,Granulocyte-macrophage colony-stimulating factor,Macrophage colony-stimulating factor 1,7605990,PEBP2 alpha A1 and alpha B1 enhanced the expression of the GM-CSF promoter-driven reporter plasmid in unstimulated and 12-O-tetradecanoylphorbol 13-acetate/phytohemagglutinin-stimulated human Jurkat T cells.
Granulocyte-macrophage colony-stimulating factor,Lymphotoxin-alpha,unknown,Granulocyte-macrophage colony-stimulating factor,Lymphotoxin-alpha,7605990,"Although further studies are required to determine the precise role of PEBP2 in the GM-CSF promoter activity, the present findings suggested the importance of the relative ratio of different PEBP2 isoforms in regulating the levels of the promoter activity."
Granulocyte-macrophage colony-stimulating factor,Macrophage colony-stimulating factor 1,unknown,Granulocyte-macrophage colony-stimulating factor,Macrophage colony-stimulating factor 1,7605990,"Although further studies are required to determine the precise role of PEBP2 in the GM-CSF promoter activity, the present findings suggested the importance of the relative ratio of different PEBP2 isoforms in regulating the levels of the promoter activity."
Lymphotoxin-alpha,Macrophage colony-stimulating factor 1,unknown,Lymphotoxin-alpha,Macrophage colony-stimulating factor 1,7605990,"Although further studies are required to determine the precise role of PEBP2 in the GM-CSF promoter activity, the present findings suggested the importance of the relative ratio of different PEBP2 isoforms in regulating the levels of the promoter activity."
C-C motif chemokine 7,Lymphotoxin-alpha,unknown,C-C motif chemokine 7,Lymphotoxin-alpha,25686494,"vps901 deletion mutant (Deltavps901) cells exhibited a phenotype deficient in the mating process and responses to high concentrations of ions, such as calcium and metals, and Deltavps901Deltavps902 double mutant cells exhibited round cell shapes similar to ypt5-909 (Rab5 mutant allele) cells."
C-C motif chemokine 7,Fms-related tyrosine kinase 3 ligand,unknown,C-C motif chemokine 7,Fms-related tyrosine kinase 3 ligand,2244873,"In pulse-chase experiments, the pattern of loss of the incorporated fatty acid was similar to that of the protein itself, and therefore the loss of radioactivity probably reflects protein degradation rather than specific de-acylation of the protein."
C-C motif chemokine 7,Lymphotoxin-alpha,unknown,C-C motif chemokine 7,Lymphotoxin-alpha,2244873,"Together, these results suggest that there is a pool of unacylated MARCKS protein in the rat brain."
C-C motif chemokine 7,Lymphotoxin-alpha,inhibits,C-C motif chemokine 7,Lymphotoxin-alpha,23772394,"We show that while the expression of wild-type Kir2.1 channel inhibits the growth of B31 cells in high K(+) media, the human disease-causing mutations of Kir2.1 that abolish K(+) conduction (V302M) or surface trafficking (Delta314/315) fully restores the growth."
C-C motif chemokine 7,Lymphotoxin-alpha,regulates,C-C motif chemokine 7,Lymphotoxin-alpha,23772394,"These results demonstrate the potential of B31 yeast strain as a unique biological tool to screen the random peptide libraries for novel sequence signals that down-regulate surface expression of membrane proteins, as well as to systematically identify the structural determinants for cell surface trafficking and/or ion conductance of K(+) channels."
C-C motif chemokine 7,Lymphotoxin-alpha,unknown,C-C motif chemokine 7,Lymphotoxin-alpha,26251176,"RESULTS: Human ECHS1 catalyses the hydration of five substrates via different metabolic pathways, with the highest specificity for crotonyl-CoA and the lowest specificity for tiglyl-CoA."
C-C motif chemokine 7,Lymphotoxin-alpha,unknown,C-C motif chemokine 7,Lymphotoxin-alpha,23437046,"KATs such as Gcn5 and p300/CBP can modify multiple residues on a single histone; however, order and specificity of acetylation can be altered by factors such as histone chaperones, subunit proteins or external stimulus."
C-C motif chemokine 7,Lymphotoxin-alpha,unknown,C-C motif chemokine 7,Lymphotoxin-alpha,23437046,"While the importance of acetylation is well documented, it has been difficult to quantitatively measure the specificity and selectivity of acetylation at different residues within a histone."
C-C motif chemokine 7,Lymphotoxin-alpha,unknown,C-C motif chemokine 7,Lymphotoxin-alpha,23437046,These data provide a first look at quantitating the specificity and selectivity of multiple lysines on a single substrate (H3) by Gcn5.
C-C motif chemokine 7,Lymphotoxin-alpha,unknown,C-C motif chemokine 7,Lymphotoxin-alpha,18287095,These results point to a mechanistically novel function of ISG15 in the enhancement of the innate anti-viral response through specific inhibition of Nedd4 Ub-E3 activity.
Fms-related tyrosine kinase 3 ligand,Lymphotoxin-alpha,unknown,Fms-related tyrosine kinase 3 ligand,Lymphotoxin-alpha,26996158,"Aberrant RIG-I activity leads to severe pathological states such as autosomal dominant multi-system disorder, inflammatory myophathies and dermatomyositis."
C-C motif chemokine 7,Lymphotoxin-alpha,unknown,C-C motif chemokine 7,Lymphotoxin-alpha,9356494,These results indicate that LMP1 appropriates TRADD to enable efficient long-term lymphoblastoid cell outgrowth.
C-C motif chemokine 7,Fms-related tyrosine kinase 3 ligand,unknown,C-C motif chemokine 7,Fms-related tyrosine kinase 3 ligand,21862668,"In this study, we characterized the high chlorophyll fluorescence243 (hcf243) mutant of Arabidopsis (Arabidopsis thaliana), which shows higher chlorophyll fluorescence and is severely deficient in the accumulation of PSII supercomplexes compared with the wild type."
Fms-related tyrosine kinase 3 ligand,Lymphotoxin-alpha,unknown,Fms-related tyrosine kinase 3 ligand,Lymphotoxin-alpha,18701287,"Moreover, in the sporulating cultures used for such experiments, 25-30% of cells did not sporulate, based on the fraction of the total cells counted (n = 200 per experiment) that lacked evidence of spore formation visible by transmitted light microscopy or lacked detectable Spr3-GFP fluorescence (data not shown)."
C-C motif chemokine 7,Lymphotoxin-alpha,unknown,C-C motif chemokine 7,Lymphotoxin-alpha,18248821,Purification of the peptide by RP-HPLC results in >98% pure preparations.
C-C motif chemokine 7,Fms-related tyrosine kinase 3 ligand,unknown,C-C motif chemokine 7,Fms-related tyrosine kinase 3 ligand,18248821,"The strategy can also be adopted for many other purposes, especially if small peptides are needed at either large amounts or with specific features like isotope, affinity or fluorescent labels."
C-C motif chemokine 7,Lymphotoxin-alpha,unknown,C-C motif chemokine 7,Lymphotoxin-alpha,15314162,"Although the ubiquitin-proteasome pathway has been established as one mechanism of inactivating Smad4 in cancer, the specific ubiquitin E3 ligase for ubiquitination-mediated proteolysis of Smad4 cancer mutants remains unclear."
C-C motif chemokine 7,Lymphotoxin-alpha,unknown,C-C motif chemokine 7,Lymphotoxin-alpha,18534984,Hhat is a palmitoylacyltransferase with specificity for N-palmitoylation of Sonic Hedgehog.
C-X-C motif chemokine 9,Lymphotoxin-alpha,unknown,C-X-C motif chemokine 9,Lymphotoxin-alpha,23212305,Shutdown of both L1 expression and FGFR activity in glioma cells resulted in a complete termination of cell migration in vitro.
Fms-related tyrosine kinase 3 ligand,Tumor necrosis factor,unknown,Fms-related tyrosine kinase 3 ligand,Tumor necrosis factor,12486103,"While coexpression of ASC with certain PAAD-family proteins such as Pyrin and Cryopyrin increases NF-kappaB activity, ASC has an inhibitory influence on NF-kappaB activation by various proinflammatory stimuli, including tumor necrosis factor (TNF)alpha, interleukin 1beta, and lipopolysaccharide (LPS)."
C-C motif chemokine 7,Lymphotoxin-alpha,unknown,C-C motif chemokine 7,Lymphotoxin-alpha,18348865,"Thus, the choice between modification of PLZF by SUMO or ubiquitin was determined by the intracellular level of ROS, which was generated by serum deprivation that inactivated the SUMO-conjugating enzymes Uba2 and Ubc9, and resulted in decrease of sumoylation."
C-C motif chemokine 7,Lymphotoxin-alpha,unknown,C-C motif chemokine 7,Lymphotoxin-alpha,18348865,"On the basis of these results, we propose that PLZF post-translational modification is controlled by intracellular ROS, and the biological function of PLZF is regulated by sumoylation and ubiquitination."
C-C motif chemokine 7,Lymphotoxin-alpha,unknown,C-C motif chemokine 7,Lymphotoxin-alpha,21074048,"Although this modification has been shown to be reversible, little is known about the enzymes catalyzing deglutamylation."
C-C motif chemokine 7,Macrophage metalloelastase,unknown,C-C motif chemokine 7,Macrophage metalloelastase,15458640,The Wnt-1 homolog Wingless (Wg) is a key player in the establishment of a segmentally reiterated pattern of cell type specification.
Lymphotoxin-alpha,Macrophage metalloelastase,unknown,Lymphotoxin-alpha,Macrophage metalloelastase,15458640,"Loss of mid and H15 results in the symmetric outcome of Hh signaling: the establishment of wg domains anterior and posterior to the signaling source predominantly, but not exclusively, in odd-numbered segments."
Lymphotoxin-alpha,Macrophage metalloelastase,unknown,Lymphotoxin-alpha,Macrophage metalloelastase,15458640,"Furthermore, we show that loss of mid and H15 results in an anterior expansion of the expression of serrate (ser) in every segment, representing a second instance of target gene repression downstream of Hh signaling in the establishment of segment polarity."
C-C motif chemokine 7,Lymphotoxin-alpha,unknown,C-C motif chemokine 7,Lymphotoxin-alpha,19509293,"Although the cellular role of PRMT6 is not well understood, it has been implicated in human immunodeficiency virus pathogenesis, DNA repair, and transcriptional regulation."
C-C motif chemokine 7,C-X-C motif chemokine 9,unknown,C-C motif chemokine 7,C-X-C motif chemokine 9,19509293,"Moreover, we show that PRMT6-deficient U2OS cells exhibited cell migration defects that were rescued by blocking the secreted TSP-1 with a neutralizing peptide or blocking alpha-TSP-1 antibody."
C-C motif chemokine 7,Fms-related tyrosine kinase 3 ligand,unknown,C-C motif chemokine 7,Fms-related tyrosine kinase 3 ligand,18161731,Covalent modifications of proteins by endogenous reactive nitrogen oxide species lead to cytotoxic effects that are implicated in diseases associated with chronic infections and inflammation.
C-C motif chemokine 7,Lymphotoxin-alpha,unknown,C-C motif chemokine 7,Lymphotoxin-alpha,18716620,"Thus, our results delineate a previously unknown PML-DAXX-HAUSP molecular network controlling PTEN deubiquitinylation and trafficking, which is perturbed by oncogenic cues in human cancer, in turn defining a new deubiquitinylation-dependent model for PTEN subcellular compartmentalization."
Interleukin-13,Interleukin-15,unknown,Interleukin-13,Interleukin-15,9159166,"The IL-4 receptor (IL-4R) in B cells is composed of two chains, the IL-4-binding IL-4Ralpha chain, which is shared with the IL-13R, and the IL-2Rgamma (gammac) chain, which is shared with IL-7R, IL-9R, and IL-15R."
Interleukin-13,Interleukin-2,unknown,Interleukin-13,Interleukin-2,9159166,"The IL-4 receptor (IL-4R) in B cells is composed of two chains, the IL-4-binding IL-4Ralpha chain, which is shared with the IL-13R, and the IL-2Rgamma (gammac) chain, which is shared with IL-7R, IL-9R, and IL-15R."
Interleukin-13,Interleukin-4,unknown,Interleukin-13,Interleukin-4,9159166,"The IL-4 receptor (IL-4R) in B cells is composed of two chains, the IL-4-binding IL-4Ralpha chain, which is shared with the IL-13R, and the IL-2Rgamma (gammac) chain, which is shared with IL-7R, IL-9R, and IL-15R."
Interleukin-13,Interleukin-7,unknown,Interleukin-13,Interleukin-7,9159166,"The IL-4 receptor (IL-4R) in B cells is composed of two chains, the IL-4-binding IL-4Ralpha chain, which is shared with the IL-13R, and the IL-2Rgamma (gammac) chain, which is shared with IL-7R, IL-9R, and IL-15R."
Interleukin-15,Interleukin-2,unknown,Interleukin-15,Interleukin-2,9159166,"The IL-4 receptor (IL-4R) in B cells is composed of two chains, the IL-4-binding IL-4Ralpha chain, which is shared with the IL-13R, and the IL-2Rgamma (gammac) chain, which is shared with IL-7R, IL-9R, and IL-15R."
Interleukin-15,Interleukin-4,unknown,Interleukin-15,Interleukin-4,9159166,"The IL-4 receptor (IL-4R) in B cells is composed of two chains, the IL-4-binding IL-4Ralpha chain, which is shared with the IL-13R, and the IL-2Rgamma (gammac) chain, which is shared with IL-7R, IL-9R, and IL-15R."
Interleukin-15,Interleukin-7,unknown,Interleukin-15,Interleukin-7,9159166,"The IL-4 receptor (IL-4R) in B cells is composed of two chains, the IL-4-binding IL-4Ralpha chain, which is shared with the IL-13R, and the IL-2Rgamma (gammac) chain, which is shared with IL-7R, IL-9R, and IL-15R."
Interleukin-2,Interleukin-4,unknown,Interleukin-2,Interleukin-4,9159166,"The IL-4 receptor (IL-4R) in B cells is composed of two chains, the IL-4-binding IL-4Ralpha chain, which is shared with the IL-13R, and the IL-2Rgamma (gammac) chain, which is shared with IL-7R, IL-9R, and IL-15R."
Interleukin-2,Interleukin-7,unknown,Interleukin-2,Interleukin-7,9159166,"The IL-4 receptor (IL-4R) in B cells is composed of two chains, the IL-4-binding IL-4Ralpha chain, which is shared with the IL-13R, and the IL-2Rgamma (gammac) chain, which is shared with IL-7R, IL-9R, and IL-15R."
Interleukin-4,Interleukin-7,unknown,Interleukin-4,Interleukin-7,9159166,"The IL-4 receptor (IL-4R) in B cells is composed of two chains, the IL-4-binding IL-4Ralpha chain, which is shared with the IL-13R, and the IL-2Rgamma (gammac) chain, which is shared with IL-7R, IL-9R, and IL-15R."
C-C motif chemokine 7,Interleukin-4,activates,C-C motif chemokine 7,Interleukin-4,9159166,IL-4 induces Cepsilon germline transcripts and IgE isotype switching in B cells from patients with gammac chain deficiency.
Interleukin-13,Interleukin-4,unknown,Interleukin-13,Interleukin-4,9159166,Induction of Cepsilon germline transcripts by IL-4 in B cells that lack the gammac chain may involve signaling via the IL-13R.
Interleukin-4,Lymphotoxin-alpha,unknown,Interleukin-4,Lymphotoxin-alpha,9159166,"Alternatively, the IL-4Ralpha chain may transduce intracellular signals that lead to Cepsilon gene transcription independently of its association with other chains."
C-C motif chemokine 7,Interleukin-4,unknown,C-C motif chemokine 7,Interleukin-4,9159166,These results suggest that homodimerization of the IL-4Ralpha chain is sufficient to transduce Jak1-dependent intracellular signals that lead to IgE isotype switching.
C-C motif chemokine 7,Lymphotoxin-alpha,unknown,C-C motif chemokine 7,Lymphotoxin-alpha,9159166,These results suggest that homodimerization of the IL-4Ralpha chain is sufficient to transduce Jak1-dependent intracellular signals that lead to IgE isotype switching.
Interleukin-4,Lymphotoxin-alpha,unknown,Interleukin-4,Lymphotoxin-alpha,9159166,These results suggest that homodimerization of the IL-4Ralpha chain is sufficient to transduce Jak1-dependent intracellular signals that lead to IgE isotype switching.
C-C motif chemokine 7,C-X-C motif chemokine 10,unknown,C-C motif chemokine 7,C-X-C motif chemokine 10,9164841,"After ELISA screening, mAb 18C7 was selected for its specificity towards the HBD."
C-X-C motif chemokine 10,Lymphotoxin-alpha,unknown,C-X-C motif chemokine 10,Lymphotoxin-alpha,9164841,Our results indicated that the epitope recognized by 18C7 was directly implicated in hormone binding.
Fms-related tyrosine kinase 3 ligand,Lymphotoxin-alpha,unknown,Fms-related tyrosine kinase 3 ligand,Lymphotoxin-alpha,17575052,"Flies with reduced PP1 activity exhibit a lengthened circadian period, reduced amplitude of behavioral rhythms, and an altered response to light that suggests a defect in the rising phase of clock protein expression."
C-C motif chemokine 7,Lymphotoxin-alpha,unknown,C-C motif chemokine 7,Lymphotoxin-alpha,7525288,"Native alpha 2-HS undergoes a series of posttranslational modifications including proteolytic processing, multiple N-glycosylations and O-glycosylations, and sulfation of the carbohydrate side chains."
C-C motif chemokine 7,Lymphotoxin-alpha,unknown,C-C motif chemokine 7,Lymphotoxin-alpha,7525288,Our results identify proteolytic trimming and/or phosphorylation as modifications possibly regulating the biological effects of alpha 2-HS and the homologous fetuins.
C-C motif chemokine 7,Lymphotoxin-alpha,unknown,C-C motif chemokine 7,Lymphotoxin-alpha,15107829,"These data suggest a model where association of Smad proteins with Suv39h methyltransferases can repress or silence genes involved in developmental processes, and argues that inefficient gene repression may result in the alteration of the differentiated phenotype."
C-C motif chemokine 7,Lymphotoxin-alpha,activates,C-C motif chemokine 7,Lymphotoxin-alpha,14992727,"These results suggest that menin activates the transcription of differentiation-regulating genes by covalent histone modification, and that this activity is related to tumor suppression by MEN1."
C-C motif chemokine 7,Lymphotoxin-alpha,unknown,C-C motif chemokine 7,Lymphotoxin-alpha,9751051,Identification of the critical residues involved in the interaction explains how mutations in Cdk4 and p16INK4a result in loss of kinase inhibition and cancer.
C-C motif chemokine 7,Fms-related tyrosine kinase 3 ligand,activates,C-C motif chemokine 7,Fms-related tyrosine kinase 3 ligand,11157743,"We demonstrate the novel way in which the function of the ISG15 protein is inhibited by influenza B virus, which strongly induces the ISG15 protein: a specific region of the influenza B virus NS1 protein, which includes part of its effector domain, blocks the covalent linkage of ISG15 to its target proteins both in vitro and in infected cells."
Fms-related tyrosine kinase 3 ligand,Lymphotoxin-alpha,unknown,Fms-related tyrosine kinase 3 ligand,Lymphotoxin-alpha,20346719,(G) DeltayhjH DeltafliM (pycgROE).
Fms-related tyrosine kinase 3 ligand,Lymphotoxin-alpha,unknown,Fms-related tyrosine kinase 3 ligand,Lymphotoxin-alpha,20346719,(H) DeltayhjH DeltafliG (pycgROE).
C-C motif chemokine 7,Lymphotoxin-alpha,unknown,C-C motif chemokine 7,Lymphotoxin-alpha,9193669,"A membrane-associated arginine-specific mono-ADP-ribosyltransferase was purified 215,000-fold from rabbit skeletal muscle and its gene was isolated from a skeletal muscle cDNA library."
C-C motif chemokine 7,Lymphotoxin-alpha,unknown,C-C motif chemokine 7,Lymphotoxin-alpha,15893728,"Silencing of YAP by specific siRNA impairs p300 recruitment and reduces histone acetylation on the p53AIP1 target gene, resulting in delayed or reduced apoptosis mediated by p73."
C-C motif chemokine 7,Lymphotoxin-alpha,unknown,C-C motif chemokine 7,Lymphotoxin-alpha,25472718,We envision that this altered property leads to the different efficacy of suppression towards ndc80-NH12.
C-C motif chemokine 7,Interleukin-2,unknown,C-C motif chemokine 7,Interleukin-2,9160887,Analysis of these PBLs revealed that activation of the NF-kappaB pathway is sufficient to promote the growth response to IL-2.
C-C motif chemokine 7,Fms-related tyrosine kinase 3 ligand,unknown,C-C motif chemokine 7,Fms-related tyrosine kinase 3 ligand,19956733,"The specific delay in follicle differentiation is associated with attenuated anagen propagation and is reflected by decreased levels of Lef1, nuclear beta-catenin, and Foxn1 in hair shaft progenitors."
C-C motif chemokine 7,Lymphotoxin-alpha,unknown,C-C motif chemokine 7,Lymphotoxin-alpha,15225555,"In Arabidopsis protoplasts, MKK2 was specifically activated by cold and salt stress and by the stress-induced MAPK kinase kinase MEKK1."
C-C motif chemokine 7,Lymphotoxin-alpha,unknown,C-C motif chemokine 7,Lymphotoxin-alpha,21508930,"To identify the role of the histone acetyltransferase (HAT) CREB-binding protein (CBP) in neurons of the CA1 region of the hippocampus during memory formation, we examine the effects of a focal homozygous knockout of CBP on histone modifications, gene expression, synaptic plasticity, and long-term memory."
C-C motif chemokine 7,Lymphotoxin-alpha,unknown,C-C motif chemokine 7,Lymphotoxin-alpha,21508930,"Together, these results suggest a necessary role for specific chromatin modifications, selectively mediated by CBP in the consolidation of memories."
C-C motif chemokine 7,Lymphotoxin-alpha,unknown,C-C motif chemokine 7,Lymphotoxin-alpha,15362974,"Termed SAKS1 (SAPK substrate-1), it was phosphorylated efficiently at Ser200 in vitro by SAPK3/p38gamma, SAPK4/p38delta and JNK (c-Jun N-terminal kinase), but weakly by SAPK2a/p38alpha, SAPK2b/p38beta2 or ERK (extracellular-signal-regulated kinase) 2."
C-C motif chemokine 7,Fms-related tyrosine kinase 3 ligand,unknown,C-C motif chemokine 7,Fms-related tyrosine kinase 3 ligand,2999142,Indirect immunofluorescence staining with monoclonal antibodies revealed that glycoprotein E2 exhibits different antigenic properties depending on the presence and on the structure of the N-linked oligosaccharides and that efficient transport of glycoprotein E2 to the plasma membrane requires the removal of glucose residues.
C-C motif chemokine 7,Fms-related tyrosine kinase 3 ligand,unknown,C-C motif chemokine 7,Fms-related tyrosine kinase 3 ligand,16537387,"We generated transgenic flies expressing affinity-tagged PUMILIO under the control of an ovary-specific promoter, and we purified PUMILIO from whole adult flies and embryos and analyzed associated mRNAs by using DNA microarrays."
C-C motif chemokine 7,Lymphotoxin-alpha,unknown,C-C motif chemokine 7,Lymphotoxin-alpha,16537387,"We generated transgenic flies expressing affinity-tagged PUMILIO under the control of an ovary-specific promoter, and we purified PUMILIO from whole adult flies and embryos and analyzed associated mRNAs by using DNA microarrays."
Fms-related tyrosine kinase 3 ligand,Lymphotoxin-alpha,unknown,Fms-related tyrosine kinase 3 ligand,Lymphotoxin-alpha,16537387,"We generated transgenic flies expressing affinity-tagged PUMILIO under the control of an ovary-specific promoter, and we purified PUMILIO from whole adult flies and embryos and analyzed associated mRNAs by using DNA microarrays."
Fms-related tyrosine kinase 3 ligand,Lymphotoxin-alpha,unknown,Fms-related tyrosine kinase 3 ligand,Lymphotoxin-alpha,19141288,"Although the work provided valuable comparative values, as the authors comment, because the ELISA assay requires immobilization of one of the pairs, the Kd values do not necessarily reflect the Kd for binding in solution."
C-C motif chemokine 7,Lymphotoxin-alpha,unknown,C-C motif chemokine 7,Lymphotoxin-alpha,25703348,Our results suggest that germline-specific expression of SCML2 is related to its function in establishing germline-specific features.
C-C motif chemokine 7,Lymphotoxin-alpha,unknown,C-C motif chemokine 7,Lymphotoxin-alpha,8096091,Transfection studies indicate that the I kappa B alpha gene is specifically induced by the 65-kilodalton transactivating subunit of NF-kappa B.
C-X-C motif chemokine 9,Lymphotoxin-alpha,unknown,C-X-C motif chemokine 9,Lymphotoxin-alpha,12223469,"Together, our results identified a novel interaction between EphB1 with the adaptor molecule Grb7 and suggested that this interaction may play a role in the regulation of cell migration by EphB1."
C-C motif chemokine 7,Lymphotoxin-alpha,binds,C-C motif chemokine 7,Lymphotoxin-alpha,16782898,"15.5K interacts with the cognate RNAs via an induced fit mechanism, which results in the folding of the surrounding RNA to create a binding site(s) for the RNP-specific proteins."
Lymphotoxin-alpha,Macrophage metalloelastase,unknown,Lymphotoxin-alpha,Macrophage metalloelastase,24508166,"Changes in the phosphoproteome were quantified using phosphopeptide enrichment followed by nanoscale microcapillary LC-MS/MS as previously described (see Experimental Procedures, the full results of this screen will be published as a separate study)."
C-C motif chemokine 7,Lymphotoxin-alpha,unknown,C-C motif chemokine 7,Lymphotoxin-alpha,12226657,"All three modifications affect the same lysine residue of PCNA, suggesting that they label PCNA for alternative functions."
C-C motif chemokine 7,C-X-C motif chemokine 9,unknown,C-C motif chemokine 7,C-X-C motif chemokine 9,18940607,"Notably, the role of electrostatic contacts in LD recognition might differ between the two proteins: while substitutions of the conserved aspartates (D+1) of LD2 and LD4 to alanine were found to abolish the interaction of N-terminal paxillin fragments with FAT, our study and others show that the equivalent substitutions in the isolated LD1 peptides do not significantly perturb alpha-parvin-CHC binding in vitro."
Fms-related tyrosine kinase 3 ligand,Lymphotoxin-alpha,unknown,Fms-related tyrosine kinase 3 ligand,Lymphotoxin-alpha,28077790,FLT3 mutations lead to constitutive activation by two different mechanisms: ITD mutations that relieve the negative regulatory influence of the juxtamembrane domain on the catalytic domain and the AL mutants that directly destabilize the activation loop.
C-C motif chemokine 7,Fms-related tyrosine kinase 3 ligand,unknown,C-C motif chemokine 7,Fms-related tyrosine kinase 3 ligand,28077790,"There are suggestions that FLT3 TKI also fall into the category of type I or type II inhibitors, but the biological data from this study argue that this categorization, while technically accurate, is likely an oversimplification."
C-C motif chemokine 7,Lymphotoxin-alpha,unknown,C-C motif chemokine 7,Lymphotoxin-alpha,28077790,"There are suggestions that FLT3 TKI also fall into the category of type I or type II inhibitors, but the biological data from this study argue that this categorization, while technically accurate, is likely an oversimplification."
Fms-related tyrosine kinase 3 ligand,Lymphotoxin-alpha,unknown,Fms-related tyrosine kinase 3 ligand,Lymphotoxin-alpha,28077790,"There are suggestions that FLT3 TKI also fall into the category of type I or type II inhibitors, but the biological data from this study argue that this categorization, while technically accurate, is likely an oversimplification."
Fms-related tyrosine kinase 3 ligand,Lymphotoxin-alpha,unknown,Fms-related tyrosine kinase 3 ligand,Lymphotoxin-alpha,28077790,Midostaurin (and lestaurtinib) is thought to be a type I inhibitor whereas sorafenib and many other FLT3 TKI are thought to belong to the type II class.
Fms-related tyrosine kinase 3 ligand,Lymphotoxin-alpha,inhibits,Fms-related tyrosine kinase 3 ligand,Lymphotoxin-alpha,28077790,"Since all FLT3 TKI inhibit ITD mutations but display variable activity against kinase domain mutants, the assertion that type II FLT3 TKI are ineffective against some AL mutations because the kinase is shifted toward the active conformation seems inadequate as it should then hold true for all FLT3 AL mutations."
C-C motif chemokine 7,Fms-related tyrosine kinase 3 ligand,unknown,C-C motif chemokine 7,Fms-related tyrosine kinase 3 ligand,28077790,"Instead, it is more probable that the activation loop of specific FLT3 AL mutants adopts a conformation that prohibits the DFG residues from forming hydrogen bonds that are characteristic of binding with type II inhibitors, thereby reducing drug affinity."
C-C motif chemokine 7,Lymphotoxin-alpha,unknown,C-C motif chemokine 7,Lymphotoxin-alpha,28077790,"Instead, it is more probable that the activation loop of specific FLT3 AL mutants adopts a conformation that prohibits the DFG residues from forming hydrogen bonds that are characteristic of binding with type II inhibitors, thereby reducing drug affinity."
Fms-related tyrosine kinase 3 ligand,Lymphotoxin-alpha,unknown,Fms-related tyrosine kinase 3 ligand,Lymphotoxin-alpha,28077790,"Instead, it is more probable that the activation loop of specific FLT3 AL mutants adopts a conformation that prohibits the DFG residues from forming hydrogen bonds that are characteristic of binding with type II inhibitors, thereby reducing drug affinity."
Fms-related tyrosine kinase 3 ligand,Lymphotoxin-alpha,binds,Fms-related tyrosine kinase 3 ligand,Lymphotoxin-alpha,28077790,"Almost certainly, different substitutions on the activation loop will have varying effects on the position of the DFG residues with subsequently varying effects on the ability of type II FLT3 TKI to tightly bind these mutants."
C-X-C motif chemokine 9,Fms-related tyrosine kinase 3 ligand,unknown,C-X-C motif chemokine 9,Fms-related tyrosine kinase 3 ligand,28077790,An alternative explanation as to why type II inhibitors might not be effective against FLT3 AL mutants could be that some FLT3 AL mutations don't fully transition to the inactive conformation seen in the autoinhibited form where the activation loop is completely folded between the N and C kinase lobes.
C-X-C motif chemokine 9,Lymphotoxin-alpha,unknown,C-X-C motif chemokine 9,Lymphotoxin-alpha,28077790,An alternative explanation as to why type II inhibitors might not be effective against FLT3 AL mutants could be that some FLT3 AL mutations don't fully transition to the inactive conformation seen in the autoinhibited form where the activation loop is completely folded between the N and C kinase lobes.
Fms-related tyrosine kinase 3 ligand,Lymphotoxin-alpha,unknown,Fms-related tyrosine kinase 3 ligand,Lymphotoxin-alpha,28077790,An alternative explanation as to why type II inhibitors might not be effective against FLT3 AL mutants could be that some FLT3 AL mutations don't fully transition to the inactive conformation seen in the autoinhibited form where the activation loop is completely folded between the N and C kinase lobes.
C-C motif chemokine 3,C-C motif chemokine 7,unknown,C-C motif chemokine 3,C-C motif chemokine 7,21339334,"15 microg of soluble GPC5-AP fusion protein, which was purified from the conditioned medium of GPC5-AP-transfected 293T cells, was biotinylated with EZ-Link Sulfo-NHS-LC-Biotin reagent (Thermo Fisher Scientific), and one third of the biotinylated GPC5-AP was treated with HSase II and CSase ABC in the presence of protease inhibitors to remove GAG chains."
Fms-related tyrosine kinase 3 ligand,Lymphotoxin-alpha,unknown,Fms-related tyrosine kinase 3 ligand,Lymphotoxin-alpha,21339334,"Glycanated and nonglycanated GPC5-AP were individually immobilized (1,000 response units) in flow cells 2 and 3 on a sensorchip (SA; GE Healthcare)."
C-C motif chemokine 7,Fms-related tyrosine kinase 3 ligand,unknown,C-C motif chemokine 7,Fms-related tyrosine kinase 3 ligand,21339334,A similar amount of biotinylated AP was immobilized in flow cell 1 to use as a correction reference for nonspecific binding.
Fms-related tyrosine kinase 3 ligand,Lymphotoxin-alpha,unknown,Fms-related tyrosine kinase 3 ligand,Lymphotoxin-alpha,21339334,"The indicated concentrations of ShhN (R&D Systems) in running buffer HBS-EP (10-mM Hepes, pH 7.4, 150-mM NaCl, 3-mM EDTA, and 0.005% surfactant P20; GE Healthcare) were injected over flow cells at 30 ml/min for 90 s at 25degreesC."
C-X-C motif chemokine 9,Tumor necrosis factor ligand superfamily member 10,unknown,C-X-C motif chemokine 9,Tumor necrosis factor ligand superfamily member 10,24369422,"Our motif search at the peak centre of the L3MBTL2-binding sites did not detect a strong association with E2F6-binding sites but with the E-box (CACGTG), which might indicate recruitment of L3MBTL2 through binding of MGA/MAX to DNA."
C-C motif chemokine 7,Lymphotoxin-alpha,unknown,C-C motif chemokine 7,Lymphotoxin-alpha,22118466,"The work presented here raises the possibility that such effects are related to CALM's ability to directly drive the endocytosis of the small R-SNAREs VAMP8, VAMP3, and VAMP2, since failure to correctly transport these small R-SNARE VAMPs to early endosomes as a result of a reduction in CALM levels would perturb subsequent trafficking of a wide variety of proteins through the endocytic pathway."
C-C motif chemokine 7,Lymphotoxin-alpha,unknown,C-C motif chemokine 7,Lymphotoxin-alpha,22118466,"In the case of Alzheimer's especially it appears that any alterations in vesicle trafficking give rise to increased levels of Abeta production, presumably by modifying the localization of Amyloid Precursor Protein (APP) or that of its processing proteases (alpha-, beta-, and gamma secretases)."
C-X-C motif chemokine 9,Lymphotoxin-alpha,unknown,C-X-C motif chemokine 9,Lymphotoxin-alpha,10427092,"Consistent with the prediction that this residual directional component of migration would be FAK-dependent, transfection by the FAK dominant negative construct termed FRNK or by dominant negative Cas resulted in inhibition of migration (Fig."
C-C motif chemokine 7,C-X-C motif chemokine 9,unknown,C-C motif chemokine 7,C-X-C motif chemokine 9,10427092,"Moreover, overexpression of FRNK or dominant negative Cas also substantially reduced the directionality of migration, as indicated by a decrease in D/T ratios, which was also significant at the P < 0.0001 level."
C-C motif chemokine 7,Lymphotoxin-alpha,unknown,C-C motif chemokine 7,Lymphotoxin-alpha,18417536,"Although these sites were sufficient to cooperatively drive lacZ expression in r4 from distinct reporter constructs electroporated in the chick neural tube, their presence was not sufficient to support gene stimulation when we deleted the HRE site from the 1.25-kb region (Figure 6H)."
C-C motif chemokine 7,Fms-related tyrosine kinase 3 ligand,unknown,C-C motif chemokine 7,Fms-related tyrosine kinase 3 ligand,21525241,(E) Quantification of collagen VII immunofluorescence signal per cell in HSC-1 cells (A.U.).
C-C motif chemokine 3,C-C motif chemokine 7,unknown,C-C motif chemokine 3,C-C motif chemokine 7,20581824,Structure figures were generated with PyMol from Delano Scientific (www.pymol.org).
C-X-C motif chemokine 9,Lymphotoxin-alpha,unknown,C-X-C motif chemokine 9,Lymphotoxin-alpha,28515143,We reasoned that a free pool of CycC and Cdk8 might affect cell cycle progression by interacting with alternative cyclins and Cdks.
C-C motif chemokine 7,Fms-related tyrosine kinase 3 ligand,unknown,C-C motif chemokine 7,Fms-related tyrosine kinase 3 ligand,22024395,These efforts will be significantly enhanced if chromatinized templates are used to better reflect the in vivo situation.
C-C motif chemokine 7,Lymphotoxin-alpha,unknown,C-C motif chemokine 7,Lymphotoxin-alpha,23247405,"Supporting this possibility, mutation of the HOPS complex subunit Vps33a results in deficient melanosome biogenesis in the buff mouse."
C-C motif chemokine 7,Lymphotoxin-alpha,unknown,C-C motif chemokine 7,Lymphotoxin-alpha,18180368,"The results raise the obvious question ""why use more than one motor?"" We hypothesize that heterotrimeric kinesin-2 and cytoplasmic dynein 1b are core IFT motors that assemble and maintain the cilium foundation, whereas the other ciliary kinesins (e.g., OSM-3) are accessory motors that confer cilia-specific functions."
C-C motif chemokine 7,Fms-related tyrosine kinase 3 ligand,unknown,C-C motif chemokine 7,Fms-related tyrosine kinase 3 ligand,23247405,"Confocal immunofluorescence microscopy experiments show that a significant percentage of structures labeled with endogenous AP-1, AP-3 and BLOC-2 co-localize with endogenous Rab32 and Rab38 in many locations throughout MNT-1 melanocytes."
C-C motif chemokine 7,Lymphotoxin-alpha,unknown,C-C motif chemokine 7,Lymphotoxin-alpha,23247405,"These results indicate that Rab32 and Rab38 operate in the same pathways previously defined for AP-1, AP-3 and BLOC-2 and suggest they are the specific proteins that divert AP-1, AP-3 and BLOC-2-dependent cargoes to maturing melanosomes and away from lysosomes."
C-C motif chemokine 7,Lymphotoxin-alpha,unknown,C-C motif chemokine 7,Lymphotoxin-alpha,24585635,"Although it has been shown that the ERK3 knockout mice display neonatal lethality mainly due to pulmonary immaturity, the functions of ERK3 in specific tissues and physiological processes are still largely unknown."
C-X-C motif chemokine 9,Lymphotoxin-alpha,unknown,C-X-C motif chemokine 9,Lymphotoxin-alpha,21386983,"Alternatively, beta-Syn might out-compete alpha-Syn for copper due to increased expression."
C-C motif chemokine 7,Lymphotoxin-alpha,unknown,C-C motif chemokine 7,Lymphotoxin-alpha,10189370,"Although the role of motors in these processes is now well established, recent data argue that motors alone are insufficient to mediate interactions of organelles with microtubules."
C-C motif chemokine 7,Lymphotoxin-alpha,unknown,C-C motif chemokine 7,Lymphotoxin-alpha,10189370,"Comparison of the results obtained in these studies revealed a number of differences suggesting that there are specific nonmotor microtubule-associated proteins for different organelles, that have been named cytoplasmic linker proteins (CLIPs)1."
C-C motif chemokine 7,Lymphotoxin-alpha,inhibits,C-C motif chemokine 7,Lymphotoxin-alpha,21855800,"Although several tiRNAs significantly inhibit translation, 5'-tiRNAAla and 5'-tiRNACys are particularly potent translational repressors (Figure 1B)."
Fms-related tyrosine kinase 3 ligand,Lymphotoxin-alpha,unknown,Fms-related tyrosine kinase 3 ligand,Lymphotoxin-alpha,21777809,"Since ATR is critical for genomic stability in cycling cells, deletion of ATR from ATRflox/- cells resulted in loss of cell viability."
Fms-related tyrosine kinase 3 ligand,Lymphotoxin-alpha,unknown,Fms-related tyrosine kinase 3 ligand,Lymphotoxin-alpha,25916855,"To avoid misleading results, we cloned human ADAT2 and human ADAT3 as N-term or C-term fusion proteins with two different fluorophores: GFP and mCherry (eight constructs in total)."
Fms-related tyrosine kinase 3 ligand,Lymphotoxin-alpha,unknown,Fms-related tyrosine kinase 3 ligand,Lymphotoxin-alpha,25916855,Similar results were obtained with either combination of the eight different fluorescently-tagged proteins (Supplementary Figure S7).
C-C motif chemokine 7,Lymphotoxin-alpha,unknown,C-C motif chemokine 7,Lymphotoxin-alpha,26018600,"Contact of blood with an artificial surface leads to a change in the conformation of fXII, resulting in the generation of small amounts of active factor XII (fXIIa)."
Fms-related tyrosine kinase 3 ligand,Interleukin-6,unknown,Fms-related tyrosine kinase 3 ligand,Interleukin-6,24097101,"These results demonstrate a subset of genes upregulated in inflammatory microglial cells, which includes known (Il-6) and novel, transcriptional targets of Stats (Jmjd3, Ccl5, Ezr, Ifih1, Irf7, Uba7, and Pim1)."
Fms-related tyrosine kinase 3 ligand,Lymphotoxin-alpha,unknown,Fms-related tyrosine kinase 3 ligand,Lymphotoxin-alpha,24097101,"These results demonstrate a subset of genes upregulated in inflammatory microglial cells, which includes known (Il-6) and novel, transcriptional targets of Stats (Jmjd3, Ccl5, Ezr, Ifih1, Irf7, Uba7, and Pim1)."
Interleukin-6,Lymphotoxin-alpha,unknown,Interleukin-6,Lymphotoxin-alpha,24097101,"These results demonstrate a subset of genes upregulated in inflammatory microglial cells, which includes known (Il-6) and novel, transcriptional targets of Stats (Jmjd3, Ccl5, Ezr, Ifih1, Irf7, Uba7, and Pim1)."
C-C motif chemokine 7,Lymphotoxin-alpha,unknown,C-C motif chemokine 7,Lymphotoxin-alpha,11250901,"In exploring the functional significance of the promoter-proximal terminator, we found that TTF-I associates with the p300/CBP-associated factor PCAF, suggesting that TTF-I may target histone acetyltransferase to the rDNA promoter."
Fms-related tyrosine kinase 3 ligand,Lymphotoxin-alpha,unknown,Fms-related tyrosine kinase 3 ligand,Lymphotoxin-alpha,24097101,Forced Jmjd3 expression in microglial cells resulted in minor effects on the mRNA levels of inflammatory genes and a modest effect on inflammatory cytokine production (Fig.
C-C motif chemokine 7,Lymphotoxin-alpha,unknown,C-C motif chemokine 7,Lymphotoxin-alpha,24097101,"Although data regarding Jmjd3 DNA-binding sites in LPS-stimulated rat microglial cells are not available, computational comparison of our Stat binding data and Jmjd3 binding data from LPS-stimulated mouse intraperitoneal macrophages reveals a significant correlation (p < 10-12)."
C-C motif chemokine 7,Lymphotoxin-alpha,unknown,C-C motif chemokine 7,Lymphotoxin-alpha,23352452,"These findings together with results from an in vitro binding assay using purified Raf proteins (Figure S1D), indicates that the R>H dimer interface mutation specifically disrupts Raf-Raf contact."
C-X-C motif chemokine 9,Interleukin-6,unknown,C-X-C motif chemokine 9,Interleukin-6,24814316,"The receptor tyrosine kinase (RTK) MET is activated by its ligand the hepatocyte growth factor (HGF) and is a potent regulator of morphogenesis and migration, during development and in response to tissue injury in the adult."
C-X-C motif chemokine 9,Lymphotoxin-alpha,unknown,C-X-C motif chemokine 9,Lymphotoxin-alpha,24814316,"The receptor tyrosine kinase (RTK) MET is activated by its ligand the hepatocyte growth factor (HGF) and is a potent regulator of morphogenesis and migration, during development and in response to tissue injury in the adult."
Interleukin-6,Lymphotoxin-alpha,unknown,Interleukin-6,Lymphotoxin-alpha,24814316,"The receptor tyrosine kinase (RTK) MET is activated by its ligand the hepatocyte growth factor (HGF) and is a potent regulator of morphogenesis and migration, during development and in response to tissue injury in the adult."
C-C motif chemokine 7,Interleukin-6,unknown,C-C motif chemokine 7,Interleukin-6,24814316,"MET activation induced by receptor overexpression, genetic amplification, mutation, or increased HGF secretion is frequently observed in cancer cells."
C-C motif chemokine 7,Interleukin-6,regulates,C-C motif chemokine 7,Interleukin-6,24814316,"HGF stimulation results in MET activation and subsequent phosphorylation of key tyrosine residues that regulate the recruitment of adaptor proteins, MET internalization, transient endosomal signaling, and MET receptor trafficking toward either degradation or recycling back to the membrane."
C-C motif chemokine 7,Lymphotoxin-alpha,regulates,C-C motif chemokine 7,Lymphotoxin-alpha,24814316,"HGF stimulation results in MET activation and subsequent phosphorylation of key tyrosine residues that regulate the recruitment of adaptor proteins, MET internalization, transient endosomal signaling, and MET receptor trafficking toward either degradation or recycling back to the membrane."
Interleukin-6,Lymphotoxin-alpha,regulates,Interleukin-6,Lymphotoxin-alpha,24814316,"HGF stimulation results in MET activation and subsequent phosphorylation of key tyrosine residues that regulate the recruitment of adaptor proteins, MET internalization, transient endosomal signaling, and MET receptor trafficking toward either degradation or recycling back to the membrane."
C-C motif chemokine 7,Lymphotoxin-alpha,unknown,C-C motif chemokine 7,Lymphotoxin-alpha,14670962,These results suggest that a direct protein-protein interaction between NIP and Numb is necessary and sufficient for the recruitment of Numb to the plasma membrane.
Fms-related tyrosine kinase 3 ligand,Vascular endothelial growth factor A,unknown,Fms-related tyrosine kinase 3 ligand,Vascular endothelial growth factor A,11238463,"DNA synthesis and proliferation rates induced by FGF2, VEGF, and EGF were dramatically reduced in HUVECs overexpressing mSpry-1 or -2, compared with cells that have been infected with a control virus expressing enhanced green fluorescent protein (AdeGFP; Fig."
C-C motif chemokine 7,Lymphotoxin-alpha,unknown,C-C motif chemokine 7,Lymphotoxin-alpha,23790976,"However, when both LXREs were inserted upstream from the intergenic promoter region (p(E19,20-6')-(E10,11-3)-ABCG8-LUC(up to 36 fold) resulted, suggesting that both LXREs may play significant roles in regulating ABCG5 and ABCG8 genes."
C-C motif chemokine 3,C-C motif chemokine 7,unknown,C-C motif chemokine 3,C-C motif chemokine 7,15358149,"Together with previous findings that the net effects of KChIP proteins on the molecular properties and trafficking of Kv channel were different, these observations open a fascinating possibility that the electrophysiological properties of Kv channel may be differently regulated by homomeric and heteromeric assembly of KChIPs."
Granulocyte-macrophage colony-stimulating factor,Macrophage colony-stimulating factor 1,unknown,Granulocyte-macrophage colony-stimulating factor,Macrophage colony-stimulating factor 1,20338813,Hereditary PAP caused by abnormalities or absence of GM-CSF receptor alpha was reported in three children.
C-C motif chemokine 7,Granulocyte-macrophage colony-stimulating factor,unknown,C-C motif chemokine 7,Granulocyte-macrophage colony-stimulating factor,20338813,Lung histopathology was similar to autoimmune PAP and GM-CSF deficient mice.
C-C motif chemokine 7,Macrophage colony-stimulating factor 1,unknown,C-C motif chemokine 7,Macrophage colony-stimulating factor 1,20338813,Lung histopathology was similar to autoimmune PAP and GM-CSF deficient mice.
Granulocyte-macrophage colony-stimulating factor,Macrophage colony-stimulating factor 1,unknown,Granulocyte-macrophage colony-stimulating factor,Macrophage colony-stimulating factor 1,20338813,Lung histopathology was similar to autoimmune PAP and GM-CSF deficient mice.
Granulocyte-macrophage colony-stimulating factor,Macrophage colony-stimulating factor 1,unknown,Granulocyte-macrophage colony-stimulating factor,Macrophage colony-stimulating factor 1,20338813,"However, GM-CSF autoantibodies were absent and GM-CSF levels were elevated in the lungs and serum."
Granulocyte-macrophage colony-stimulating factor,Macrophage colony-stimulating factor 1,unknown,Granulocyte-macrophage colony-stimulating factor,Macrophage colony-stimulating factor 1,20338813,The GM-CSF receptor beta chain was present and had a normal nucleotide sequence.
Granulocyte-macrophage colony-stimulating factor,Macrophage colony-stimulating factor 1,unknown,Granulocyte-macrophage colony-stimulating factor,Macrophage colony-stimulating factor 1,20338813,"However, the alpha chain had a reduced molecular weight, abnormal glycosylation pattern, reduced GM-CSF binding, and impaired activation of STAT5."
Granulocyte-macrophage colony-stimulating factor,Lymphotoxin-alpha,unknown,Granulocyte-macrophage colony-stimulating factor,Lymphotoxin-alpha,20338813,"Karyotyping, genomic chromosomal hybridization, and high resolution SNP analysis revealed a 1.6 Mb deletion in the pseudo-autosomal region at Xp22.33 encompassing the maternal CSF2RA allele, and a point mutation (G196R) in the paternal CSF2RA allele that altered glycosylation of the GM-CSF receptor alpha peptide and markedly reduced GM-CSF binding."
Granulocyte-macrophage colony-stimulating factor,Macrophage colony-stimulating factor 1,unknown,Granulocyte-macrophage colony-stimulating factor,Macrophage colony-stimulating factor 1,20338813,"Karyotyping, genomic chromosomal hybridization, and high resolution SNP analysis revealed a 1.6 Mb deletion in the pseudo-autosomal region at Xp22.33 encompassing the maternal CSF2RA allele, and a point mutation (G196R) in the paternal CSF2RA allele that altered glycosylation of the GM-CSF receptor alpha peptide and markedly reduced GM-CSF binding."
Lymphotoxin-alpha,Macrophage colony-stimulating factor 1,unknown,Lymphotoxin-alpha,Macrophage colony-stimulating factor 1,20338813,"Karyotyping, genomic chromosomal hybridization, and high resolution SNP analysis revealed a 1.6 Mb deletion in the pseudo-autosomal region at Xp22.33 encompassing the maternal CSF2RA allele, and a point mutation (G196R) in the paternal CSF2RA allele that altered glycosylation of the GM-CSF receptor alpha peptide and markedly reduced GM-CSF binding."
Granulocyte-macrophage colony-stimulating factor,Macrophage colony-stimulating factor 1,unknown,Granulocyte-macrophage colony-stimulating factor,Macrophage colony-stimulating factor 1,20338813,This child's asymptomatic 8-year-old sister had increased serum GM-CSF and SP-D (both markers of PAP lung disease severity) and subsequent radiological and pulmonary function abnormalities demonstrated she had PAP.
C-C motif chemokine 7,Granulocyte-macrophage colony-stimulating factor,unknown,C-C motif chemokine 7,Granulocyte-macrophage colony-stimulating factor,20338813,"Subsequent screening of pediatric patients with unexplained PAP (i.e., who were negative for GM-CSF autoantibody) for an elevated serum GM-CSF level resulted in identification of 5 additional patients aged 3-11 years of age with PAP caused by various CSF2RA mutations (B.C.T., unpublished results)."
C-C motif chemokine 7,Lymphotoxin-alpha,unknown,C-C motif chemokine 7,Lymphotoxin-alpha,20338813,"Subsequent screening of pediatric patients with unexplained PAP (i.e., who were negative for GM-CSF autoantibody) for an elevated serum GM-CSF level resulted in identification of 5 additional patients aged 3-11 years of age with PAP caused by various CSF2RA mutations (B.C.T., unpublished results)."
C-C motif chemokine 7,Macrophage colony-stimulating factor 1,unknown,C-C motif chemokine 7,Macrophage colony-stimulating factor 1,20338813,"Subsequent screening of pediatric patients with unexplained PAP (i.e., who were negative for GM-CSF autoantibody) for an elevated serum GM-CSF level resulted in identification of 5 additional patients aged 3-11 years of age with PAP caused by various CSF2RA mutations (B.C.T., unpublished results)."
Granulocyte-macrophage colony-stimulating factor,Lymphotoxin-alpha,unknown,Granulocyte-macrophage colony-stimulating factor,Lymphotoxin-alpha,20338813,"Subsequent screening of pediatric patients with unexplained PAP (i.e., who were negative for GM-CSF autoantibody) for an elevated serum GM-CSF level resulted in identification of 5 additional patients aged 3-11 years of age with PAP caused by various CSF2RA mutations (B.C.T., unpublished results)."
Granulocyte-macrophage colony-stimulating factor,Macrophage colony-stimulating factor 1,unknown,Granulocyte-macrophage colony-stimulating factor,Macrophage colony-stimulating factor 1,20338813,"Subsequent screening of pediatric patients with unexplained PAP (i.e., who were negative for GM-CSF autoantibody) for an elevated serum GM-CSF level resulted in identification of 5 additional patients aged 3-11 years of age with PAP caused by various CSF2RA mutations (B.C.T., unpublished results)."
Lymphotoxin-alpha,Macrophage colony-stimulating factor 1,unknown,Lymphotoxin-alpha,Macrophage colony-stimulating factor 1,20338813,"Subsequent screening of pediatric patients with unexplained PAP (i.e., who were negative for GM-CSF autoantibody) for an elevated serum GM-CSF level resulted in identification of 5 additional patients aged 3-11 years of age with PAP caused by various CSF2RA mutations (B.C.T., unpublished results)."
Granulocyte-macrophage colony-stimulating factor,Macrophage colony-stimulating factor 1,unknown,Granulocyte-macrophage colony-stimulating factor,Macrophage colony-stimulating factor 1,20338813,"Together, these cases indicate that loss of GM-CSF receptor function causes hereditary PAP, but that additional factors determine the severity of lung disease in PAP."
C-C motif chemokine 7,Lymphotoxin-alpha,unknown,C-C motif chemokine 7,Lymphotoxin-alpha,23246001,The results suggest that the mutations specifically affect the binding site for Ubl4A.
C-C motif chemokine 7,Lymphotoxin-alpha,unknown,C-C motif chemokine 7,Lymphotoxin-alpha,22500027,"In addition, we overexpressed specific BBSome subunits that resulted in the assembly and accumulation of distinct BBSome intermediates."
Fms-related tyrosine kinase 3 ligand,Interleukin-27,unknown,Fms-related tyrosine kinase 3 ligand,Interleukin-27,25211221,"LoxP sites flank exons 7, 8 and 9 of the Arhgap28gt gene."
Interleukin-27,Lymphotoxin-alpha,unknown,Interleukin-27,Lymphotoxin-alpha,25211221,The results showed that heterozygous Arhgap28del mice were viable and fertile.
C-C motif chemokine 7,Lymphotoxin-alpha,unknown,C-C motif chemokine 7,Lymphotoxin-alpha,27396271,"5D), ruling out the possibility that covalent modification of Cys12 by SML results in extensive conformational remodeling of the switch I and switch II regions."
C-C motif chemokine 7,Lymphotoxin-alpha,unknown,C-C motif chemokine 7,Lymphotoxin-alpha,25819761,"Indeed, although endogenous DEPDC5, a GATOR1 component, does not show significant lysosomal localization under normal culture conditions, a substantial amount of DEPDC5 accumulated on the lysosomal membrane when Sestrin2 was overexpressed (Fig."
C-C motif chemokine 7,Lymphotoxin-alpha,activates,C-C motif chemokine 7,Lymphotoxin-alpha,25818881,"Although earlier studies had shown that diazepam and other benzodiazepines could modulate circulating steroid levels, the identification of a natural polypeptide des-(Gly-Ile)-endozepine, also known as Diazepam Binding Inhibitor (DBI), that was able to stimulate cholesterol transport into isolated mitochondria, brought together the fields of steroidogenesis and benzodiazepines."
C-C motif chemokine 7,Lymphotoxin-alpha,unknown,C-C motif chemokine 7,Lymphotoxin-alpha,18036997,"Subsequent uracil-glycosylase mediated U removal, and perhaps further processing, leads to four known classes of mutation: Ig class switch recombination that results in a region-specific genomic deletion, Ig somatic hypermutation that introduces point mutations in Ig V-regions, Ig gene conversion in vertebrates that possess Ig pseudo-V genes, and translocations common to B cell lymphomas."
C-C motif chemokine 7,Lymphotoxin-alpha,unknown,C-C motif chemokine 7,Lymphotoxin-alpha,8116240,Isoprenylation of large hepatitis delta antigen is necessary but not sufficient for hepatitis delta virus assembly.
C-C motif chemokine 7,Lymphotoxin-alpha,unknown,C-C motif chemokine 7,Lymphotoxin-alpha,25653167,"We demonstrate that yeast Kre33 and human NAT10 are RNA cytosine acetyltransferases with, surprisingly, specificity toward both 18S rRNA and tRNAs."
Fms-related tyrosine kinase 3 ligand,Lymphotoxin-alpha,unknown,Fms-related tyrosine kinase 3 ligand,Lymphotoxin-alpha,25121504,"Although we noted a decrease in rhythmicity for dClk-15A;Clk out flies at 29degreesC, the periods were quite similar over the temperature range tested (Table 2), suggesting that global phosphorylation of dCLK does not play a major role in temperature compensation."
C-C motif chemokine 7,Lymphotoxin-alpha,unknown,C-C motif chemokine 7,Lymphotoxin-alpha,12759363,These results suggest a unique role for DEN1 in regulating the modification of cullins by Nedd8.
C-C motif chemokine 3,C-C motif chemokine 7,unknown,C-C motif chemokine 3,C-C motif chemokine 7,28607491,1 mug of resulting RNAs were then treated with DNase I (NEB) and subjected to reverse transcriptionusing Maxima First Strand cDNA synthesis Kit for quantitative PCR with reverse transcription (Thermo Scientific).
C-C motif chemokine 3,Lymphotoxin-alpha,unknown,C-C motif chemokine 3,Lymphotoxin-alpha,28607491,1 mug of resulting RNAs were then treated with DNase I (NEB) and subjected to reverse transcriptionusing Maxima First Strand cDNA synthesis Kit for quantitative PCR with reverse transcription (Thermo Scientific).
C-C motif chemokine 7,Lymphotoxin-alpha,unknown,C-C motif chemokine 7,Lymphotoxin-alpha,28607491,1 mug of resulting RNAs were then treated with DNase I (NEB) and subjected to reverse transcriptionusing Maxima First Strand cDNA synthesis Kit for quantitative PCR with reverse transcription (Thermo Scientific).
C-C motif chemokine 3,C-C motif chemokine 7,unknown,C-C motif chemokine 3,C-C motif chemokine 7,28607491,Quantitative real time PCR was performed with Maxima SYBR Green qPCR Master Mix (Thermo Scientific) in a Bio-Rad CFX96 Real-Time PCR system using OLE1 and ACT1 specific primers.
Fms-related tyrosine kinase 3 ligand,Lymphotoxin-alpha,unknown,Fms-related tyrosine kinase 3 ligand,Lymphotoxin-alpha,24167549,"In cells over-expressing wildtype or mutant Cdc8p, after 4 hours there were ~50% normal septa reflecting the residual ts phenotype (multiple, poorly organized septa and abnormal morphologies)."
C-X-C motif chemokine 9,Interleukin-27,unknown,C-X-C motif chemokine 9,Interleukin-27,27350684,"Subsequently, genetic interaction of Rna14 with prp1 and physical interactions with Prp28 suggest that the Rna14 might be part of a larger protein complex responsible for the pre-mRNA maturation."
C-C motif chemokine 7,Lymphotoxin-alpha,unknown,C-C motif chemokine 7,Lymphotoxin-alpha,21827752,Our results suggest a role for SPATA4 in membrane traffic and a specialized function for TRAPP in spermatocytes.
C-C motif chemokine 7,Lymphotoxin-alpha,unknown,C-C motif chemokine 7,Lymphotoxin-alpha,22020280,"Analysis of Mili-bound piRNAs from homozygous Mili(DAH) fetal gonadocytes revealed a failure of transposon piRNA amplification, resulting in the marked reduction of piRNA bound within Miwi2 ribonuclear particles."
Fms-related tyrosine kinase 3 ligand,Lymphotoxin-alpha,binds,Fms-related tyrosine kinase 3 ligand,Lymphotoxin-alpha,17662961,"RESULTS: Fluvoxamine bound to sigma-1 receptors in all brain regions in a dose-dependent manner, whereas paroxetine did not bind to sigma-1 receptors."
C-C motif chemokine 7,Interleukin-17F,unknown,C-C motif chemokine 7,Interleukin-17F,14752096,AML1 is functionally regulated through p300-mediated acetylation on specific lysine residues.
C-C motif chemokine 7,Interleukin-17F,unknown,C-C motif chemokine 7,Interleukin-17F,14752096,"Here, we report that AML1 is specifically acetylated by p300 in vitro."
C-C motif chemokine 7,Interleukin-17F,unknown,C-C motif chemokine 7,Interleukin-17F,14752096,"AML1 is subject to acetylation at the same sites in vivo, and p300-mediated acetylation significantly augments the DNA binding activity of AML1."
C-C motif chemokine 7,Interleukin-17F,unknown,C-C motif chemokine 7,Interleukin-17F,14752096,"Taken together, these data indicate that acetylation of AML1 through p300 is a critical manner of posttranslational modification and identify a novel mechanism for regulating the function of AML1."
C-C motif chemokine 7,Lymphotoxin-alpha,unknown,C-C motif chemokine 7,Lymphotoxin-alpha,20005846,"LUBAC enhances NEMO interaction with the TNF-RSC, stabilizes this protein complex, and is required for efficient TNF-induced activation of NF-kappaB and JNK, resulting in apoptosis inhibition."
C-C motif chemokine 7,Lymphotoxin-alpha,unknown,C-C motif chemokine 7,Lymphotoxin-alpha,19706605,"GSK-3-specific chemical inhibitors, Wnt-3a conditioned media, small interfering RNAs, and GSK-3alpha and -3beta kinase dead constructs, consistently showed that the levels of endogenous delta-catenin in CWR22Rv-1 prostate carcinoma cells and primary cortical neurons were increased by inhibiting GSK-3 activity."
C-C motif chemokine 7,Lymphotoxin-alpha,unknown,C-C motif chemokine 7,Lymphotoxin-alpha,19706605,"Treatment with MG132 or ALLN, specific inhibitors of proteosome-dependent proteolysis, increased delta-catenin levels and caused an accumulation of ubiquitinated delta-catenin."
C-C motif chemokine 7,Lymphotoxin-alpha,unknown,C-C motif chemokine 7,Lymphotoxin-alpha,2961257,"Although anti-porcine antiserum detected specific bands in all liver and muscle samples from patients with other types of glycogen storage disease (Types I, II, and IX), the antiserum detected no cross-reactive material in any of the liver or muscle samples from patients with Type III glycogen storage disease."
C-C motif chemokine 7,Granulocyte colony-stimulating factor,unknown,C-C motif chemokine 7,Granulocyte colony-stimulating factor,19453968,Site-specific ubiquitination determines lysosomal sorting and signal attenuation of the granulocyte colony-stimulating factor receptor.
C-C motif chemokine 7,Granulocyte colony-stimulating factor,unknown,C-C motif chemokine 7,Granulocyte colony-stimulating factor,19453968,"The suppressor of cytokine signaling protein SOCS3 drives lysosomal degradation of the granulocyte colony-stimulating factor receptor (G-CSFR), depending on SOCS3-mediated ubiquitination of a specific lysine located in a conserved juxtamembrane motif."
C-C motif chemokine 7,Lymphotoxin-alpha,unknown,C-C motif chemokine 7,Lymphotoxin-alpha,21081508,This method takes advantage of specific phosphatases that can be added into glycosyltransferase reactions to quantitatively release inorganic phosphate from the leaving groups of glycosyltransferase reactions.
C-C motif chemokine 19,C-C motif chemokine 7,unknown,C-C motif chemokine 19,C-C motif chemokine 7,21081508,"As examples, we first assayed Clostridium difficile toxin B, a protein O-glucosyltransferase that specifically monoglucosylates and inactivates Rho family small GTPases; we then showed that human KTELC1, a homolog of Rumi from Drosophila, was able to hydrolyze UDP-Glc; and finally, we measured the kinetic parameters of human sialyltransferase ST6GAL1."
C-C motif chemokine 19,Lymphotoxin-alpha,unknown,C-C motif chemokine 19,Lymphotoxin-alpha,21081508,"As examples, we first assayed Clostridium difficile toxin B, a protein O-glucosyltransferase that specifically monoglucosylates and inactivates Rho family small GTPases; we then showed that human KTELC1, a homolog of Rumi from Drosophila, was able to hydrolyze UDP-Glc; and finally, we measured the kinetic parameters of human sialyltransferase ST6GAL1."
C-C motif chemokine 7,Lymphotoxin-alpha,unknown,C-C motif chemokine 7,Lymphotoxin-alpha,21081508,"As examples, we first assayed Clostridium difficile toxin B, a protein O-glucosyltransferase that specifically monoglucosylates and inactivates Rho family small GTPases; we then showed that human KTELC1, a homolog of Rumi from Drosophila, was able to hydrolyze UDP-Glc; and finally, we measured the kinetic parameters of human sialyltransferase ST6GAL1."
C-C motif chemokine 7,Lymphotoxin-alpha,unknown,C-C motif chemokine 7,Lymphotoxin-alpha,12052829,"TPA-induced ShcA phosphorylation at this site (and hence, its association with PTP-PEST) was inhibited by a protein kinase C-specific inhibitor and was induced by overexpression of constitutively active mutants of protein kinase Calpha, -epsilon, and -delta isoforms."
C-C motif chemokine 7,Lymphotoxin-alpha,unknown,C-C motif chemokine 7,Lymphotoxin-alpha,18682561,"Together with results from site-directed mutagenesis and activity measurements, we can thereby demonstrate the role of specific amino acid residues."
C-C motif chemokine 7,Fms-related tyrosine kinase 3 ligand,unknown,C-C motif chemokine 7,Fms-related tyrosine kinase 3 ligand,18682561,"Hence, insight into the dynamic behavior of MPGES1 and homologous membrane proteins in inflammation and detoxification is provided."
Fms-related tyrosine kinase 3 ligand,Lymphotoxin-alpha,unknown,Fms-related tyrosine kinase 3 ligand,Lymphotoxin-alpha,30802237,"Importantly, ChEC and ChIP experiments indicated that expression of FLAGCTR in trans could fully restore Pol I association with the 35S rDNA in net1Deltactr cells to wild-type levels, in good correlation with the re-establishment of normal cell growth in these strains (Fig 5A, compare lanes 9-12, and 25-28 with lanes 13-16, and 29-32, respectively; Fig 5B, ChIP of fragments 2-4; S3 Table, doubling times)."
Fms-related tyrosine kinase 3 ligand,Macrophage metalloelastase,unknown,Fms-related tyrosine kinase 3 ligand,Macrophage metalloelastase,30802237,"Importantly, ChEC and ChIP experiments indicated that expression of FLAGCTR in trans could fully restore Pol I association with the 35S rDNA in net1Deltactr cells to wild-type levels, in good correlation with the re-establishment of normal cell growth in these strains (Fig 5A, compare lanes 9-12, and 25-28 with lanes 13-16, and 29-32, respectively; Fig 5B, ChIP of fragments 2-4; S3 Table, doubling times)."
Lymphotoxin-alpha,Macrophage metalloelastase,unknown,Lymphotoxin-alpha,Macrophage metalloelastase,30802237,"Importantly, ChEC and ChIP experiments indicated that expression of FLAGCTR in trans could fully restore Pol I association with the 35S rDNA in net1Deltactr cells to wild-type levels, in good correlation with the re-establishment of normal cell growth in these strains (Fig 5A, compare lanes 9-12, and 25-28 with lanes 13-16, and 29-32, respectively; Fig 5B, ChIP of fragments 2-4; S3 Table, doubling times)."
Interleukin-6,Lymphotoxin-alpha,unknown,Interleukin-6,Lymphotoxin-alpha,19229036,These results provide a mechanistic basis for the requirement of HSF1 in the regulation of life span and establish a role for SIRT1 in protein homeostasis and the HSR.
C-C motif chemokine 7,Lymphotoxin-alpha,unknown,C-C motif chemokine 7,Lymphotoxin-alpha,15123625,These results suggest that the PPARgamma-dependent transactivation pathway seems to be modulated by SUMO-1 modification and may serve as a novel target for apoptosis-induction therapy in cancer cells.
C-C motif chemokine 7,Lymphotoxin-alpha,unknown,C-C motif chemokine 7,Lymphotoxin-alpha,11524432,The identification of the gene encoding protein O-fucosyltransferase I now makes possible mutational strategies to examine the functions of the unusual O-fucose post-translational modification.
C-C motif chemokine 7,Lymphotoxin-alpha,unknown,C-C motif chemokine 7,Lymphotoxin-alpha,22532808,All dysc alleles were recessive; trans-heterozygotic combinations of the three alleles were largely arrhythmic; and heterozygosity for both dysc s168 and dysc c03838 in combination with a deficiency removing the dysc locus also resulted in arrhythmia (Table 1).
C-C motif chemokine 7,Fms-related tyrosine kinase 3 ligand,unknown,C-C motif chemokine 7,Fms-related tyrosine kinase 3 ligand,25690888,"These findings delineate how two Rad5 enzymatic domains concertedly influence PCNA modification, and unveil their discrete contributions to stress tolerance."
Fms-related tyrosine kinase 3 ligand,Lymphotoxin-alpha,unknown,Fms-related tyrosine kinase 3 ligand,Lymphotoxin-alpha,15001581,Overexpression of human ABCG2 in model cancer cell lines causes multidrug resistance by actively effluxing anticancer drugs.
Fms-related tyrosine kinase 3 ligand,Lymphotoxin-alpha,unknown,Fms-related tyrosine kinase 3 ligand,Lymphotoxin-alpha,15001581,"In this study, we characterized the oligomeric feature of human ABCG2 using non-denaturing detergent perfluoro-octanoic acid and Triton X-100 in combination with gel filtration, sucrose density gradient sedimentation, and gel electrophoresis."
Fms-related tyrosine kinase 3 ligand,Lymphotoxin-alpha,binds,Fms-related tyrosine kinase 3 ligand,Lymphotoxin-alpha,11713274,"Our results suggest a bivalent interaction model, where a single NRIF3 molecule utilizes both the C-terminal LXXIL (receptor-interacting domain 1 [RID1]) and the N-terminal LXXLL (RID2) modules to cooperatively interact with TR or RXR (presumably a receptor dimer), with the spacing between RID1 and RID2 playing an important role in influencing the affinity of the interactions."
C-C motif chemokine 7,Lymphotoxin-alpha,unknown,C-C motif chemokine 7,Lymphotoxin-alpha,16924681,"High integrin beta1 expression was observed in wt-7721 compared with mock cells (7721 cell transfected with the vector pcDNA3), while transfection of delta cGnT-V decreased the integrin beta1 expression, despite of no significant changes on integrin beta1 mRNA level in these cell lines."
C-X-C motif chemokine 9,Lymphotoxin-alpha,unknown,C-X-C motif chemokine 9,Lymphotoxin-alpha,16924681,More effective in promoting cell migration toward fibronectin and invasion through Matrigel was observed in wt-7721 while this was almost suppressed in delta c-7721.
C-C motif chemokine 7,Lymphotoxin-alpha,unknown,C-C motif chemokine 7,Lymphotoxin-alpha,19684574,This result suggests that Ago1 localization correlates with trafficking endosomes.
C-C motif chemokine 7,Lymphotoxin-alpha,unknown,C-C motif chemokine 7,Lymphotoxin-alpha,10949293,Regulation of chromatin structure by site-specific histone H3 methyltransferases.
C-C motif chemokine 7,Macrophage metalloelastase,unknown,C-C motif chemokine 7,Macrophage metalloelastase,10949293,Higher-order chromatin has been proposed to be nucleated by the covalent modification of histone tails and the subsequent establishment of chromosomal subdomains by non-histone modifier factors.
C-C motif chemokine 7,Lymphotoxin-alpha,unknown,C-C motif chemokine 7,Lymphotoxin-alpha,10949293,Here we show that human SUV39H1 and murine Suv39h1--mammalian homologues of Drosophila Su(var)3-9 and of Schizosaccharomyces pombe clr4--encode histone H3-specific methyltransferases that selectively methylate lysine 9 of the amino terminus of histone H3 in vitro.
C-C motif chemokine 7,Fms-related tyrosine kinase 3 ligand,unknown,C-C motif chemokine 7,Fms-related tyrosine kinase 3 ligand,10949293,"Methylation of lysine 9 interferes with phosphorylation of serine 10, but is also influenced by pre-existing modifications in the amino terminus of H3."
C-C motif chemokine 7,Lymphotoxin-alpha,regulates,C-C motif chemokine 7,Lymphotoxin-alpha,20368621,"Here, we show that MeCP2, a DNA methyl-CpG-binding protein, can epigenetically regulate specific miRNAs in adult neural stem cells (aNSCs)."
C-C motif chemokine 7,Fms-related tyrosine kinase 3 ligand,regulates,C-C motif chemokine 7,Fms-related tyrosine kinase 3 ligand,22072986,A novel protein LZTFL1 regulates ciliary trafficking of the BBSome and Smoothened.
C-C motif chemokine 7,Fms-related tyrosine kinase 3 ligand,binds,C-C motif chemokine 7,Fms-related tyrosine kinase 3 ligand,22072986,"Here, we show that a novel protein, Leucine-zipper transcription factor-like 1 (LZTFL1), interacts with a BBS protein complex known as the BBSome and regulates ciliary trafficking of this complex."
C-C motif chemokine 7,Fms-related tyrosine kinase 3 ligand,unknown,C-C motif chemokine 7,Fms-related tyrosine kinase 3 ligand,22072986,We also show that all BBSome subunits and BBS3 (also known as ARL6) are required for BBSome ciliary entry and that reduction of LZTFL1 restores BBSome trafficking to cilia in BBS3 and BBS5 depleted cells.
C-C motif chemokine 7,Fms-related tyrosine kinase 3 ligand,regulates,C-C motif chemokine 7,Fms-related tyrosine kinase 3 ligand,22072986,"Finally, we found that BBS proteins and LZTFL1 regulate ciliary trafficking of hedgehog signal transducer, Smoothened."
C-C motif chemokine 7,Fms-related tyrosine kinase 3 ligand,unknown,C-C motif chemokine 7,Fms-related tyrosine kinase 3 ligand,22072986,Our findings suggest that LZTFL1 is an important regulator of BBSome ciliary trafficking and hedgehog signaling.
C-C motif chemokine 7,Lymphotoxin-alpha,unknown,C-C motif chemokine 7,Lymphotoxin-alpha,17166836,"The mouse NIPA1 mutants, T39R and G100R, corresponding to the respective human mutants showed a loss-of-function when expressed in oocytes and altered trafficking in transfected COS7 cells."
C-C motif chemokine 7,Lymphotoxin-alpha,unknown,C-C motif chemokine 7,Lymphotoxin-alpha,9150262,"UV sensitivity was not altered by disruption of the S-II gene in a RAD+ (NER proficient) strain, or in rad26 (impaired in efficient transcription-coupled repair), rad7 (lacking global genome repair), or rad7 rad26 (lacking global genome repair, but having residual transcription-coupled repair capacity) mutants."
C-C motif chemokine 7,Fms-related tyrosine kinase 3 ligand,unknown,C-C motif chemokine 7,Fms-related tyrosine kinase 3 ligand,9150262,"Moreover, S-II did not influence the repair rate on the transcribed strand of the RPB2 gene, either in repair-proficient or in rad7 rad26 backgrounds."
C-C motif chemokine 7,Lymphotoxin-alpha,unknown,C-C motif chemokine 7,Lymphotoxin-alpha,21266407,"Here, we report the identification of larval translucida (ltl), a novel target of BMP activity in Drosophila."
C-X-C motif chemokine 10,Lymphotoxin-alpha,unknown,C-X-C motif chemokine 10,Lymphotoxin-alpha,11520069,"This activity is unique to BAG-1M in that other isoforms, BAG-1S and BAG-1L, are much weaker in this activity, although all of the isoforms share common ubiquitin-like domain and BAG domain interacting with Hsp70/Hsc70."
C-C motif chemokine 7,C-X-C motif chemokine 9,unknown,C-C motif chemokine 7,C-X-C motif chemokine 9,15865448,"Together, the tissue distribution of RDH12 and its catalytic properties suggest that, in most tissues, RDH12 primarily contributes to the reduction of all-trans-retinaldehyde; however, at saturating concentrations of peroxidic aldehydes in the cells undergoing oxidative stress, for example, photoreceptors, RDH12 might also play a role in detoxification of lipid peroxidation products."
Interleukin-2,Lymphotoxin-alpha,unknown,Interleukin-2,Lymphotoxin-alpha,2981876,"The T-cell growth factor (TCGF) receptor on phytohemagglutinin-activated normal peripheral blood T-cells is characterized as a glycoprotein with an apparent Mr = 55,000 that contains N-linked and O-linked carbohydrate with only approximately 33,000 daltons of peptide structure (p33) as evaluated by sodium dodecyl sulfate-polyacrylamide gel electrophoresis."
Fms-related tyrosine kinase 3 ligand,Lymphotoxin-alpha,unknown,Fms-related tyrosine kinase 3 ligand,Lymphotoxin-alpha,23685356,"Likewise, we could not retrieve HOT1 after a POT1-IP, which is in agreement with several other studies that searched for shelterin-associated factors either by immunoprecipitation or by bimolecular fluorescence complementation."
C-C motif chemokine 7,Fms-related tyrosine kinase 3 ligand,unknown,C-C motif chemokine 7,Fms-related tyrosine kinase 3 ligand,18832723,Efficient clearance of apoptotic cells (AC) by professional phagocytes is crucial for tissue homeostasis and resolution of inflammation.
C-C motif chemokine 7,Fms-related tyrosine kinase 3 ligand,unknown,C-C motif chemokine 7,Fms-related tyrosine kinase 3 ligand,18832723,"In macrophages overexpressing a dominant negative mutant of PPARgamma, NF-kappaB transactivation in response to LPS was restored, while macrophages from myeloid lineage-specific conditional PPARgamma knockout mice proved that PPARgamma transmitted an antiinflammatory response, which was delivered by AC."
C-C motif chemokine 7,Lymphotoxin-alpha,unknown,C-C motif chemokine 7,Lymphotoxin-alpha,21164013,This converts Ensa into a potent and specific inhibitor of PP2A-B55delta.
C-C motif chemokine 7,Lymphotoxin-alpha,unknown,C-C motif chemokine 7,Lymphotoxin-alpha,8407894,These results suggest that C34 and TFIIIB70 are specificity determinants of the RNA polymerase III-TFIIIB interaction.
Fms-related tyrosine kinase 3 ligand,Interleukin-1 beta,unknown,Fms-related tyrosine kinase 3 ligand,Interleukin-1 beta,1373520,Interleukin-1 beta (IL-1 beta) mediates a wide range of immune and inflammatory responses.
Interleukin-27,Lymphotoxin-alpha,unknown,Interleukin-27,Lymphotoxin-alpha,12036871,"Only 3 mutants (Glu270Gln, Asp283Asn, Asp283Asn/Glu285Gln/Asp287Asn) resulted in the abolition of sulfation."
C-C motif chemokine 7,Lymphotoxin-alpha,unknown,C-C motif chemokine 7,Lymphotoxin-alpha,24977345,This result suggests that Mnb promotes efficient synaptic vesicle recycling during conditions of high activity.
Fms-related tyrosine kinase 3 ligand,Lymphotoxin-alpha,unknown,Fms-related tyrosine kinase 3 ligand,Lymphotoxin-alpha,9195882,"NMR spectroscopy shows that the N-terminal arm is necessary for binding rac, although it remains largely flexible even in the complex."
Fms-related tyrosine kinase 3 ligand,Lymphotoxin-alpha,unknown,Fms-related tyrosine kinase 3 ligand,Lymphotoxin-alpha,17947579,Histone tails are known to be mono- and dimethylated on multiple arginine residues where they influence chromatin remodeling and gene expression.
Fms-related tyrosine kinase 3 ligand,Lymphotoxin-alpha,unknown,Fms-related tyrosine kinase 3 ligand,Lymphotoxin-alpha,29283431,"AtRAD4 overexpression, both with and without an N-terminal yellow fluorescent protein (YFP) tag, resulted in increased UV tolerance."
C-C motif chemokine 7,Lymphotoxin-alpha,unknown,C-C motif chemokine 7,Lymphotoxin-alpha,20406818,"Although ubiquitination has emerged as a major factor involved in RIG-I activation, the potential contribution of other post-translational modifications, such as phosphorylation, to the regulation of RIG-I activity has not been addressed."
C-C motif chemokine 7,Lymphotoxin-alpha,unknown,C-C motif chemokine 7,Lymphotoxin-alpha,14631847,"However, it remains to be resolved whether p160 family coactivators simultaneously recruit CARM1 and PRMT1 to specific target genes, and the order of the series of modifications on individual histone tails in vivo."
C-C motif chemokine 7,Lymphotoxin-alpha,unknown,C-C motif chemokine 7,Lymphotoxin-alpha,8798525,Purification of a protein palmitoyltransferase that acts on H-Ras protein and on a C-terminal N-Ras peptide.
C-C motif chemokine 7,Lymphotoxin-alpha,unknown,C-C motif chemokine 7,Lymphotoxin-alpha,15247232,"Thus in different cell types, isoform-specific patterns of PHD induction by hypoxia and estrogen alter both the relative abundance of the PHDs and their relative contribution to the regulation of HIF."
C-C motif chemokine 7,Lymphotoxin-alpha,unknown,C-C motif chemokine 7,Lymphotoxin-alpha,15247232,"In addition, the PHDs manifest specificity for different prolyl hydroxylation sites within each HIF-alpha subunit, and a degree of selectively between HIF-1alpha and HIF-2alpha isoforms, indicating that differential PHD inhibition has the potential to selectively alter the characteristics of HIF activation."
Fms-related tyrosine kinase 3 ligand,Interleukin-2,activates,Fms-related tyrosine kinase 3 ligand,Interleukin-2,21098725,"IL-22 has a pathogenetic role in psoriasis, where it is responsible for the altered proliferation and differentiation of keratinocytes and induces inflammatory molecules."
Fms-related tyrosine kinase 3 ligand,Lymphotoxin-alpha,activates,Fms-related tyrosine kinase 3 ligand,Lymphotoxin-alpha,21098725,"IL-22 has a pathogenetic role in psoriasis, where it is responsible for the altered proliferation and differentiation of keratinocytes and induces inflammatory molecules."
Interleukin-2,Lymphotoxin-alpha,activates,Interleukin-2,Lymphotoxin-alpha,21098725,"IL-22 has a pathogenetic role in psoriasis, where it is responsible for the altered proliferation and differentiation of keratinocytes and induces inflammatory molecules."
C-X-C motif chemokine 9,Fms-related tyrosine kinase 3 ligand,unknown,C-X-C motif chemokine 9,Fms-related tyrosine kinase 3 ligand,21098725,"By controlling STAT3, SIRT1 also influences the IL-22-induced expression of molecules involved in proliferation and inflammation as well as proliferation and migration processes in cultured keratinocytes."
C-X-C motif chemokine 9,Interleukin-2,unknown,C-X-C motif chemokine 9,Interleukin-2,21098725,"By controlling STAT3, SIRT1 also influences the IL-22-induced expression of molecules involved in proliferation and inflammation as well as proliferation and migration processes in cultured keratinocytes."
C-X-C motif chemokine 9,Lymphotoxin-alpha,unknown,C-X-C motif chemokine 9,Lymphotoxin-alpha,21098725,"By controlling STAT3, SIRT1 also influences the IL-22-induced expression of molecules involved in proliferation and inflammation as well as proliferation and migration processes in cultured keratinocytes."
Fms-related tyrosine kinase 3 ligand,Interleukin-2,unknown,Fms-related tyrosine kinase 3 ligand,Interleukin-2,21098725,"By controlling STAT3, SIRT1 also influences the IL-22-induced expression of molecules involved in proliferation and inflammation as well as proliferation and migration processes in cultured keratinocytes."
Fms-related tyrosine kinase 3 ligand,Lymphotoxin-alpha,unknown,Fms-related tyrosine kinase 3 ligand,Lymphotoxin-alpha,21098725,"By controlling STAT3, SIRT1 also influences the IL-22-induced expression of molecules involved in proliferation and inflammation as well as proliferation and migration processes in cultured keratinocytes."
Interleukin-2,Lymphotoxin-alpha,unknown,Interleukin-2,Lymphotoxin-alpha,21098725,"By controlling STAT3, SIRT1 also influences the IL-22-induced expression of molecules involved in proliferation and inflammation as well as proliferation and migration processes in cultured keratinocytes."
C-C motif chemokine 7,Macrophage metalloelastase,unknown,C-C motif chemokine 7,Macrophage metalloelastase,15449939,"To elucidate the role of IFNAR1 in IFN binding and the establishment of biological activity, specific residues of IFNAR1 were mutated."
C-C motif chemokine 7,Lymphotoxin-alpha,unknown,C-C motif chemokine 7,Lymphotoxin-alpha,16282325,"Altogether, these findings demonstrate the modularity and diversification of BIR domains, showing that a single cIAP can direct its E3 ligase activity toward different substrates and can alter the cellular functions of different protein targets in accordance with differences in the specificity of individual BIR domains."
C-C motif chemokine 7,Lymphotoxin-alpha,unknown,C-C motif chemokine 7,Lymphotoxin-alpha,11341840,"The catalytic efficiency (k(cat)/K(m)) of CARM1 toward H3 was at least 1000 times that toward R1 (GGFGGRGGFGG-amide), a highly effective substrate for protein arginine methyltransferase 1."
C-C motif chemokine 7,Lymphotoxin-alpha,unknown,C-C motif chemokine 7,Lymphotoxin-alpha,14742442,"Taken together, these results demonstrate that the induction of SOCS-3 by IFNgamma depends upon the presence of a STAT-binding element in the SOCS-3 promoter that is specifically activated by STAT1."
C-C motif chemokine 7,Lymphotoxin-alpha,unknown,C-C motif chemokine 7,Lymphotoxin-alpha,18094119,Alteration of the UGUA site in the tif1 3' UTR to more closely resemble the Puf3p binding site broadens the specificity to include regulation by Puf3p.
C-C motif chemokine 7,Lymphotoxin-alpha,unknown,C-C motif chemokine 7,Lymphotoxin-alpha,10866691,"In akr1Delta cells, Yck2p is mislocalized, showing a diffuse cytoplasmic localization identical to that seen for a Yck2p mutant that lacks the C-terminal Cys-Cys, indicating a likely Akr1p requirement for the lipid modification of Yck2p, for prenylation, or possibly for palmitoylation."
Fms-related tyrosine kinase 3 ligand,Lymphotoxin-alpha,unknown,Fms-related tyrosine kinase 3 ligand,Lymphotoxin-alpha,17435760,"The NLRs NALP3 and IPAF, for example, can each form a multiprotein proinflammatory complex called the 'inflammasome', and mutations in the gene encoding Nod2, another NLR, are positively associated with Crohn disease."
C-C motif chemokine 7,C-X-C motif chemokine 9,unknown,C-C motif chemokine 7,C-X-C motif chemokine 9,22595670,Rab GTPases define the vesicle trafficking pathways underpinning cell polarization and migration.
C-C motif chemokine 7,C-X-C motif chemokine 9,unknown,C-C motif chemokine 7,C-X-C motif chemokine 9,22595670,This Rab14 intermediate recycling compartment has specific functions in migrating cells discrete from early and recycling endosomes.
C-C motif chemokine 7,Fms-related tyrosine kinase 3 ligand,activates,C-C motif chemokine 7,Fms-related tyrosine kinase 3 ligand,19422020,"In this report, we have extended this early observation by functionally dissecting the C-terminal segment of the Optix protein and (1) demonstrated that while the CT is necessary for inhibiting eye development, it also requires the activity of the protein-protein interaction and DNA binding regions; (2) identified that regions A, C, and D of the CT are required for blocking retinal formation; (3) shown that region D is specifically conserved just within the Drosophilids; (4) demonstrated that the CT is required for the ability of Optix to induce ectopic eyes; (5) shown that none of the vertebrate SIX proteins are capable of inducing ectopic eyes in flies; and (6) demonstrated that in addition to so homologs, expression of DSix4 and Six4 can also rescue so1 loss-of-function mutants."
Fms-related tyrosine kinase 3 ligand,Tumor necrosis factor ligand superfamily member 10,unknown,Fms-related tyrosine kinase 3 ligand,Tumor necrosis factor ligand superfamily member 10,18838202,Differential responses of FLIPLong and FLIPShort-overexpressing human myeloid leukemia cells to TNF-alpha and TRAIL-initiated apoptotic signals.
Tumor necrosis factor,Tumor necrosis factor ligand superfamily member 10,unknown,Tumor necrosis factor,Tumor necrosis factor ligand superfamily member 10,18838202,Clonal marrow cells from patients with early myelodysplastic syndrome (MDS) undergo apoptosis in response to tumor necrosis factor (TNF)-related apoptosis-inducing ligand (TRAIL).
Fms-related tyrosine kinase 3 ligand,Tumor necrosis factor ligand superfamily member 10,regulates,Fms-related tyrosine kinase 3 ligand,Tumor necrosis factor ligand superfamily member 10,18838202,"Two isoforms of the Flice inhibitory protein (FLIP) short (FLIPS) and FLIP long (FLIPL), which modulate TRAIL signals, showed disease-stage-dependent differential regulation."
Fms-related tyrosine kinase 3 ligand,Tumor necrosis factor ligand superfamily member 10,unknown,Fms-related tyrosine kinase 3 ligand,Tumor necrosis factor ligand superfamily member 10,18838202,"Therefore, we aimed at characterizing potential differential effects of FLIPL and FLIPS, on TRAIL and TNF-alpha-induced apoptosis in model leukemic cell lines."
Fms-related tyrosine kinase 3 ligand,Tumor necrosis factor ligand superfamily member 10,unknown,Fms-related tyrosine kinase 3 ligand,Tumor necrosis factor ligand superfamily member 10,18838202,Overexpression of FLIP reduced TRAIL and TNF-alpha-induced apoptosis in ML-1 cells.
Fms-related tyrosine kinase 3 ligand,Lymphotoxin-alpha,unknown,Fms-related tyrosine kinase 3 ligand,Lymphotoxin-alpha,18838202,"Further, inhibition of nuclear factor-kappaB (NF-kappaB) activation in TNF-alpha-treated cells resulted in profound apoptosis in FLIPS, but not in FLIPL-overexpressing cells, consistent with the observations in patients with early stage MDS."
Fms-related tyrosine kinase 3 ligand,Tumor necrosis factor ligand superfamily member 10,unknown,Fms-related tyrosine kinase 3 ligand,Tumor necrosis factor ligand superfamily member 10,18838202,"Thus, FLIPL and FLIPS exerted differential effects in myeloid leukemic cell lines in response to TRAIL and TNF-alpha."
C-C motif chemokine 7,C-X-C motif chemokine 9,unknown,C-C motif chemokine 7,C-X-C motif chemokine 9,18838202,It might be possible to therapeutically exploit those differences with effector molecules specific for the FLIP isoforms.
C-C motif chemokine 7,Fms-related tyrosine kinase 3 ligand,unknown,C-C motif chemokine 7,Fms-related tyrosine kinase 3 ligand,18838202,It might be possible to therapeutically exploit those differences with effector molecules specific for the FLIP isoforms.
C-X-C motif chemokine 9,Fms-related tyrosine kinase 3 ligand,unknown,C-X-C motif chemokine 9,Fms-related tyrosine kinase 3 ligand,18838202,It might be possible to therapeutically exploit those differences with effector molecules specific for the FLIP isoforms.
C-C motif chemokine 7,Lymphotoxin-alpha,unknown,C-C motif chemokine 7,Lymphotoxin-alpha,15886116,Results from mice deficient in one or more Vav proteins has shown that they play critical roles in T-cell development and activation.
C-C motif chemokine 7,Fms-related tyrosine kinase 3 ligand,regulates,C-C motif chemokine 7,Fms-related tyrosine kinase 3 ligand,10625644,SP-A concentrations are influenced by both cell-specific and ubiquitous nuclear proteins that regulate SP-A gene transcription in a cell-selective and temporally regulated manner.
C-C motif chemokine 7,Lymphotoxin-alpha,unknown,C-C motif chemokine 7,Lymphotoxin-alpha,19017259,"Cell culture derived TFPI and recombinant TFPI (rTFPI) exhibit variations in their respective anticoagulant activity, which may be caused by post-translational modifications, such as the frequent differences in sugar chain structures among recombinant proteins."
C-C motif chemokine 7,C-X-C motif chemokine 9,unknown,C-C motif chemokine 7,C-X-C motif chemokine 9,23022657,We also wanted to determine if the interaction with ABI-1 is isoform specific with respect to MIG-10.
C-C motif chemokine 3,C-C motif chemokine 7,unknown,C-C motif chemokine 3,C-C motif chemokine 7,15080793,SJ-1 significantly attenuated the generation of Ca2+ oscillations induced by ATP and the 5-Pase domain mimicked this effect.
C-C motif chemokine 3,Fms-related tyrosine kinase 3 ligand,unknown,C-C motif chemokine 3,Fms-related tyrosine kinase 3 ligand,15080793,"Overexpression of the endoplasmic reticulum-anchored PtdIns(4)P phosphatase Sac1 did not affect Ca2+ oscillations, although it increased the Ca2+ efflux rate from intracellular stores."
C-C motif chemokine 3,Lymphotoxin-alpha,unknown,C-C motif chemokine 3,Lymphotoxin-alpha,15080793,"Overexpression of the endoplasmic reticulum-anchored PtdIns(4)P phosphatase Sac1 did not affect Ca2+ oscillations, although it increased the Ca2+ efflux rate from intracellular stores."
Fms-related tyrosine kinase 3 ligand,Lymphotoxin-alpha,unknown,Fms-related tyrosine kinase 3 ligand,Lymphotoxin-alpha,15080793,"Overexpression of the endoplasmic reticulum-anchored PtdIns(4)P phosphatase Sac1 did not affect Ca2+ oscillations, although it increased the Ca2+ efflux rate from intracellular stores."
C-C motif chemokine 7,Lymphotoxin-alpha,unknown,C-C motif chemokine 7,Lymphotoxin-alpha,15080793,"The ability of SJ-1 to alter intracellular Ca2+ signalling indicates a close functional interrelationship between plasma membrane PtdIns(4,5)P2 pools that control actin and endocytosis and those involved in the regulation of specific spatio-temporal Ca2+ signals."
C-C motif chemokine 7,Fms-related tyrosine kinase 3 ligand,unknown,C-C motif chemokine 7,Fms-related tyrosine kinase 3 ligand,28152516,Nuclear/cytoplasmic distribution and phosphorylation of YAP significantly influence its stabilization.
C-C motif chemokine 7,Tumor necrosis factor,unknown,C-C motif chemokine 7,Tumor necrosis factor,28152516,"We observed that, after 6 hours of CHX treatment, TNFAIP8 overexpression significantly upregulated total YAP protein."
Lymphotoxin-alpha,Tumor necrosis factor,unknown,Lymphotoxin-alpha,Tumor necrosis factor,28152516,These results indicate that the half-life of endogenous YAP increased with TNFAIP8 transfection and decreased after siRNA treatment.
Lymphotoxin-alpha,Tumor necrosis factor,unknown,Lymphotoxin-alpha,Tumor necrosis factor,28152516,"Based on the above results, we assumed that TNFAIP8 could stabilize the YAP protein and thus increase its steady-state protein level and nuclear localization, leading to inhibition of Hippo signaling."
C-C motif chemokine 7,Lymphotoxin-alpha,unknown,C-C motif chemokine 7,Lymphotoxin-alpha,21283673,Alterations in the U2 snRNA secondary structure failed to produce significant changes in the 6-AU sensitivity of these strains (data not shown and Table 1).
C-C motif chemokine 7,Lymphotoxin-alpha,unknown,C-C motif chemokine 7,Lymphotoxin-alpha,20463880,"The Rad5 helicase activity, but not its RING finger, was required to prevent duplication-mediated GCRs, although the function of Rad5 remained dependent upon modification of PCNA at Lys164."
C-C motif chemokine 7,Lymphotoxin-alpha,unknown,C-C motif chemokine 7,Lymphotoxin-alpha,22865860,Modification of both proteins was attempted using human N-myristoyltransferase and [(3)H]myristoyl-CoA.
Fms-related tyrosine kinase 3 ligand,Lymphotoxin-alpha,unknown,Fms-related tyrosine kinase 3 ligand,Lymphotoxin-alpha,23533635,"Such effectors may include SGTA, and the resulting assemblies influence the subsequent fate of the hydrophobic BAG6 substrates."
C-C motif chemokine 7,Lymphotoxin-alpha,unknown,C-C motif chemokine 7,Lymphotoxin-alpha,11134534,These results suggest that PKN plays a significant role in the control of mitotic timing by inhibition of Cdc25C.
Lymphotoxin-alpha,Macrophage metalloelastase,regulates,Lymphotoxin-alpha,Macrophage metalloelastase,11707585,Fringe modulates Notch signaling resulting in the establishment of compartmental boundaries in developing organisms.
C-C motif chemokine 7,Lymphotoxin-alpha,unknown,C-C motif chemokine 7,Lymphotoxin-alpha,11707585,"Although the beta 3GlcNAcT activity of manic or lunatic fringe is shown to be necessary for inhibition of Jagged1-induced Notch signaling in a coculture assay, it is not sufficient."
C-C motif chemokine 7,Lymphotoxin-alpha,unknown,C-C motif chemokine 7,Lymphotoxin-alpha,17948059,We find that histone H3 K36 tri-methylation requires specific components of the Paf1 complex and that K36 tri-methylation is more strongly affected at the 5' ends of genes in paf1delta and bur2delta strains in parallel with increased acetylation of histones H3 and H4.
C-C motif chemokine 3,Lymphotoxin-alpha,unknown,C-C motif chemokine 3,Lymphotoxin-alpha,18391200,"Having solved the quaternary structure of the folded domains in the tumor suppressor p53 by a multidisciplinary approach, we have now determined the average ensemble structure of the intrinsically disordered N-terminal transactivation domain (TAD) by using residual dipolar couplings (RDCs) from NMR spectroscopy and small-angle x-ray scattering (SAXS)."
C-C motif chemokine 7,Lymphotoxin-alpha,binds,C-C motif chemokine 7,Lymphotoxin-alpha,21807881,"These results suggest that COG directly interacts with specific t-SNAREs and positively regulates SNARE complex assembly, thereby affecting their associated trafficking steps."
C-C motif chemokine 7,Fms-related tyrosine kinase 3 ligand,unknown,C-C motif chemokine 7,Fms-related tyrosine kinase 3 ligand,17766642,Identification of the substrate binding region of vesicular monoamine transporter-2 (VMAT-2) using iodoaminoflisopolol as a novel photoprobe.
C-C motif chemokine 7,Fms-related tyrosine kinase 3 ligand,unknown,C-C motif chemokine 7,Fms-related tyrosine kinase 3 ligand,17766642,"Based on our previous studies using photoaffinity-labeling techniques in characterizing the VMAT2-specific ligands ketanserin and tetrabenazine, this study describes the synthesis and characterization of a fluorenone-based compound, iodoaminoflisopolol (IAmF), as a photoprobe to identify the substrate binding site(s) of VMAT2."
C-C motif chemokine 7,Lymphotoxin-alpha,unknown,C-C motif chemokine 7,Lymphotoxin-alpha,26151477,Here we show that RNF111 is required for efficient repair of ultraviolet-induced DNA lesions.
C-C motif chemokine 7,Fms-related tyrosine kinase 3 ligand,unknown,C-C motif chemokine 7,Fms-related tyrosine kinase 3 ligand,28806752,"As indicated in Fig 1D, although total plasma MP concentration is not significantly altered in Bin1 HT mice (Fig 1D, left panel), the plasma concentration of cBIN1-MPs (Fig 1D, right panel; representative flow scatter plots against IgG isotype control are in S1C Fig) in Bin1 HT mice (251.8 +/- 48.3 MPs/ml) is significantly decreased by 47% from WT mice (470.4 +/- 67.8 MPs/ml) (p < 0.05) (Fig 1D)."
C-C motif chemokine 7,Lymphotoxin-alpha,unknown,C-C motif chemokine 7,Lymphotoxin-alpha,28806752,"As indicated in Fig 1D, although total plasma MP concentration is not significantly altered in Bin1 HT mice (Fig 1D, left panel), the plasma concentration of cBIN1-MPs (Fig 1D, right panel; representative flow scatter plots against IgG isotype control are in S1C Fig) in Bin1 HT mice (251.8 +/- 48.3 MPs/ml) is significantly decreased by 47% from WT mice (470.4 +/- 67.8 MPs/ml) (p < 0.05) (Fig 1D)."
Fms-related tyrosine kinase 3 ligand,Lymphotoxin-alpha,unknown,Fms-related tyrosine kinase 3 ligand,Lymphotoxin-alpha,28806752,"As indicated in Fig 1D, although total plasma MP concentration is not significantly altered in Bin1 HT mice (Fig 1D, left panel), the plasma concentration of cBIN1-MPs (Fig 1D, right panel; representative flow scatter plots against IgG isotype control are in S1C Fig) in Bin1 HT mice (251.8 +/- 48.3 MPs/ml) is significantly decreased by 47% from WT mice (470.4 +/- 67.8 MPs/ml) (p < 0.05) (Fig 1D)."
C-C motif chemokine 7,Lymphotoxin-alpha,unknown,C-C motif chemokine 7,Lymphotoxin-alpha,17940067,Their absence from the yeasts and other eukaryotic 'microbes' suggests a specific role for them in the development of multicellular organisms.
C-C motif chemokine 7,Macrophage metalloelastase,unknown,C-C motif chemokine 7,Macrophage metalloelastase,17940067,"Only TLK1 plays an essential role in cell growth, and a deficiency in TLK1 led to an enrichment of S-phase cells, defective spindle formation and aberrant chromosome segregation."
Fms-related tyrosine kinase 3 ligand,Lymphotoxin-alpha,unknown,Fms-related tyrosine kinase 3 ligand,Lymphotoxin-alpha,14500836,The signaling systems of Notch and bone morphogenetic protein (BMP) are highly conserved from flies to mammals and have been shown to be important in the development of multiple organs.
C-C motif chemokine 7,Fms-related tyrosine kinase 3 ligand,unknown,C-C motif chemokine 7,Fms-related tyrosine kinase 3 ligand,20610737,These data support a model whereby PDE10A trafficking and localization can be regulated in response to local fluctuations in cAMP levels.
C-C motif chemokine 7,Lymphotoxin-alpha,unknown,C-C motif chemokine 7,Lymphotoxin-alpha,12086618,PR-Set7 is a nucleosome-specific methyltransferase that modifies lysine 20 of histone H4 and is associated with silent chromatin.
C-C motif chemokine 7,Lymphotoxin-alpha,unknown,C-C motif chemokine 7,Lymphotoxin-alpha,9808621,These results suggest that Mbc is a specific upstream regulator of Rac activity that mediates several morphogenetic processes in Drosophila embryogenesis.
C-C motif chemokine 7,Lymphotoxin-alpha,unknown,C-C motif chemokine 7,Lymphotoxin-alpha,9054950,"For lysosomal sialidase in humans, the primary genetic deficiency results in an autosomal recessive disease, sialidosis, associated with tissue accumulation and urinary excretion of sialylated oligosaccharides and glycolipids."
Fms-related tyrosine kinase 3 ligand,Lymphotoxin-alpha,unknown,Fms-related tyrosine kinase 3 ligand,Lymphotoxin-alpha,16413484,"The processivity of multiubiquitination is strongly influenced by the D box within the substrate, suggesting that substrate ordering is established by a mechanism intrinsic to APC and its substrates and similar to kinetic proofreading."
C-C motif chemokine 7,Lymphotoxin-alpha,unknown,C-C motif chemokine 7,Lymphotoxin-alpha,18794358,Deletion mapping studies revealed that the acetyltransferase domain of MOZ/MORF is sufficient for BRPF1 interaction.
C-C motif chemokine 7,Lymphotoxin-alpha,unknown,C-C motif chemokine 7,Lymphotoxin-alpha,1939122,"The scheme developed results in a 24,000-fold purification of the factor with about 26% recovery of activity."
C-C motif chemokine 7,Lymphotoxin-alpha,unknown,C-C motif chemokine 7,Lymphotoxin-alpha,18628300,"In addition, RNAi of BAF eliminated the core assembly of lamin A and emerin, caused abnormal cytoplasmic accumulation of precursor nuclear membranes and resulted in a significant delay of NE assembly."
C-C motif chemokine 7,Lymphotoxin-alpha,unknown,C-C motif chemokine 7,Lymphotoxin-alpha,19837034,"Although we do not have sufficient data to model the replisome, the electrostatic surface potential of Pol gammaA is informative."
C-X-C motif chemokine 9,Fms-related tyrosine kinase 3 ligand,unknown,C-X-C motif chemokine 9,Fms-related tyrosine kinase 3 ligand,26651479,These results suggested that the enhanced sequestration of CHMP2B might reduce autophagic flux.
C-X-C motif chemokine 9,Lymphotoxin-alpha,unknown,C-X-C motif chemokine 9,Lymphotoxin-alpha,26651479,These results suggested that the enhanced sequestration of CHMP2B might reduce autophagic flux.
Fms-related tyrosine kinase 3 ligand,Lymphotoxin-alpha,unknown,Fms-related tyrosine kinase 3 ligand,Lymphotoxin-alpha,26651479,These results suggested that the enhanced sequestration of CHMP2B might reduce autophagic flux.
Fms-related tyrosine kinase 3 ligand,Interleukin-6,unknown,Fms-related tyrosine kinase 3 ligand,Interleukin-6,22069318,"Expression of a K34R-mutant TAK1 led to a reduced NF-kappaB activation, IL-6 promoter activity, and proinflammatory cytokine secretion by TNF-alpha-stimulated PC-3U cells."
Fms-related tyrosine kinase 3 ligand,Lymphotoxin-alpha,activates,Fms-related tyrosine kinase 3 ligand,Lymphotoxin-alpha,22936343,"Activation of LXR by oxysterols, particularly 24(S),25-epoxycholesterol and 22(R)-hydroxycholesterol, induces the expression of genes encoding proteins essential for cholesterol efflux from cells, including ATP-binding cassette transporter A1 (ABCA1) and ABCG1, phospholipid transfer protein (PLTP), ADP-ribosylation factor-like 7 (ARL7) and apolipoprotein (Apo)E."
C-C motif chemokine 7,Fms-related tyrosine kinase 3 ligand,unknown,C-C motif chemokine 7,Fms-related tyrosine kinase 3 ligand,22043453,"In addition, C-Raffl/fl; K-RasLSL mice exhibited a significant reduction in bronchiolar hyperplasia (BH), adenomatous alveolar hyperplasia (AAH), and adenomas (Figure 3B) while the size of neoplasms was not affected by the absence of C-Raf (Figure 3C), suggesting that the lower number of neoplasms results in reduced lung tumor burden."
C-C motif chemokine 7,Lymphotoxin-alpha,unknown,C-C motif chemokine 7,Lymphotoxin-alpha,22043453,"In addition, C-Raffl/fl; K-RasLSL mice exhibited a significant reduction in bronchiolar hyperplasia (BH), adenomatous alveolar hyperplasia (AAH), and adenomas (Figure 3B) while the size of neoplasms was not affected by the absence of C-Raf (Figure 3C), suggesting that the lower number of neoplasms results in reduced lung tumor burden."
Fms-related tyrosine kinase 3 ligand,Lymphotoxin-alpha,unknown,Fms-related tyrosine kinase 3 ligand,Lymphotoxin-alpha,22043453,"In addition, C-Raffl/fl; K-RasLSL mice exhibited a significant reduction in bronchiolar hyperplasia (BH), adenomatous alveolar hyperplasia (AAH), and adenomas (Figure 3B) while the size of neoplasms was not affected by the absence of C-Raf (Figure 3C), suggesting that the lower number of neoplasms results in reduced lung tumor burden."
C-C motif chemokine 7,Fms-related tyrosine kinase 3 ligand,unknown,C-C motif chemokine 7,Fms-related tyrosine kinase 3 ligand,22043453,"Interestingly, while B-Raffl/fl; K-RasLSL mice displayed a specific reduction in the number of BHs but not AAHs or adenomas (Figure 3B), the size of all neoplasms was reduced (Figure 3C)."
Fms-related tyrosine kinase 3 ligand,Lymphotoxin-alpha,unknown,Fms-related tyrosine kinase 3 ligand,Lymphotoxin-alpha,27418190,These caspases are activated within multi-protein inflammasome complexes that assemble in response to pathogens and endogenous danger signals.
C-X-C motif chemokine 9,Fms-related tyrosine kinase 3 ligand,unknown,C-X-C motif chemokine 9,Fms-related tyrosine kinase 3 ligand,15522242,This may reflect the fact that overexpression of the multiple cloning site-His tag region in pET24a might affect bacterial growth.
C-X-C motif chemokine 9,Lymphotoxin-alpha,unknown,C-X-C motif chemokine 9,Lymphotoxin-alpha,15522242,This may reflect the fact that overexpression of the multiple cloning site-His tag region in pET24a might affect bacterial growth.
Fms-related tyrosine kinase 3 ligand,Lymphotoxin-alpha,unknown,Fms-related tyrosine kinase 3 ligand,Lymphotoxin-alpha,15522242,This may reflect the fact that overexpression of the multiple cloning site-His tag region in pET24a might affect bacterial growth.
C-C motif chemokine 3,Fms-related tyrosine kinase 3 ligand,unknown,C-C motif chemokine 3,Fms-related tyrosine kinase 3 ligand,19121998,"Extracts of five oocytes were prepared in extraction buffer (80 mm beta-glycerophosphate, 20 mm EGTA, 15 mm MgCl2, 1 mm dithiothreitol, protease inhibitor mix (Roche Applied Science), 1 mm 4-(2-aminoethyl)-benzenesulfonyl fluoride, 1 mum okadaic acid) either before progesterone stimulation or 2 h after germinal vesicle breakdown (GVBD),3 when uninjected oocytes reached Meta II arrest."
C-C motif chemokine 7,Macrophage metalloelastase,unknown,C-C motif chemokine 7,Macrophage metalloelastase,18843296,"coli lysate proteins, and the specificity of the interactions was assessed by the enrichment of the coat protein from the input mixture (Figure 1B and 1D)."
Fms-related tyrosine kinase 3 ligand,Macrophage metalloelastase,unknown,Fms-related tyrosine kinase 3 ligand,Macrophage metalloelastase,24081491,"5 C), as well as the selective enrichment of FLCN on lysosomes under such conditions (Fig."
C-C motif chemokine 7,Fms-related tyrosine kinase 3 ligand,unknown,C-C motif chemokine 7,Fms-related tyrosine kinase 3 ligand,24081491,"However, the strong binding of FLCN to Rags in the absence of amino acids indicates that the simple binding of FLCN to Rags is not sufficient for their subsequent activation, and that an additional amino acid-dependent signal is required for this to occur."
C-C motif chemokine 7,Lymphotoxin-alpha,inhibits,C-C motif chemokine 7,Lymphotoxin-alpha,29511076,"These results suggest that to effectively inhibit CoVs, nucleoside analogues would need to inhibit ExoN directly, be incorporated so efficiently that the 5'-3' elongation reaction is much faster than the ExoN cleavage reaction, or not be recognized for ExoN-mediated removal."
C-C motif chemokine 7,Lymphotoxin-alpha,unknown,C-C motif chemokine 7,Lymphotoxin-alpha,29511076,"This result suggests that GS-5734 is recognized, at least partially, by a functional ExoN, but that the ExoN activity is not sufficient to prevent potent inhibition of CoV replication."
C-C motif chemokine 3,C-C motif chemokine 7,unknown,C-C motif chemokine 3,C-C motif chemokine 7,23297414,"The siRNAs used were as follows: Amph1+2 pool 1, HSS100465 (two oligos against human amphiphysin1, Invitrogen) and 4392420 s1341 (one oligo against human amphiphysin2 (BIN1), Ambion); Amph1+2 pool 2, HSS100466 (two oligos against human amphiphysin1, Invitrogen) and 4392420 s1342 (one oligo against human amphiphysin2 (BIN1), Ambion); Amph1+2 pool 3, HSS100467 (two oligos against human amphiphysin1, Invitrogen) and 4392420 s1343 (one oligo against human amphiphysin2 (BIN1), Ambion); EndoA1+2+3 pool 1, L-012597 (four oligos against human endophilinA1, Dharmacon), L-019582 (four oligos against human endophilinA2, Dharmacon), and L-015728 (four oligos against human endophilinA3, Invitrogen); EndoA1+2+3 pool 2, HSS109708 (two oligos against human endophilinA1, Invitrogen), HSS109705 (two oligos against human endophilinA2, Invitrogen), and HSS109711 (two oligos against human endophilinA3, Invitrogen); EndoA1+2+3 pool 3, HSS109709 (two oligos against human endophilinA1, Invitrogen), HSS109706 (two oligos against human endophilinA2, Invitrogen), and HSS109712 (2 oligos against human endophilinA3, Invitrogen); SNX9 siRNA-1, HSS122185 (two oligos against human SNX9, Invitrogen); SNX9 siRNA-2, HSS122186 (two oligos against human SNX9, Invitrogen), SNX9 siRNA-3, HSS122187 (two oligos against human SNX9, Invitrogen); SNX9 pool, HSS122185, HSS122186, and HSS122187 (a total of six oligos against human SNX9, Invitrogen); DNM1+2 pool 1, HSS176208 (two oligos against human dynamin1, Invitrogen) and J-004007-06 (one oligo against human dynamin2, Thermo Scientific); DNM1+2 pool 2, HSS102821 (two oligos against human dynamin1, Invitrogen) and J-004007-08 (one oligo against human dynamin2, Thermo Scientific)."
Fms-related tyrosine kinase 3 ligand,Lymphotoxin-alpha,unknown,Fms-related tyrosine kinase 3 ligand,Lymphotoxin-alpha,31031142,"Briefly, HT-29 cells were seeded on the day preceding the experiment at 5,000 cells per well in 96-well tissue culture plates."
C-C motif chemokine 7,Fms-related tyrosine kinase 3 ligand,unknown,C-C motif chemokine 7,Fms-related tyrosine kinase 3 ligand,26390218,"TEWL values are significantly lower in Spink5-/-Klk5-/- as compared to Spink5-/- and similar to wt animals, reflecting normalization of the skin barrier defect on the Lekti-deficient background solely by Klk5 deletion."
C-C motif chemokine 7,Lymphotoxin-alpha,unknown,C-C motif chemokine 7,Lymphotoxin-alpha,20801121,"Moreover, in organotypic 3D culture, N3 knockdown impaired squamous epithelial stratification and IVL expression without affecting basal cell proliferation (Figure 6E)."
Fms-related tyrosine kinase 3 ligand,Lymphotoxin-alpha,unknown,Fms-related tyrosine kinase 3 ligand,Lymphotoxin-alpha,25254656,Although immunofluorescence analysis of S.
C-C motif chemokine 7,Lymphotoxin-alpha,unknown,C-C motif chemokine 7,Lymphotoxin-alpha,23424281,"Significantly, CN2097 restored the defective CaMKII, Akt, 4EBP1, and S6 signaling resulting from Arc overexpression to control levels (Figures 4B and S4B, lower panel quantitation), and disrupted the interaction between Arc and PSD-95, with a concomitant increase in BDNF-induced TrkB-PSD-95 association (Figure S4B, middle panel)."
C-C motif chemokine 7,Lymphotoxin-alpha,unknown,C-C motif chemokine 7,Lymphotoxin-alpha,10224290,"The lysates were mixed with 6x reducing or nonreducing SDS-solubilization buffer, subjected to SDS-PAGE, electroblotted to membrane filters, probed with either control rabbit IgG or purified rabbit anti-human MARCO antibody followed by avidin-HRP conjugate (Pierce Chemical Co.), and developed using chemiluminence reagent (Supersignal(R) ; Pierce Chemical Co)."
C-C motif chemokine 7,Lymphotoxin-alpha,unknown,C-C motif chemokine 7,Lymphotoxin-alpha,24901984,"To confirm these results in an independent cellular system, HeLa cells were incubated with a master mix containing the HA-tagged ubiquitin plasmid and siRNA oligonucleotides for specific GSK3beta gene silencing (GSK3beta RNAi) or control scrambled siRNA oligonucleotides (scrRNAi) (Figure 6B; Figure S2)."
C-C motif chemokine 7,Lymphotoxin-alpha,unknown,C-C motif chemokine 7,Lymphotoxin-alpha,16118227,Identification and characterization of a novel human histone H3 lysine 36-specific methyltransferase.
C-C motif chemokine 7,Lymphotoxin-alpha,unknown,C-C motif chemokine 7,Lymphotoxin-alpha,26183061,The results showed that MKRN1 could specifically target K289 but not K13 for ubiquitination.
C-C motif chemokine 7,Lymphotoxin-alpha,unknown,C-C motif chemokine 7,Lymphotoxin-alpha,16115959,"The results establish that (1) fibrinogen binding to platelets leads to PTP-1B recruitment to an alphaIIbbeta3-based signaling complex that includes c-Src and Csk; (2) recruitment of PTP-1B is required for the dissociation of Csk from the complex, dephosphorylation of c-Src tyrosine 529, and c-Src activation; (3) PTP-1B is required for alphaIIbbeta3-dependent platelet spreading on fibrinogen and for normal fibrin clot retraction but not for the agonist-induced activation of alphaIIbbeta3; and (4) deficiency of PTP-1B results in defective platelet thrombus formation in an in vivo model of vascular injury."
C-C motif chemokine 7,Fms-related tyrosine kinase 3 ligand,unknown,C-C motif chemokine 7,Fms-related tyrosine kinase 3 ligand,20230748,"Immunofluorescence staining and quantification revealed that, in contrast to Ift20, Ift80 and Kif3a, Ift88 failed to associate with centrosomes in Ofd1Gt cells (Figure 6D-E)."
C-C motif chemokine 3,C-C motif chemokine 7,unknown,C-C motif chemokine 3,C-C motif chemokine 7,23536704,"As further verification of this lifetime distribution, we imaged the recruitment of dynamin-GFP into CCPs and its disappearance as an independent index of vesicle scission and endocytosis."
C-X-C motif chemokine 9,Lymphotoxin-alpha,unknown,C-X-C motif chemokine 9,Lymphotoxin-alpha,19658160,Our results raise the possibility that Izumo 1 might be involved in organizing or stabilizing a multiprotein complex essential for the function of the membrane fusion machinery.
C-C motif chemokine 7,Lymphotoxin-alpha,unknown,C-C motif chemokine 7,Lymphotoxin-alpha,20976142,"A significant effect in comparison to untreated cells (time point 0) was observed at 2, 5, 10 and 20 min time points for ERK2 phosphorylation and at 10 and 20 min periods for CREB phosphorylation (n = 4 independent experiments per group, p<0.05, one-way ANOVA followed by Dunnet's multiple comparison test)."
C-C motif chemokine 7,Lymphotoxin-alpha,unknown,C-C motif chemokine 7,Lymphotoxin-alpha,22673745,"Although the I43V mutation reduced GST-RhoC basal nucleotide exchange activity (Table 2), it also produced a GTPase that was a significantly better substrate for XPLN, GEFT and Dbl (Fig."
C-C motif chemokine 7,Lymphotoxin-alpha,unknown,C-C motif chemokine 7,Lymphotoxin-alpha,21680713,"Although all three kinases exhibit a high degree of homology within the kinase domain, there are significant differences in their N- and C-terminal extensions, which suggests these proteins are functionally distinct."
C-C motif chemokine 7,Lymphotoxin-alpha,unknown,C-C motif chemokine 7,Lymphotoxin-alpha,9864362,"The data in this paper show that aggresome formation results either from overexpression of inefficiently folded proteins like CFTR or DeltaF508 (increasing steps 1 and 2), or from inhibiting proteasomes (preventing steps 3, 7a, and 7b), suggesting that the formation of aggresomes is a cellular stress response pathway for misfolded protein."
C-X-C motif chemokine 9,Macrophage metalloelastase,unknown,C-X-C motif chemokine 9,Macrophage metalloelastase,9472046,"For example, FG cell attachment to collagen is permissive for migration, while attachment to vitronectin is not."
C-X-C motif chemokine 9,Lymphotoxin-alpha,unknown,C-X-C motif chemokine 9,Lymphotoxin-alpha,9472046,"In addition, selection of FG-M cells for their ability to spontaneously migrate on vitronectin resulted in a cell population that showed increased CAS phosphorylation and CAS/Crk coupling upon adhesion to vitronectin."
Fms-related tyrosine kinase 3 ligand,Lymphotoxin-alpha,unknown,Fms-related tyrosine kinase 3 ligand,Lymphotoxin-alpha,21816365,"To extend these results, we investigated the protein expression of HAND1, MESP1, and FOXA2 in FLyB and FLyA conditions (Figure 2C; Figures S2D and S2E)."
C-C motif chemokine 7,Lymphotoxin-alpha,unknown,C-C motif chemokine 7,Lymphotoxin-alpha,26668317,"A two-way ANOVA statistical analysis was performed with a Bonferroni's multiple comparisons test (ns, non-significant, ****, p < 0.0001)."
C-C motif chemokine 3,C-C motif chemokine 7,unknown,C-C motif chemokine 3,C-C motif chemokine 7,11940607,"Rhodamine-phalloidin was from Molecular Probes; purified human fibrinogen was from Enzyme Research Laboratories, Inc.; collagen, leupeptin, and cytochalasin D were from Sigma-Aldrich, and sodium orthovanadate and sodium fluoride were from Fisher Scientific."
C-C motif chemokine 3,Fms-related tyrosine kinase 3 ligand,unknown,C-C motif chemokine 3,Fms-related tyrosine kinase 3 ligand,11940607,"Rhodamine-phalloidin was from Molecular Probes; purified human fibrinogen was from Enzyme Research Laboratories, Inc.; collagen, leupeptin, and cytochalasin D were from Sigma-Aldrich, and sodium orthovanadate and sodium fluoride were from Fisher Scientific."
C-C motif chemokine 7,Fms-related tyrosine kinase 3 ligand,unknown,C-C motif chemokine 7,Fms-related tyrosine kinase 3 ligand,11940607,"Rhodamine-phalloidin was from Molecular Probes; purified human fibrinogen was from Enzyme Research Laboratories, Inc.; collagen, leupeptin, and cytochalasin D were from Sigma-Aldrich, and sodium orthovanadate and sodium fluoride were from Fisher Scientific."
C-C motif chemokine 7,Lymphotoxin-alpha,unknown,C-C motif chemokine 7,Lymphotoxin-alpha,22581368,"Although a large number of effectors have been identified for many of these Rab proteins, how mechanistically effectors and Rab proteins are linked to produce specific and selective variations in Golgi trafficking/organization is still not clear."
C-C motif chemokine 7,Lymphotoxin-alpha,unknown,C-C motif chemokine 7,Lymphotoxin-alpha,9657743,"Crkl, an SH2/SH3 adapter protein, becomes coimmunoprecipitated specifically with STAT5 from erythropoietin-stimulated erythroid cells; although it was shown to become associated with c-Cbl in the studies using cell lines."
C-C motif chemokine 7,Lymphotoxin-alpha,inhibits,C-C motif chemokine 7,Lymphotoxin-alpha,28666118,Developing compounds that inhibit both forms of KRAS without affecting HRAS and NRAS will be difficult.
C-C motif chemokine 7,Fms-related tyrosine kinase 3 ligand,unknown,C-C motif chemokine 7,Fms-related tyrosine kinase 3 ligand,20657595,"Elimination of matriptase from LEKTI-deficient epidermis also restored keratohyalin granules in the upper epidermis (compare Figure 5f and h) that contained profilaggrin, as determined by immunofluorescence (Supplementary Figure 4a-d)."
C-C motif chemokine 7,Lymphotoxin-alpha,unknown,C-C motif chemokine 7,Lymphotoxin-alpha,20657595,"Thus, although loss of matriptase by itself impairs epidermal barrier function by weakening epidermal tight junctions and by preventing calpain/caspase-14/bleomycin-mediated profilaggrin/filaggrin processing, the ablation of the serine protease markedly improved, rather than further deteriorated, the barrier function of LEKTI-deficient epidermis."
C-C motif chemokine 7,Lymphotoxin-alpha,unknown,C-C motif chemokine 7,Lymphotoxin-alpha,25994018,"Forced expression of BRF2 and DSN1 in NIH3T3 and non-malignant MCF10A breast epithelial cells resulted in their nuclear localization as expected (Figure 4A; Additional file 7), and in significant transformation of NIH3T3 and MCF10A cells as measured by a foci formation assay (Figure 4B) and anchorage-independent growth in soft agar (Figure 4C), respectively."
C-C motif chemokine 7,Lymphotoxin-alpha,unknown,C-C motif chemokine 7,Lymphotoxin-alpha,22487722,It is possible that we were unable to identify specific mutations to Ebi3 or p35 that affect IL-35 pairing because multiple weak interactions are collectively required to mediate Ebi3:p35 pairing and thus single point mutations are insufficient.
C-C motif chemokine 7,Fms-related tyrosine kinase 3 ligand,binds,C-C motif chemokine 7,Fms-related tyrosine kinase 3 ligand,19690147,"The phosphorylation status of specific residues on Sprouty2 influences its ability to interact with B-Raf and to modulate MAPK activation in response to growth factors, while evidence suggests that the active B-Raf kinase conformation independently prevents association with Sprouty2."
C-C motif chemokine 7,Lymphotoxin-alpha,unknown,C-C motif chemokine 7,Lymphotoxin-alpha,25593184,These results are consistent with a previous study and suggest that loss of ATRX is insufficient to establish ALT.
C-C motif chemokine 7,Lymphotoxin-alpha,unknown,C-C motif chemokine 7,Lymphotoxin-alpha,19520913,"Idol expression increased plasma levels of total and unesterified cholesterol, whereas levels of triglycerides, free fatty acids and glucose were not significantly altered (Fig."
C-C motif chemokine 7,Fms-related tyrosine kinase 3 ligand,unknown,C-C motif chemokine 7,Fms-related tyrosine kinase 3 ligand,20421966,"Despite some significant increases in dendritic complexity (Table S1), particularly for FLRT1 (0-10mm), Y3F-FLRT1 (0-30mm) and FLRT1/FGFR1 (0-40mm) expressing cells, there was no change in the radial profile of dendritic complexity with the peak remaining in the first 10mm and steadily declining with increased distance from the cell body (Figure 3C)."
Fms-related tyrosine kinase 3 ligand,Lymphotoxin-alpha,unknown,Fms-related tyrosine kinase 3 ligand,Lymphotoxin-alpha,20421966,The rather surprising results we observed when comparing FLRT1 only expression with Y3F-FLRT1/FGFR1 co-expression suggest that up-regulation of FGFR1 can counteract the effect of deregulating FLRT1 phosphorylation.
C-C motif chemokine 7,Lymphotoxin-alpha,unknown,C-C motif chemokine 7,Lymphotoxin-alpha,23234702,"The results revealed that (i) there was no significant correlation between different Upf1-interacting factors and the NMD-inducing features and (ii) half of the transcripts in each category (SMG5&Upf1, SMG7&Upf1 and PNRC2&Upf1) contained uORF, which is an NMD-inducing feature."
Interleukin-10,Interleukin-2,unknown,Interleukin-10,Interleukin-2,19185846,"Because IL-23R signals through Stat3, and Stat3 can affect expression of FoxP3 and IL-10 in CD4+ T cells, we evaluated directly whether IL-23R signaling impacts Treg in the tumor microenvironment and whether this directly enhanced B16 tumor growth in vivo."
C-C motif chemokine 7,Interleukin-2,unknown,C-C motif chemokine 7,Interleukin-2,19185846,IL-23R blockade affected tumor infiltrating Tregs in a manner similar but not identical to T cell-specific Stat3 ablation (Fig.
C-C motif chemokine 7,Lymphotoxin-alpha,unknown,C-C motif chemokine 7,Lymphotoxin-alpha,19185846,IL-23R blockade affected tumor infiltrating Tregs in a manner similar but not identical to T cell-specific Stat3 ablation (Fig.
Interleukin-2,Lymphotoxin-alpha,unknown,Interleukin-2,Lymphotoxin-alpha,19185846,IL-23R blockade affected tumor infiltrating Tregs in a manner similar but not identical to T cell-specific Stat3 ablation (Fig.
C-C motif chemokine 7,Interleukin-2,unknown,C-C motif chemokine 7,Interleukin-2,19185846,Anti-IL-23R treated mice displayed a modest but significant reduction in the number of tumor infiltrating Treg numbers compared with control antibody treated mice.
C-C motif chemokine 7,Lymphotoxin-alpha,unknown,C-C motif chemokine 7,Lymphotoxin-alpha,19185846,Anti-IL-23R treated mice displayed a modest but significant reduction in the number of tumor infiltrating Treg numbers compared with control antibody treated mice.
Interleukin-2,Lymphotoxin-alpha,unknown,Interleukin-2,Lymphotoxin-alpha,19185846,Anti-IL-23R treated mice displayed a modest but significant reduction in the number of tumor infiltrating Treg numbers compared with control antibody treated mice.
Interleukin-2,Lymphotoxin-alpha,unknown,Interleukin-2,Lymphotoxin-alpha,19185846,While these results are consistent with a role for IL-23 driven Stat3 activation in tumor-infiltrating Treg although additional IL-23R dependent signaling pathways (such as Stat5) are likely operative in tumor infiltrating Treg.
Interleukin-10,Lymphotoxin-alpha,unknown,Interleukin-10,Lymphotoxin-alpha,19185846,"In addition, other cytokines in the tumor microenvironment (such as IL-10) could be additionally contributing to Stat3 activation in tumor infiltrating Treg."
C-C motif chemokine 7,Interleukin-2,unknown,C-C motif chemokine 7,Interleukin-2,19185846,"The effects of IL-23 within the tumor microenvironment indeed translate to an overall enhancement of tumor growth, as in vivo IL-23R blockade resulted in a significant reduction in tumor growth relative to isotype control antibody (Fig."
C-C motif chemokine 7,Lymphotoxin-alpha,unknown,C-C motif chemokine 7,Lymphotoxin-alpha,19185846,"The effects of IL-23 within the tumor microenvironment indeed translate to an overall enhancement of tumor growth, as in vivo IL-23R blockade resulted in a significant reduction in tumor growth relative to isotype control antibody (Fig."
Interleukin-2,Lymphotoxin-alpha,unknown,Interleukin-2,Lymphotoxin-alpha,19185846,"The effects of IL-23 within the tumor microenvironment indeed translate to an overall enhancement of tumor growth, as in vivo IL-23R blockade resulted in a significant reduction in tumor growth relative to isotype control antibody (Fig."
C-X-C motif chemokine 10,Lymphotoxin-alpha,unknown,C-X-C motif chemokine 10,Lymphotoxin-alpha,29390138,"For nucleoside analysis of HeLa cells cultured under taurine-depleted condition, 5 mug of tRNA fraction was digested as follows: 10 mul reaction mixture consisting of 20 mM ammonium acetate (pH 5.3) and 0.01 units/mul nuclease P1 (Wako Pure Chemical Industries) was incubated at 37degreesC for 30 min, followed by adding 0.5 mul of 1 M ammonium bicarbonate (pH 8.0) and 0.25 units of phosphodiesterase I (Worthington Biochemical Corporation) and incubated at 37degreesC for 30 min, then 0.1 units of alkaline Phosphatase (Escherichia coli C75) (Takara Bio) was added and further incubated at 37degreesC for 30 min."
C-C motif chemokine 7,Lymphotoxin-alpha,unknown,C-C motif chemokine 7,Lymphotoxin-alpha,6092944,The results of Northern blot and primer extension experiments indicate that strains with a wild-type copy of the RP51B gene and a mutant (or deleted) RP51A gene grow slowly because of an insufficient amount of RP51 mRNA.
C-C motif chemokine 7,Lymphotoxin-alpha,unknown,C-C motif chemokine 7,Lymphotoxin-alpha,26751644,It is generally difficult to pinpoint the role of genes with multiple functions and functional redundancies in vivo.
C-C motif chemokine 7,Lymphotoxin-alpha,unknown,C-C motif chemokine 7,Lymphotoxin-alpha,20506188,RUNX1 is required for transcription of multiple hematopoietic-specific target genes and SWI/SNF is required for chromatin remodeling.
Granulocyte colony-stimulating factor,Lymphotoxin-alpha,inhibits,Granulocyte colony-stimulating factor,Lymphotoxin-alpha,18644434,The results indicate that the Jak kinase inhibitor AG490 inhibits G-CSF-stimulated Gab2 phosphorylation.
Interleukin-13,Lymphotoxin-alpha,unknown,Interleukin-13,Lymphotoxin-alpha,23124025,"To examine the involvement of Stat1 and Stat3 for other M2 gene expression in alternatively activated monocytes/macrophages by IL-13, we next checked the effect of both Stat1 and Stat3 decoy ODN treatment in regulating IL-13-induced MAO-A gene expression."
C-C motif chemokine 7,Interleukin-13,unknown,C-C motif chemokine 7,Interleukin-13,23124025,Results from our Western blot analysis indicate that both Stat1 and Stat3 decoy ODNs significantly down-regulated the IL-13-mediated induction of MAO-A protein expression (*p<0.002) (Fig.
C-C motif chemokine 7,Lymphotoxin-alpha,unknown,C-C motif chemokine 7,Lymphotoxin-alpha,23124025,Results from our Western blot analysis indicate that both Stat1 and Stat3 decoy ODNs significantly down-regulated the IL-13-mediated induction of MAO-A protein expression (*p<0.002) (Fig.
Interleukin-13,Lymphotoxin-alpha,unknown,Interleukin-13,Lymphotoxin-alpha,23124025,Results from our Western blot analysis indicate that both Stat1 and Stat3 decoy ODNs significantly down-regulated the IL-13-mediated induction of MAO-A protein expression (*p<0.002) (Fig.
Interleukin-13,Lymphotoxin-alpha,unknown,Interleukin-13,Lymphotoxin-alpha,23124025,"These results suggest that in addition to 15-LO, Stat1 and Stat3 transcription factors are also required for the expression of other alternative state (M2) genes like MAO-A in IL-13-stimulated monocytes/macrophages."
C-C motif chemokine 3,Fms-related tyrosine kinase 3 ligand,unknown,C-C motif chemokine 3,Fms-related tyrosine kinase 3 ligand,26916619,"FACS sorting was performed with a FACSAria sorter (BD Biosciences) using antibodies from eBiosciences including CD24-eFluor450, CD24-eFluor605, CD29-APC, c-Kit-PE-CY7, CD14-PE and biotinylated CD31, CD45, TER119 and Streptavidin-PerCP-CY5.5."
C-X-C motif chemokine 9,Lymphotoxin-alpha,binds,C-X-C motif chemokine 9,Lymphotoxin-alpha,20347429,"Importantly, our results have revealed that the MHF1-MHF2 dimer interacts directly with FANCM via MHF1, and that the protein dimer strongly enhances the DNA branch migration activity of FANCM in a manner that is dependent on FANCM's ability to hydrolyze ATP."
C-C motif chemokine 3,Fms-related tyrosine kinase 3 ligand,unknown,C-C motif chemokine 3,Fms-related tyrosine kinase 3 ligand,23059823,"Data were acquired on either a FACScan or an LSR II flow cytometer (BD Biosciences, San Jose, CA, USA)."
C-C motif chemokine 7,Lymphotoxin-alpha,inhibits,C-C motif chemokine 7,Lymphotoxin-alpha,23443682,"Increased activation of NF-kappaB in DAB2ip-deficient prostate epithelial cells results in epithelial-to-mesenchymal transition (EMT), marked by increased mesenchymal marker abundance on prostate epithelial cells, which is associated with metastasis, and that suggests that DAB2ip inhibits EMT and metastasis."
C-X-C motif chemokine 9,Fms-related tyrosine kinase 3 ligand,unknown,C-X-C motif chemokine 9,Fms-related tyrosine kinase 3 ligand,22562055,These results provide important insights into how Lands cycle phospholipid remodeling might influence the dynamic behavior of Golgi membranes.
C-X-C motif chemokine 9,Lymphotoxin-alpha,unknown,C-X-C motif chemokine 9,Lymphotoxin-alpha,22562055,These results provide important insights into how Lands cycle phospholipid remodeling might influence the dynamic behavior of Golgi membranes.
Fms-related tyrosine kinase 3 ligand,Lymphotoxin-alpha,unknown,Fms-related tyrosine kinase 3 ligand,Lymphotoxin-alpha,22562055,These results provide important insights into how Lands cycle phospholipid remodeling might influence the dynamic behavior of Golgi membranes.
C-C motif chemokine 7,Lymphotoxin-alpha,unknown,C-C motif chemokine 7,Lymphotoxin-alpha,21107422,"For quantification, relative transcript levels for each gene were normalized to ACT8 following the 2-DeltaDeltaCt method."
Interleukin-6,Lymphotoxin-alpha,unknown,Interleukin-6,Lymphotoxin-alpha,21892174,"After knockdown of DDX41, IFI16 or STING in THP-1 cells, we stimulated the cells with vaccinia virus DNA, HSV-1 DNA, poly(dG:dC) or HSV-1 and measured IFN-beta and IL-6 in the culture supernatants by ELISA."
Interleukin-6,Lymphotoxin-alpha,unknown,Interleukin-6,Lymphotoxin-alpha,21892174,"However, knockdown of IFI16 in THP-1 cells led to slightly lower responses of IFN-beta and IL-6 to DNA or HSV-1, which confirmed the results of a published study showing that IFI16 has a moderate role in viral DNA sensing."
C-C motif chemokine 7,Lymphotoxin-alpha,unknown,C-C motif chemokine 7,Lymphotoxin-alpha,31033440,"Grb10-deficient HSCs exhibit increased proliferation that is dependent on the SCF-AKT/mTORC1 pathway, consistent with our Grb10 knockdown results."
C-X-C motif chemokine 10,Lymphotoxin-alpha,binds,C-X-C motif chemokine 10,Lymphotoxin-alpha,21596310,"To validate these ChIP-chip results in an independent experiment, we performed manual ChIP assays in MCF7 cells using two different L3MBTL2 antibodies (see Figure S3E) and confirmed that L3MBTL2 and E2F6 bind to the high confidence binding sites identified by ChIP-chip, for instance to the promoter regions of RAD51C, UXT, RPA2 and CDC7 (Figure S3E)."
C-X-C motif chemokine 10,Tumor necrosis factor ligand superfamily member 10,binds,C-X-C motif chemokine 10,Tumor necrosis factor ligand superfamily member 10,21596310,"To validate these ChIP-chip results in an independent experiment, we performed manual ChIP assays in MCF7 cells using two different L3MBTL2 antibodies (see Figure S3E) and confirmed that L3MBTL2 and E2F6 bind to the high confidence binding sites identified by ChIP-chip, for instance to the promoter regions of RAD51C, UXT, RPA2 and CDC7 (Figure S3E)."
Lymphotoxin-alpha,Tumor necrosis factor ligand superfamily member 10,binds,Lymphotoxin-alpha,Tumor necrosis factor ligand superfamily member 10,21596310,"To validate these ChIP-chip results in an independent experiment, we performed manual ChIP assays in MCF7 cells using two different L3MBTL2 antibodies (see Figure S3E) and confirmed that L3MBTL2 and E2F6 bind to the high confidence binding sites identified by ChIP-chip, for instance to the promoter regions of RAD51C, UXT, RPA2 and CDC7 (Figure S3E)."
C-C motif chemokine 7,Tumor necrosis factor ligand superfamily member 10,unknown,C-C motif chemokine 7,Tumor necrosis factor ligand superfamily member 10,21596310,"We also examined if L3MBTL2 and E2F6 target the same sites in other cell lines, specifically HeLa and 293F."
C-X-C motif chemokine 10,Tumor necrosis factor ligand superfamily member 10,unknown,C-X-C motif chemokine 10,Tumor necrosis factor ligand superfamily member 10,21596310,"Some genes were found to be occupied in all three cell lines, such as CDC7, while certain genes, for instance MCM3, were occupied by L3MBTL2 and E2F6 in MCF7 and 293F, but not in HeLa cells (Figure S3F, G)."
C-X-C motif chemokine 10,Tumor necrosis factor ligand superfamily member 10,unknown,C-X-C motif chemokine 10,Tumor necrosis factor ligand superfamily member 10,21596310,Re-examination of the CDC7 gene by manual ChIP analysis (with primer sets that hybridize to proximal and distal regions of the CDC7 TSS) showed that L3MBTL2 binding was only evident at the proximal promoter and not 2 kb upstream or downstream of the TSS (Figure S3H).
C-C motif chemokine 7,Lymphotoxin-alpha,unknown,C-C motif chemokine 7,Lymphotoxin-alpha,21466504,"The non-specific binding of the indicated Sec61betaOPG variants to anti-PDI antibody-coated Protein A-Sepharose beads was subtracted from the results obtained using anti-TRC40 antibody-coated Protein A-Sepharose, and the resulting values were normalized to the amount of each Sec61betaOPG species present in the starting material (see Supplementary Figure S1 for a full worked example)."
Granulocyte-macrophage colony-stimulating factor,Interferon gamma,unknown,Granulocyte-macrophage colony-stimulating factor,Interferon gamma,25036362,"Human recombinant granulocyte-monocyte colony stimulating factor (GM-CSF), macrophage colony simulating factor, interferon gamma (IFN-gamma) and interleukin-4 were purchased from R&D System (Minneapolis, MN, USA)."
Granulocyte-macrophage colony-stimulating factor,Interleukin-4,unknown,Granulocyte-macrophage colony-stimulating factor,Interleukin-4,25036362,"Human recombinant granulocyte-monocyte colony stimulating factor (GM-CSF), macrophage colony simulating factor, interferon gamma (IFN-gamma) and interleukin-4 were purchased from R&D System (Minneapolis, MN, USA)."
Granulocyte-macrophage colony-stimulating factor,Macrophage colony-stimulating factor 1,unknown,Granulocyte-macrophage colony-stimulating factor,Macrophage colony-stimulating factor 1,25036362,"Human recombinant granulocyte-monocyte colony stimulating factor (GM-CSF), macrophage colony simulating factor, interferon gamma (IFN-gamma) and interleukin-4 were purchased from R&D System (Minneapolis, MN, USA)."
Interferon gamma,Interleukin-4,unknown,Interferon gamma,Interleukin-4,25036362,"Human recombinant granulocyte-monocyte colony stimulating factor (GM-CSF), macrophage colony simulating factor, interferon gamma (IFN-gamma) and interleukin-4 were purchased from R&D System (Minneapolis, MN, USA)."
Interferon gamma,Macrophage colony-stimulating factor 1,unknown,Interferon gamma,Macrophage colony-stimulating factor 1,25036362,"Human recombinant granulocyte-monocyte colony stimulating factor (GM-CSF), macrophage colony simulating factor, interferon gamma (IFN-gamma) and interleukin-4 were purchased from R&D System (Minneapolis, MN, USA)."
Interleukin-4,Macrophage colony-stimulating factor 1,unknown,Interleukin-4,Macrophage colony-stimulating factor 1,25036362,"Human recombinant granulocyte-monocyte colony stimulating factor (GM-CSF), macrophage colony simulating factor, interferon gamma (IFN-gamma) and interleukin-4 were purchased from R&D System (Minneapolis, MN, USA)."
C-C motif chemokine 3,C-C motif chemokine 7,unknown,C-C motif chemokine 3,C-C motif chemokine 7,25036362,"All liquid chromatography solvents were from Fisher Scientific (Pittsburgh, PA, USA)."
C-C motif chemokine 7,Lymphotoxin-alpha,unknown,C-C motif chemokine 7,Lymphotoxin-alpha,23558953,Studies of hematological diseases led to the identification of 3' gene fusions of FGFR1 in myeloproliferative disorder and 3' FGFR3 fusions in peripheral T-cell lymphoma and multiple myeloma.
C-C motif chemokine 7,Lymphotoxin-alpha,unknown,C-C motif chemokine 7,Lymphotoxin-alpha,26196125,These results also confirm that Nop2 belongs to the large family of pre-ribosomal protein and possesses two related functions: an rRNA modification activity and an essential role in pre-rRNA cleavage(s).
C-C motif chemokine 7,Lymphotoxin-alpha,unknown,C-C motif chemokine 7,Lymphotoxin-alpha,26196125,These results corroborate the concept of quality control of ribosome synthesis by several modification enzymes.
C-C motif chemokine 7,Lymphotoxin-alpha,unknown,C-C motif chemokine 7,Lymphotoxin-alpha,16636149,"These results not only suggest a specific role for the SphK1 isoenzyme but also strongly indicate that the activation of SphK1, rather than its baseline activity, is critical for the E2-induced EGFR transactivation."
C-C motif chemokine 7,Lymphotoxin-alpha,unknown,C-C motif chemokine 7,Lymphotoxin-alpha,20083603,Results were expressed as the mean +/- SEM from three independent experiments; statistical significance was assessed using Student's t test.
C-X-C motif chemokine 9,Lymphotoxin-alpha,unknown,C-X-C motif chemokine 9,Lymphotoxin-alpha,24355937,"Coordination of the activity of multiple small GTPases is required for the regulation of many physiological processes, including cell migration."
C-C motif chemokine 7,Lymphotoxin-alpha,unknown,C-C motif chemokine 7,Lymphotoxin-alpha,24355937,"Specifically, we identify the scaffolding protein IQGAP1 as a master regulator of multiple small GTPases, including Cdc42, Rac1, Rap1, and RhoA."
Fms-related tyrosine kinase 3 ligand,Lymphotoxin-alpha,unknown,Fms-related tyrosine kinase 3 ligand,Lymphotoxin-alpha,19635840,"The combined fluorescence and EM studies show that knockdown of LPAAT3 results in the formation of Golgi mini-stacks, which did not colocalize with the ER protein PDI, or the ER exit site marker Sec24 (unpublished data)."
C-C motif chemokine 7,Fms-related tyrosine kinase 3 ligand,unknown,C-C motif chemokine 7,Fms-related tyrosine kinase 3 ligand,23258412,We next purified the heat-resistant STING activator from L929 cell extracts using several chromatographic steps including a STING-Flag affinity purification step (fig.
Interleukin-10,Interleukin-2,activates,Interleukin-10,Interleukin-2,21057510,"Since IL-27p28 can antagonize the ability of IL-6 to promote TH17 differentiation or IL-10 production, we initially hypothesized that IL-27p28 alone could act in a manner analogous to IL-27 and induce STAT signaling to mediate these effects."
Interleukin-10,Interleukin-27,activates,Interleukin-10,Interleukin-27,21057510,"Since IL-27p28 can antagonize the ability of IL-6 to promote TH17 differentiation or IL-10 production, we initially hypothesized that IL-27p28 alone could act in a manner analogous to IL-27 and induce STAT signaling to mediate these effects."
Interleukin-10,Interleukin-6,activates,Interleukin-10,Interleukin-6,21057510,"Since IL-27p28 can antagonize the ability of IL-6 to promote TH17 differentiation or IL-10 production, we initially hypothesized that IL-27p28 alone could act in a manner analogous to IL-27 and induce STAT signaling to mediate these effects."
Interleukin-2,Interleukin-27,activates,Interleukin-2,Interleukin-27,21057510,"Since IL-27p28 can antagonize the ability of IL-6 to promote TH17 differentiation or IL-10 production, we initially hypothesized that IL-27p28 alone could act in a manner analogous to IL-27 and induce STAT signaling to mediate these effects."
Interleukin-2,Interleukin-6,activates,Interleukin-2,Interleukin-6,21057510,"Since IL-27p28 can antagonize the ability of IL-6 to promote TH17 differentiation or IL-10 production, we initially hypothesized that IL-27p28 alone could act in a manner analogous to IL-27 and induce STAT signaling to mediate these effects."
Interleukin-27,Interleukin-6,activates,Interleukin-27,Interleukin-6,21057510,"Since IL-27p28 can antagonize the ability of IL-6 to promote TH17 differentiation or IL-10 production, we initially hypothesized that IL-27p28 alone could act in a manner analogous to IL-27 and induce STAT signaling to mediate these effects."
Interleukin-2,Interleukin-27,activates,Interleukin-2,Interleukin-27,21057510,"As IL-6 and IL-27 primarily activate STAT1 and STAT3, the ability of IL-27p28 to induce phosphorylation of these proteins in CD4+ T cells was assessed."
Interleukin-2,Interleukin-6,activates,Interleukin-2,Interleukin-6,21057510,"As IL-6 and IL-27 primarily activate STAT1 and STAT3, the ability of IL-27p28 to induce phosphorylation of these proteins in CD4+ T cells was assessed."
Interleukin-27,Interleukin-6,activates,Interleukin-27,Interleukin-6,21057510,"As IL-6 and IL-27 primarily activate STAT1 and STAT3, the ability of IL-27p28 to induce phosphorylation of these proteins in CD4+ T cells was assessed."
Interleukin-2,Interleukin-27,activates,Interleukin-2,Interleukin-27,21057510,"A 15-minute incubation with IL-6 or IL-27 resulted in phosphorylation of STAT1 and STAT3, while IL-27p28 alone did not induce STAT phosphorylation (Fig."
Interleukin-2,Interleukin-6,activates,Interleukin-2,Interleukin-6,21057510,"A 15-minute incubation with IL-6 or IL-27 resulted in phosphorylation of STAT1 and STAT3, while IL-27p28 alone did not induce STAT phosphorylation (Fig."
Interleukin-2,Lymphotoxin-alpha,activates,Interleukin-2,Lymphotoxin-alpha,21057510,"A 15-minute incubation with IL-6 or IL-27 resulted in phosphorylation of STAT1 and STAT3, while IL-27p28 alone did not induce STAT phosphorylation (Fig."
Interleukin-27,Interleukin-6,activates,Interleukin-27,Interleukin-6,21057510,"A 15-minute incubation with IL-6 or IL-27 resulted in phosphorylation of STAT1 and STAT3, while IL-27p28 alone did not induce STAT phosphorylation (Fig."
Interleukin-27,Lymphotoxin-alpha,activates,Interleukin-27,Lymphotoxin-alpha,21057510,"A 15-minute incubation with IL-6 or IL-27 resulted in phosphorylation of STAT1 and STAT3, while IL-27p28 alone did not induce STAT phosphorylation (Fig."
Interleukin-6,Lymphotoxin-alpha,activates,Interleukin-6,Lymphotoxin-alpha,21057510,"A 15-minute incubation with IL-6 or IL-27 resulted in phosphorylation of STAT1 and STAT3, while IL-27p28 alone did not induce STAT phosphorylation (Fig."
Interleukin-2,Interleukin-27,unknown,Interleukin-2,Interleukin-27,21057510,"As IL-6 and IL-27 signal through gp130, an alternative explanation for the inhibitory effects of IL-27p28 is competition with IL-6 for binding to gp130."
Interleukin-2,Interleukin-6,unknown,Interleukin-2,Interleukin-6,21057510,"As IL-6 and IL-27 signal through gp130, an alternative explanation for the inhibitory effects of IL-27p28 is competition with IL-6 for binding to gp130."
Interleukin-2,Lymphotoxin-alpha,unknown,Interleukin-2,Lymphotoxin-alpha,21057510,"As IL-6 and IL-27 signal through gp130, an alternative explanation for the inhibitory effects of IL-27p28 is competition with IL-6 for binding to gp130."
Interleukin-27,Interleukin-6,unknown,Interleukin-27,Interleukin-6,21057510,"As IL-6 and IL-27 signal through gp130, an alternative explanation for the inhibitory effects of IL-27p28 is competition with IL-6 for binding to gp130."
Interleukin-27,Lymphotoxin-alpha,unknown,Interleukin-27,Lymphotoxin-alpha,21057510,"As IL-6 and IL-27 signal through gp130, an alternative explanation for the inhibitory effects of IL-27p28 is competition with IL-6 for binding to gp130."
Interleukin-6,Lymphotoxin-alpha,unknown,Interleukin-6,Lymphotoxin-alpha,21057510,"As IL-6 and IL-27 signal through gp130, an alternative explanation for the inhibitory effects of IL-27p28 is competition with IL-6 for binding to gp130."
Interleukin-2,Interleukin-27,unknown,Interleukin-2,Interleukin-27,21057510,"Therefore, the induction of STAT1 and STAT3 phosphorylation by IL-6 in the presence of IL-27p28 was tested."
Interleukin-2,Interleukin-6,unknown,Interleukin-2,Interleukin-6,21057510,"Therefore, the induction of STAT1 and STAT3 phosphorylation by IL-6 in the presence of IL-27p28 was tested."
Interleukin-27,Interleukin-6,unknown,Interleukin-27,Interleukin-6,21057510,"Therefore, the induction of STAT1 and STAT3 phosphorylation by IL-6 in the presence of IL-27p28 was tested."
Interleukin-2,Interleukin-27,unknown,Interleukin-2,Interleukin-27,21057510,A similar result was observed when IL-27p28 was incubated with IL-27 (Fig.
Interleukin-2,Lymphotoxin-alpha,unknown,Interleukin-2,Lymphotoxin-alpha,21057510,A similar result was observed when IL-27p28 was incubated with IL-27 (Fig.
Interleukin-27,Lymphotoxin-alpha,unknown,Interleukin-27,Lymphotoxin-alpha,21057510,A similar result was observed when IL-27p28 was incubated with IL-27 (Fig.
Interleukin-2,Interleukin-27,unknown,Interleukin-2,Interleukin-27,21057510,This effect was dose dependent and typically required a 5- to 50-fold excess of IL-27p28 (Supplementary Fig.
Interleukin-2,Interleukin-27,unknown,Interleukin-2,Interleukin-27,21057510,"Furthermore, phosphorylation of STAT3 by IL-11, a cytokine that utilizes gp130, but not IL-6Ralpha or IL-27Ralpha for signaling, was also reduced by addition of IL-27p28 (Supplementary Fig."
Interleukin-2,Interleukin-6,unknown,Interleukin-2,Interleukin-6,21057510,"Furthermore, phosphorylation of STAT3 by IL-11, a cytokine that utilizes gp130, but not IL-6Ralpha or IL-27Ralpha for signaling, was also reduced by addition of IL-27p28 (Supplementary Fig."
Interleukin-27,Interleukin-6,unknown,Interleukin-27,Interleukin-6,21057510,"Furthermore, phosphorylation of STAT3 by IL-11, a cytokine that utilizes gp130, but not IL-6Ralpha or IL-27Ralpha for signaling, was also reduced by addition of IL-27p28 (Supplementary Fig."
Interleukin-2,Interleukin-27,unknown,Interleukin-2,Interleukin-27,21057510,"Moreover, when CD4+ T cells were incubated with hyper-IL-6, a fusion protein consisting of human IL-6 and sIL-6Ralpha that can signal in trans through gp130 (ref.), phosphorylation of STAT1 and STAT3 occurred and this signaling was antagonized by inclusion of IL-27p28 (Fig."
Interleukin-2,Interleukin-6,unknown,Interleukin-2,Interleukin-6,21057510,"Moreover, when CD4+ T cells were incubated with hyper-IL-6, a fusion protein consisting of human IL-6 and sIL-6Ralpha that can signal in trans through gp130 (ref.), phosphorylation of STAT1 and STAT3 occurred and this signaling was antagonized by inclusion of IL-27p28 (Fig."
Interleukin-27,Interleukin-6,unknown,Interleukin-27,Interleukin-6,21057510,"Moreover, when CD4+ T cells were incubated with hyper-IL-6, a fusion protein consisting of human IL-6 and sIL-6Ralpha that can signal in trans through gp130 (ref.), phosphorylation of STAT1 and STAT3 occurred and this signaling was antagonized by inclusion of IL-27p28 (Fig."
Interleukin-2,Interleukin-27,unknown,Interleukin-2,Interleukin-27,21057510,"It should be noted that the ability of IL-12, which does not signal through gp130, to phosphorylate STAT4 was not blocked by IL-27p28 (Supplementary Fig."
C-X-C motif chemokine 9,Lymphotoxin-alpha,unknown,C-X-C motif chemokine 9,Lymphotoxin-alpha,19194512,"This also raises the possibility that the release of bound iron from Dre2 might be affected by its interaction with Tah18, resulting in an increased production of hydroxyl radicals via the Fenton reaction."
C-C motif chemokine 7,Lymphotoxin-alpha,binds,C-C motif chemokine 7,Lymphotoxin-alpha,16103228,"2, these results suggest that the 5- and 4-Pases interact in a GTP-dependent manner, directly and specifically with Rab5 both in vitro and in vivo."
C-C motif chemokine 7,Lymphotoxin-alpha,unknown,C-C motif chemokine 7,Lymphotoxin-alpha,20023638,"Taking these results together, we suggest that the PHF8 and KIAA1718 jumonji domains on their own are promiscuous enzymes; it is the associated PHDs and the linker--a determinant for the relative positioning of the two domains--that are mainly responsible for substrate specificity."
C-C motif chemokine 7,Interleukin-4,regulates,C-C motif chemokine 7,Interleukin-4,23593269,"In addition to contributing to the regulation of IL-4 in T cells, our results suggest that Fyn also regulates antibody production in a B cell-intrinsic manner, as Fyn-deficient B cells showed defective antibody production following in vitro stimulation."
C-C motif chemokine 7,Lymphotoxin-alpha,regulates,C-C motif chemokine 7,Lymphotoxin-alpha,23593269,"In addition to contributing to the regulation of IL-4 in T cells, our results suggest that Fyn also regulates antibody production in a B cell-intrinsic manner, as Fyn-deficient B cells showed defective antibody production following in vitro stimulation."
Interleukin-4,Lymphotoxin-alpha,regulates,Interleukin-4,Lymphotoxin-alpha,23593269,"In addition to contributing to the regulation of IL-4 in T cells, our results suggest that Fyn also regulates antibody production in a B cell-intrinsic manner, as Fyn-deficient B cells showed defective antibody production following in vitro stimulation."
C-C motif chemokine 7,Lymphotoxin-alpha,unknown,C-C motif chemokine 7,Lymphotoxin-alpha,22764087,"reported that PAR1, a G protein-coupled receptor, is trafficked to lysosomes via multivesicular bodies."
C-X-C motif chemokine 9,Lymphotoxin-alpha,unknown,C-X-C motif chemokine 9,Lymphotoxin-alpha,18426980,"Despite the potential involvement of other GEFs in these signaling pathways, our results hint at the possible role for Dock7 in Schwann cell migration and provide the rationale and impetus for the subsequent experiments."
C-X-C motif chemokine 9,Lymphotoxin-alpha,unknown,C-X-C motif chemokine 9,Lymphotoxin-alpha,27556486,The effect might be the result of down-regulation of MMPs.
C-C motif chemokine 7,Lymphotoxin-alpha,unknown,C-C motif chemokine 7,Lymphotoxin-alpha,21220512,These results suggest that ORP5 knockdown affects trafficking events through early and late but probably not recycling endosomes.
C-C motif chemokine 7,Lymphotoxin-alpha,unknown,C-C motif chemokine 7,Lymphotoxin-alpha,21220512,The trafficking defects could likely result from the accumulation of LDL-C in endosomal compartments in the absence of ORP5.
C-C motif chemokine 7,Lymphotoxin-alpha,activates,C-C motif chemokine 7,Lymphotoxin-alpha,20178789,"Clustering of voltage-gated Ca2+ channels in a membrane domain in which BKCa channels are co-localized could provide a mechanism for focal increases in Ca2+, conceivably of significant magnitude to stimulate BKCa opening."
Fms-related tyrosine kinase 3 ligand,Lymphotoxin-alpha,unknown,Fms-related tyrosine kinase 3 ligand,Lymphotoxin-alpha,19223390,"5A-D), although the region that exhibits the columnar morphology characteristic of floor plate appears to be unaltered."
C-C motif chemokine 7,Fms-related tyrosine kinase 3 ligand,unknown,C-C motif chemokine 7,Fms-related tyrosine kinase 3 ligand,22863804,Adipose-specific knockout of PPARgamma in mice has yielded conflicting results: one group reported lipodystrophy and insulin resistance while another found enhanced insulin sensitivity.
C-C motif chemokine 7,Lymphotoxin-alpha,unknown,C-C motif chemokine 7,Lymphotoxin-alpha,22863804,Adipose-specific knockout of PPARgamma in mice has yielded conflicting results: one group reported lipodystrophy and insulin resistance while another found enhanced insulin sensitivity.
Fms-related tyrosine kinase 3 ligand,Lymphotoxin-alpha,unknown,Fms-related tyrosine kinase 3 ligand,Lymphotoxin-alpha,22863804,Adipose-specific knockout of PPARgamma in mice has yielded conflicting results: one group reported lipodystrophy and insulin resistance while another found enhanced insulin sensitivity.
C-C motif chemokine 7,Lymphotoxin-alpha,unknown,C-C motif chemokine 7,Lymphotoxin-alpha,22863804,"A Pro12Ala PPARgamma mutation in mice and humans decreases (but does not abolish) PPARgamma transcriptional activity and results in decreased adiposity and increased insulin sensitivity, although this mutation is not adipose-specific."
C-X-C motif chemokine 9,Lymphotoxin-alpha,unknown,C-X-C motif chemokine 9,Lymphotoxin-alpha,25772240,"Therefore, since KO of Tcfap2c alters the development of luminal MMEC, the increased latency observed with loss of Tcfap2c might be due to a reduction or functional inhibition of the LP population."
Fms-related tyrosine kinase 3 ligand,Lymphotoxin-alpha,unknown,Fms-related tyrosine kinase 3 ligand,Lymphotoxin-alpha,25772240,Additional investigations into the role of Tcfap2c in the mammary stem cell population will be needed to clarify alternate mechanisms through which TFAP2C may influence oncogenesis.
C-C motif chemokine 7,C-X-C motif chemokine 9,unknown,C-C motif chemokine 7,C-X-C motif chemokine 9,23825189,"Because USP18 deficiency potentiated activation of molecules such as IKK, JNK, and NFAT distal from TCR, but not TCR-proximal signaling complex ZAP70 or PLC-gamma, we reasoned that USP18 might target some key molecules in between the proximal and distal signaling complexes, of which TAK1 is a promising candidate."
C-C motif chemokine 7,Lymphotoxin-alpha,unknown,C-C motif chemokine 7,Lymphotoxin-alpha,23825189,Results from the in vitro kinase assay indicated that the kinase activity of TAK1 was significantly increased in USP18KO cells compared with WT cells stimulated with anti-CD3/CD28 (Fig.
C-C motif chemokine 7,Lymphotoxin-alpha,unknown,C-C motif chemokine 7,Lymphotoxin-alpha,16855289,"Likewise, the PBD of DNA methyltransferase 1 (Dnmt1) is also necessary and sufficient for accumulation of Dnmt1 at repair sites."
C-C motif chemokine 7,Lymphotoxin-alpha,unknown,C-C motif chemokine 7,Lymphotoxin-alpha,15950904,"These compounds show some specificity for HDM2 in vitro, although at higher concentrations effects on unrelated RING and HECT domain E3s are detectable, which could be due, at least in part, to effects on E2-ubiquitin thiol-ester levels."
C-C motif chemokine 7,Lymphotoxin-alpha,unknown,C-C motif chemokine 7,Lymphotoxin-alpha,17105346,"The results indicate that PCNA ubiquitination has not only preserved its role for DNA repair from yeast to higher eukaryotes, but has been exploited additionally for Ig diversification in vertebrate B cells."
C-C motif chemokine 7,Lymphotoxin-alpha,unknown,C-C motif chemokine 7,Lymphotoxin-alpha,17105346,"It is currently difficult to assert the role of the PCNA SUMOylation, because the Srs2 protein, which is recruited by SUMOylated PCNA in S."
C-C motif chemokine 7,Fms-related tyrosine kinase 3 ligand,unknown,C-C motif chemokine 7,Fms-related tyrosine kinase 3 ligand,21383079,"As expected, expression of FLAG-tagged Rab33B (FLAG-Rab33B) or Rab33B-QL (i.e., a GTPase-deficient mutant; FLAG-Rab33B-QL) increased both the LC3-II level (Fig."
C-C motif chemokine 7,Fms-related tyrosine kinase 3 ligand,unknown,C-C motif chemokine 7,Fms-related tyrosine kinase 3 ligand,21383079,"6 A), most of the LC3-positive dots in the cytoplasm of FLAG-Rab33-QL-expressing cells appeared to be colocalized with Lamp-1, especially when viewed under low magnification (Fig."
C-X-C motif chemokine 9,Lymphotoxin-alpha,unknown,C-X-C motif chemokine 9,Lymphotoxin-alpha,23171796,"Similarly, an NF1 mutation might be expected to function as an alternative mechanism of activating KRAS, and also potentiate the effects of these BRAF mutants."
C-C motif chemokine 7,Lymphotoxin-alpha,unknown,C-C motif chemokine 7,Lymphotoxin-alpha,23622243,"Together, these results suggest that H3K36me3 recruits hMutSalpha to chromatin in vivo before and during early S phase, which could increase the efficiency of MMR in actively replicating chromatin."
C-C motif chemokine 7,Lymphotoxin-alpha,unknown,C-C motif chemokine 7,Lymphotoxin-alpha,25463393,"However, this genomic instability does not solely result from reduced Exo1 function, because single base mutator effects are seen in both Exo1-proficient and Exo1-deficient pol3-L612M swr1Delta strains."
C-C motif chemokine 7,Lymphotoxin-alpha,unknown,C-C motif chemokine 7,Lymphotoxin-alpha,19289088,Data have been presented showing two significant differences between mesenchymal and epithelial cultures.
Fms-related tyrosine kinase 3 ligand,Lymphotoxin-alpha,unknown,Fms-related tyrosine kinase 3 ligand,Lymphotoxin-alpha,25219551,"Overexpression studies with the two splice variants of the fly RalGEF suggest that one alternative isoform, differing in N-terminal sequence, harbors Ral-independent functions."
C-C motif chemokine 7,Lymphotoxin-alpha,unknown,C-C motif chemokine 7,Lymphotoxin-alpha,25219551,"However, these results are also consistent with Rap1 functioning in parallel, and illustrate the potential complexities of dominant-negative mutations as experimental tools for small GTPases, as well as the difficulties of analyzing the functions of essential genes in vivo."
C-C motif chemokine 7,C-X-C motif chemokine 9,unknown,C-C motif chemokine 7,C-X-C motif chemokine 9,22593209,"For gene replacement, mRtel1 might be required to resolve a recombination intermediate, resulting in a decreased recombination efficiency in the absence of mRtel1."
C-C motif chemokine 7,Lymphotoxin-alpha,unknown,C-C motif chemokine 7,Lymphotoxin-alpha,22593209,"For gene replacement, mRtel1 might be required to resolve a recombination intermediate, resulting in a decreased recombination efficiency in the absence of mRtel1."
C-X-C motif chemokine 9,Lymphotoxin-alpha,unknown,C-X-C motif chemokine 9,Lymphotoxin-alpha,22593209,"For gene replacement, mRtel1 might be required to resolve a recombination intermediate, resulting in a decreased recombination efficiency in the absence of mRtel1."
C-C motif chemokine 7,Lymphotoxin-alpha,unknown,C-C motif chemokine 7,Lymphotoxin-alpha,22593209,"However, mRtel1 deficiency in the context of replication results in recombination intermediates processed into crossing overs."
C-C motif chemokine 7,Lymphotoxin-alpha,unknown,C-C motif chemokine 7,Lymphotoxin-alpha,19524513,Similar results were obtained with the murine fibrosarcoma L929 transfected with RIP3-specific siRNA (Fig.
C-C motif chemokine 7,Lymphotoxin-alpha,unknown,C-C motif chemokine 7,Lymphotoxin-alpha,23622243,"As a positive control, MSI was also analyzed in hMSH6-deficient DLD-1 cells, and the results show new repeat species in 6 out of 15 (40%) subclones (Figure S3)."
Interleukin-7,Lymphotoxin-alpha,unknown,Interleukin-7,Lymphotoxin-alpha,22267219,Lowering of IL-7 concentration in the culture medium substantially induced the amounts of Foxo1 and Foxo3a proteins but not that of Foxo4 (Fig.
Interleukin-7,Lymphotoxin-alpha,unknown,Interleukin-7,Lymphotoxin-alpha,22267219,Reduced IL-7 signaling resulted in lower amounts of p-Akt and diminished phosphorylation of Foxo1 and Foxo3a (Fig.
Interleukin-7,Lymphotoxin-alpha,unknown,Interleukin-7,Lymphotoxin-alpha,22267219,"Given that Akt has been shown to phosphorylate Foxo proteins and promote their degradation via ubiquitination, these results suggest that IL-7R signaling promotes Foxo protein degradation in pre-B cells via the PI(3)K-Akt pathway."
Interleukin-7,Lymphotoxin-alpha,unknown,Interleukin-7,Lymphotoxin-alpha,22267219,"Consistent with this inhibitory mechanism, attenuation of IL-7 signaling resulted in increased Foxo1 DNA binding activity, its nuclear accumulation (Supplementary Fig."
Interleukin-7,Lymphotoxin-alpha,unknown,Interleukin-7,Lymphotoxin-alpha,22267219,"As shown previously, attenuation of IL-7 signaling in Irf4,8-/-pre-B cells resulted in the robust induction of Rag gene expression (ref."
Interleukin-7,Lymphotoxin-alpha,unknown,Interleukin-7,Lymphotoxin-alpha,22267219,"We note that knockdown of Foxo1 or Foxo3a also resulted in a defect in the ability of Irf4,8-/- pre-B cells to undergo cell-cycle arrest upon the attenuation of IL-7 signaling (Supplementary Fig."
C-C motif chemokine 7,Interleukin-7,unknown,C-C motif chemokine 7,Interleukin-7,22267219,Thus we propose that efficient pre-B cell differentiation is contingent on induction of Foxo transcription factors via attenuation of IL-7R and PI(3)K-Akt signaling and the upregulation of IRF-4 via the pre-BCR.
C-C motif chemokine 7,Lymphotoxin-alpha,unknown,C-C motif chemokine 7,Lymphotoxin-alpha,15140260,"We have been able to knock down the expression of PLCdelta4 in PLCdelta4 overexpressing cells by transfecting siRNAs specific for PLCdelta4 sequences (Figure 10); however, no reduction in ErbB1 expression level and Erk1/2 phosphorylation in PLCdelta4 overexpressing cells in the presence of siRNA could be detected."
C-C motif chemokine 7,Lymphotoxin-alpha,unknown,C-C motif chemokine 7,Lymphotoxin-alpha,15140260,"These results suggest that PLCdelta4 per se may be a difficult target to be manipulated with drugs, and the sites for intervention may lie instead on other enzyme targets in pathways activated by PLCdelta4, such as the ErbB receptors and the Ras/Raf/MAP kinase cascade."
C-C motif chemokine 7,Lymphotoxin-alpha,binds,C-C motif chemokine 7,Lymphotoxin-alpha,10684251,"1998 showed that a kinase-deficient mammalian GSK-3 analogous to ours does not bind Axin in cell culture, and other workers have found that similar GSK-3 mutants do not act as dominant-negatives in the Wnt pathway in mammalian cells (Woodgett, J., personal communication)."
C-C motif chemokine 7,Lymphotoxin-alpha,unknown,C-C motif chemokine 7,Lymphotoxin-alpha,19479062,"Although TRAF6 is clearly involved in the RLH signaling pathway, inhibition of IFN production in response to RNA virus infection due to TRAF6 deficiency was partial in the present study, suggesting the presence of TRAF6-dependent and -independent pathways leading to IFN production."
C-C motif chemokine 7,Lymphotoxin-alpha,activates,C-C motif chemokine 7,Lymphotoxin-alpha,19479062,"These results strongly suggest that the TRAF6- and TRAF3-dependent pathways are likely to bifurcate at IPS-1, but to converge later at IRF7 in order to co-operatively induce sufficient production of type I IFNs during RLH signaling."
Granulocyte-macrophage colony-stimulating factor,Macrophage colony-stimulating factor 1,unknown,Granulocyte-macrophage colony-stimulating factor,Macrophage colony-stimulating factor 1,18955570,"To reproduce the GM-CSF receptor signaling defect identified in this family, plasmids expressing CSF2RB and either CSF2RAG174R or CSF2RAWT were cotransfected into 293 cells."
Granulocyte-macrophage colony-stimulating factor,Lymphotoxin-alpha,unknown,Granulocyte-macrophage colony-stimulating factor,Lymphotoxin-alpha,18955570,"Treatment of transduced cell lysates with Peptide: N-Glycosidase F, an amidase that cleaves between the innermost GlcNAc and asparagine residues of high mannose oligosaccharides, resulted in a similar electrophoretic pattern for normal and G174R GM-CSF-Ralpha."
Granulocyte-macrophage colony-stimulating factor,Macrophage colony-stimulating factor 1,unknown,Granulocyte-macrophage colony-stimulating factor,Macrophage colony-stimulating factor 1,18955570,"Treatment of transduced cell lysates with Peptide: N-Glycosidase F, an amidase that cleaves between the innermost GlcNAc and asparagine residues of high mannose oligosaccharides, resulted in a similar electrophoretic pattern for normal and G174R GM-CSF-Ralpha."
Lymphotoxin-alpha,Macrophage colony-stimulating factor 1,unknown,Lymphotoxin-alpha,Macrophage colony-stimulating factor 1,18955570,"Treatment of transduced cell lysates with Peptide: N-Glycosidase F, an amidase that cleaves between the innermost GlcNAc and asparagine residues of high mannose oligosaccharides, resulted in a similar electrophoretic pattern for normal and G174R GM-CSF-Ralpha."
Granulocyte-macrophage colony-stimulating factor,Macrophage colony-stimulating factor 1,unknown,Granulocyte-macrophage colony-stimulating factor,Macrophage colony-stimulating factor 1,18955570,GM-CSF-Rbeta was expressed in CSF2RB-transfected cells but was undetectable in nontransfected cells (unpublished data).
Granulocyte-macrophage colony-stimulating factor,Macrophage colony-stimulating factor 1,unknown,Granulocyte-macrophage colony-stimulating factor,Macrophage colony-stimulating factor 1,18955570,"GM-CSF binding studies demonstrated that cells expressing CSF2RAWT and CSF2RB rapidly bound GM-CSF and removed it from the media, whereas cells expressing CSF2RAG174R and CSF2RB or CSF2RB alone did not clear GM-CSF (Fig."
Granulocyte-macrophage colony-stimulating factor,Lymphotoxin-alpha,unknown,Granulocyte-macrophage colony-stimulating factor,Lymphotoxin-alpha,18955570,"Cotransfection of CSF2RB together with CSF2RAWT, but not with CSF2RAG174R, resulted in expression of functional GM-CSF receptors as demonstrated by GM-CSF-dependent phosphorylation of STAT5 only with the former combination (Fig."
Granulocyte-macrophage colony-stimulating factor,Macrophage colony-stimulating factor 1,unknown,Granulocyte-macrophage colony-stimulating factor,Macrophage colony-stimulating factor 1,18955570,"Cotransfection of CSF2RB together with CSF2RAWT, but not with CSF2RAG174R, resulted in expression of functional GM-CSF receptors as demonstrated by GM-CSF-dependent phosphorylation of STAT5 only with the former combination (Fig."
Lymphotoxin-alpha,Macrophage colony-stimulating factor 1,unknown,Lymphotoxin-alpha,Macrophage colony-stimulating factor 1,18955570,"Cotransfection of CSF2RB together with CSF2RAWT, but not with CSF2RAG174R, resulted in expression of functional GM-CSF receptors as demonstrated by GM-CSF-dependent phosphorylation of STAT5 only with the former combination (Fig."
Granulocyte-macrophage colony-stimulating factor,Lymphotoxin-alpha,unknown,Granulocyte-macrophage colony-stimulating factor,Lymphotoxin-alpha,18955570,"Incubation of CSF2RAG174R/CSF2RB-transduced cells with higher concentrations of GM-CSF in the range of those observed in the index patient gave results similar to those obtained with primary leukocytes and clearly demonstrated a modest dose-dependent increase in STAT5 phosphorylation, which is consistent with a partial rescue of the signaling abnormality (Fig."
Granulocyte-macrophage colony-stimulating factor,Macrophage colony-stimulating factor 1,unknown,Granulocyte-macrophage colony-stimulating factor,Macrophage colony-stimulating factor 1,18955570,"Incubation of CSF2RAG174R/CSF2RB-transduced cells with higher concentrations of GM-CSF in the range of those observed in the index patient gave results similar to those obtained with primary leukocytes and clearly demonstrated a modest dose-dependent increase in STAT5 phosphorylation, which is consistent with a partial rescue of the signaling abnormality (Fig."
Lymphotoxin-alpha,Macrophage colony-stimulating factor 1,unknown,Lymphotoxin-alpha,Macrophage colony-stimulating factor 1,18955570,"Incubation of CSF2RAG174R/CSF2RB-transduced cells with higher concentrations of GM-CSF in the range of those observed in the index patient gave results similar to those obtained with primary leukocytes and clearly demonstrated a modest dose-dependent increase in STAT5 phosphorylation, which is consistent with a partial rescue of the signaling abnormality (Fig."
C-C motif chemokine 7,Lymphotoxin-alpha,unknown,C-C motif chemokine 7,Lymphotoxin-alpha,21995445,"Based on the similar phenotype of the enlargement of the sorting endosome where recycling receptors and cargo are trapped, it is tempting to speculate that the myosin VI and Dab2 are required for efficient exit from the sorting endosome for delivery to both the recycling compartment and the late endosome, and therefore Dab2 is required at multiple steps in the endocytic pathway."
C-C motif chemokine 7,Lymphotoxin-alpha,unknown,C-C motif chemokine 7,Lymphotoxin-alpha,21282463,"In line with our previously published data, XPB-specific ChIP yields an increased interaction of XPB with preincision factors such as XPA and RPA in UV-irradiated cells, whereas post-incision factors, i.e., Poldelta, Lig3, and XRCC1, are virtually absent (Fig."
C-C motif chemokine 7,Lymphotoxin-alpha,unknown,C-C motif chemokine 7,Lymphotoxin-alpha,21282463,"As reported previously, the ratio between XRCC1 and Lig3 is not significantly altered by the UV irradiation."
Fms-related tyrosine kinase 3 ligand,Lymphotoxin-alpha,unknown,Fms-related tyrosine kinase 3 ligand,Lymphotoxin-alpha,22094269,Similar results were obtained with a secreted version of firefly luciferase (Fig 2A).
C-C motif chemokine 7,Lymphotoxin-alpha,unknown,C-C motif chemokine 7,Lymphotoxin-alpha,20470363,"It is interesting to note that in a search for tumor-specific markers both GLT25D1 and LH3 genes were upregulated in a large majority of human malignancies, but the biological pathway involved is unknown."
C-C motif chemokine 7,Lymphotoxin-alpha,unknown,C-C motif chemokine 7,Lymphotoxin-alpha,28286024,"To investigate the relationship among ERK signaling, TCF activation, and histone modifications, TKO MEFs were reconstituted with retroviruses expressing wild-type human Elk-1 or its inactive derivative Elk-1nonA, which cannot be phosphorylated, or Elk-1DeltaFW, which can be phosphorylated but cannot recruit Mediator (Figure 2C)."
C-C motif chemokine 7,Lymphotoxin-alpha,unknown,C-C motif chemokine 7,Lymphotoxin-alpha,28286024,"Taken together, these results show that the majority of TPA-induced changes in histone modifications at TSSs are TCF dependent and require ERK-induced transcriptional activation by the TCFs."
C-C motif chemokine 7,Lymphotoxin-alpha,unknown,C-C motif chemokine 7,Lymphotoxin-alpha,20734105,"Taken together, these results indicate that Ser-115 is necessary but not sufficient to control subcellular distribution of MK5 in response to an activated PKA pathway."
C-C motif chemokine 7,Lymphotoxin-alpha,unknown,C-C motif chemokine 7,Lymphotoxin-alpha,16492753,Sequences of cDNAs from rpb9Delta strains confirmed a significantly increased occurrence of transcriptional substitutions and insertions.
Fms-related tyrosine kinase 3 ligand,Lymphotoxin-alpha,unknown,Fms-related tyrosine kinase 3 ligand,Lymphotoxin-alpha,24933155,"Although HA-ARHGAP22 was detectable in the immunoprecipitate as expected, little FLAG-ARHGAP22 was included in the HA-ARHGAP22 immunoprecipitate."
C-C motif chemokine 7,Lymphotoxin-alpha,unknown,C-C motif chemokine 7,Lymphotoxin-alpha,17562788,"Although the expression of dominant-active Rab5Q79A results in the trapping of Shiga toxin in an early endocytic compartment, indicating its transport is Rab5 dependent, this interpretation is not supported by the use of specific Rab GAPs."
C-C motif chemokine 7,Lymphotoxin-alpha,inhibits,C-C motif chemokine 7,Lymphotoxin-alpha,17562788,"Although RabGAP-5 does block EGF and transferrin trafficking, it has no effect on the transport of Shiga toxin to the Golgi (Fig."
C-C motif chemokine 7,Lymphotoxin-alpha,unknown,C-C motif chemokine 7,Lymphotoxin-alpha,17562788,"This suggests that although Shiga toxin trafficking is normally Rab5 independent, when dominant-active Rab5 is expressed, it becomes trapped in the enlarged early endocytic compartment created under these conditions."
C-C motif chemokine 7,Lymphotoxin-alpha,unknown,C-C motif chemokine 7,Lymphotoxin-alpha,17562788,"One explanation for this could be that Shiga toxin, although normally trafficking in a Rab5-independent fashion, does pass through a Rab5-positive endocytic compartment, and this can also be perturbed by the overexpression of active mutant forms of Rab5."
C-C motif chemokine 7,Lymphotoxin-alpha,unknown,C-C motif chemokine 7,Lymphotoxin-alpha,18840095,"The ChIP results shown in Figure 4 indicated that, despite the fact that some of the basal values obtained were above the background established by the non-specific IgG antibody, during ER stress there is no enhanced recruitment of the MED1, MED23 and CDK8 (cyclin-dependent kinase 8) Mediator subunits to the ASNS promoter at 1 h or 8 h (Figure 4B)."
C-C motif chemokine 7,Lymphotoxin-alpha,unknown,C-C motif chemokine 7,Lymphotoxin-alpha,12540855,"With just one exception, the enzymes identified in the methylation of specific lysine residues on histones (histone methyltransferases) belong to the SET family."
C-C motif chemokine 7,Lymphotoxin-alpha,unknown,C-C motif chemokine 7,Lymphotoxin-alpha,31431478,"Although ROCK1 associates with RhoBTB1, based on our results it is unlikely to be a target for Cul3-mediated degradation, and thus the identification of other RhoBTB1-binding proteins will be important to determine which proteins are targets for RhoBTB1/Cul3-mediated degradation."
C-C motif chemokine 7,Lymphotoxin-alpha,unknown,C-C motif chemokine 7,Lymphotoxin-alpha,22977173,"RPA32 Ser4/Ser8 and Thr21 were phosphorylated by DNA-PK (Figure 2A-C), but not CDK, although the addition of CDK significantly enhanced phosphorylation of Thr21, consistent with in vivo results of Anantha et al.."
C-X-C motif chemokine 9,Lymphotoxin-alpha,unknown,C-X-C motif chemokine 9,Lymphotoxin-alpha,22977173,"CDK phosphorylates Ser23 and Ser29 in vivo, and based on these previous results, our in vitro results, shown as slower migrating species on western blots probed with antibodies to native RPA32, most likely represent phosphorylation at Ser23 and Ser29 (Figure 2A)."
C-C motif chemokine 7,Lymphotoxin-alpha,unknown,C-C motif chemokine 7,Lymphotoxin-alpha,20819938,"With the rps23-1 siRNA, we observed a stronger accumulation of unprocessed 30S+1 pre-rRNA, but this result was not reproduced with two other siRNAs against the RPS23 mRNA, which otherwise efficiently affected maturation at sites A0 and 1 (unpublished data)."
Fms-related tyrosine kinase 3 ligand,Lymphotoxin-alpha,unknown,Fms-related tyrosine kinase 3 ligand,Lymphotoxin-alpha,21835666,"Briefly, we in vitro translate Sec22-encoding mRNA in the SGT2FLAG Deltaget3/5 extract and then immobilize the resulting Sgt2FLAG-Sec22 complexes on anti-FLAG resin."
C-C motif chemokine 7,Lymphotoxin-alpha,unknown,C-C motif chemokine 7,Lymphotoxin-alpha,21835666,Addition of recombinant Get3 and Get4-Get5 (a complex formed by bacterial coexpression of Get4 and Get5) results in efficient Sec22 elution from the resin in the form Get3-Sec22 complexes that are insertion competent.
C-C motif chemokine 7,C-X-C motif chemokine 9,unknown,C-C motif chemokine 7,C-X-C motif chemokine 9,18818768,"Phosphorylation of Npl3 at S411 in a sky1 deletion strain is reduced, but not abolished (data not shown), raising the possibility that another Npl3-specific kinase remained to be identified, and that other phosphorylation sites in Npl3 might exist."
Fms-related tyrosine kinase 3 ligand,Lymphotoxin-alpha,unknown,Fms-related tyrosine kinase 3 ligand,Lymphotoxin-alpha,23300935,Fms-like tyrosine kinase 3 (Flt3) is an important growth factor receptor in hematopoiesis.
Fms-related tyrosine kinase 3 ligand,Lymphotoxin-alpha,unknown,Fms-related tyrosine kinase 3 ligand,Lymphotoxin-alpha,23300935,"In this study, we analyzed the role of SLAP in signal transduction downstream of the type III receptor tyrosine kinase Flt3."
Fms-related tyrosine kinase 3 ligand,Lymphotoxin-alpha,unknown,Fms-related tyrosine kinase 3 ligand,Lymphotoxin-alpha,23300935,The results show that upon ligand stimulation SLAP stably associates with Flt3 through multiple phosphotyrosine residues in Flt3.
Fms-related tyrosine kinase 3 ligand,Lymphotoxin-alpha,binds,Fms-related tyrosine kinase 3 ligand,Lymphotoxin-alpha,23300935,SLAP constitutively interacts with oncogenic Flt3-ITD and co-localizes with Flt3 near the cell membrane.
Fms-related tyrosine kinase 3 ligand,Lymphotoxin-alpha,unknown,Fms-related tyrosine kinase 3 ligand,Lymphotoxin-alpha,23300935,Depletion of SLAP expression by shRNA in Flt3-transfected Ba/F3 cells resulted in a weaker activation of FL-induced PI3K-Akt and MAPK signaling.
C-C motif chemokine 7,Fms-related tyrosine kinase 3 ligand,unknown,C-C motif chemokine 7,Fms-related tyrosine kinase 3 ligand,23300935,Meta-analysis of microarray data from patient samples suggests that SLAP mRNA is differentially expressed in different cancers and its expression was significantly increased in patients carrying the Flt3-ITD mutation.
C-C motif chemokine 7,Lymphotoxin-alpha,unknown,C-C motif chemokine 7,Lymphotoxin-alpha,23300935,Meta-analysis of microarray data from patient samples suggests that SLAP mRNA is differentially expressed in different cancers and its expression was significantly increased in patients carrying the Flt3-ITD mutation.
Fms-related tyrosine kinase 3 ligand,Lymphotoxin-alpha,unknown,Fms-related tyrosine kinase 3 ligand,Lymphotoxin-alpha,23300935,Meta-analysis of microarray data from patient samples suggests that SLAP mRNA is differentially expressed in different cancers and its expression was significantly increased in patients carrying the Flt3-ITD mutation.
C-X-C motif chemokine 9,Fms-related tyrosine kinase 3 ligand,unknown,C-X-C motif chemokine 9,Fms-related tyrosine kinase 3 ligand,18488142,"In migrating immune cells, chemokine receptors, such as the IL-8 receptor or CXCR4, are coupled to the release of Gbetagamma subunits from Gi that is critical for mediating directional chemotaxis as well as release of superoxide and other inflammatory mediators."
C-X-C motif chemokine 9,Fms-related tyrosine kinase 3 ligand,unknown,C-X-C motif chemokine 9,Fms-related tyrosine kinase 3 ligand,18488142,Genetic deletion of Gbetagamma-regulated PI3Kg resulted in decreased neutrophil migration and a reduction in inflammation.
C-X-C motif chemokine 9,Lymphotoxin-alpha,unknown,C-X-C motif chemokine 9,Lymphotoxin-alpha,18488142,Genetic deletion of Gbetagamma-regulated PI3Kg resulted in decreased neutrophil migration and a reduction in inflammation.
Fms-related tyrosine kinase 3 ligand,Lymphotoxin-alpha,unknown,Fms-related tyrosine kinase 3 ligand,Lymphotoxin-alpha,18488142,Genetic deletion of Gbetagamma-regulated PI3Kg resulted in decreased neutrophil migration and a reduction in inflammation.
C-C motif chemokine 7,Lymphotoxin-alpha,unknown,C-C motif chemokine 7,Lymphotoxin-alpha,31543423,"Although we showed that cyclin E/A-CDK activity levels in G1 are typically insufficient to hyperphosphorylate Rb in the presence of CDK4/6 inhibitors, it remained unclear whether a low level of cyclin E/A-CDK is necessary to hyperphosphorylate Rb."
C-C motif chemokine 7,Lymphotoxin-alpha,unknown,C-C motif chemokine 7,Lymphotoxin-alpha,21423191,"Electron microscopy ultrastructural analysis revealed that there was indeed severe myelin deficit in dCKO, and majority of Schwann cells appeared to associate with multiple axon bundles, but without forming myelin sheaths around axons (Fig."
C-C motif chemokine 3,C-C motif chemokine 7,unknown,C-C motif chemokine 3,C-C motif chemokine 7,21423191,"In line with the electron microscopy analysis, in dCKO sciatic nerves, expression of mature myelin components such as Mbp, Mag and Mpz was significantly downregulated (Fig."
C-C motif chemokine 7,Lymphotoxin-alpha,unknown,C-C motif chemokine 7,Lymphotoxin-alpha,22325351,"In adult mice, inducible Runx1 deficiency results in blocked megakaryocyte (Mk) maturation, impaired lymphopoiesis, myeloid cell hyperproliferation, and progressive HSC exhaustion."
C-C motif chemokine 7,Lymphotoxin-alpha,unknown,C-C motif chemokine 7,Lymphotoxin-alpha,25862245,"These results suggest that Dock10 is a GEF with broader specificity than its zizimin homologs, targeting Cdc42 but also Rac proteins."
C-C motif chemokine 7,Lymphotoxin-alpha,unknown,C-C motif chemokine 7,Lymphotoxin-alpha,10037799,"There are currently no specific immunochemical markers that allow identification of lymphatics, although limited studies with endothelial markers indicate differential expression of the L-selectin ligand CD34 and the coagulation Factor VIII-related protein vWF."
Fms-related tyrosine kinase 3 ligand,Lymphotoxin-alpha,unknown,Fms-related tyrosine kinase 3 ligand,Lymphotoxin-alpha,10037799,Our own results using double immunofluorescence indicate that LYVE-1 defines a set of lymphatic vessels which express neither CD34 nor vWF and identify LYVE-1 as a powerful new marker for future studies of lymphatic structure and function.
C-C motif chemokine 7,Interleukin-17F,unknown,C-C motif chemokine 7,Interleukin-17F,10455134,AML1 (CBFalpha2) cooperates with B cell-specific activating protein (BSAP/PAX5) in activation of the B cell-specific BLK gene promoter.
C-C motif chemokine 7,Interleukin-17F,unknown,C-C motif chemokine 7,Interleukin-17F,10455134,"To understand the function of AML1 during B cell differentiation, we analyzed regulatory regions of B cell-specific genes for potential AML1-binding sites and have identified a putative AML1-binding site in the promoter of the B cell-specific tyrosine kinase gene, blk."
C-C motif chemokine 7,Interleukin-17F,binds,C-C motif chemokine 7,Interleukin-17F,10455134,Gel mobility shift assays and transient transfection assays demonstrate that AML1 binds specifically to this site in the blk promoter and this binding site is important for blk promoter activity.
C-C motif chemokine 7,Interleukin-17F,binds,C-C motif chemokine 7,Interleukin-17F,10455134,"Furthermore, in vitro binding analysis revealed that the AML1 runt DNA-binding domain physically interacts with the paired DNA-binding domain of BSAP, a B cell-specific transcription factor."
C-C motif chemokine 7,Interleukin-17F,unknown,C-C motif chemokine 7,Interleukin-17F,10455134,"These results demonstrate physical and functional interactions between AML1 and BSAP and suggest that AML1 is an important factor for regulating a critical B cell-specific gene, blk."
C-C motif chemokine 7,Lymphotoxin-alpha,unknown,C-C motif chemokine 7,Lymphotoxin-alpha,10455134,"These results demonstrate physical and functional interactions between AML1 and BSAP and suggest that AML1 is an important factor for regulating a critical B cell-specific gene, blk."
Interleukin-17F,Lymphotoxin-alpha,unknown,Interleukin-17F,Lymphotoxin-alpha,10455134,"These results demonstrate physical and functional interactions between AML1 and BSAP and suggest that AML1 is an important factor for regulating a critical B cell-specific gene, blk."
C-C motif chemokine 7,Lymphotoxin-alpha,unknown,C-C motif chemokine 7,Lymphotoxin-alpha,11485553,"Significantly, binding of the coenzyme thiamin pyrophosphate to pyruvate dehydrogenase alters the rates and stoichiometries of phosphorylation of the individual sites."
C-C motif chemokine 7,Lymphotoxin-alpha,unknown,C-C motif chemokine 7,Lymphotoxin-alpha,11485553,"Taken together, results reported here strongly suggest that the major determinants of the activity state of pyruvate dehydrogenase in mammalian tissues include the phosphorylation site specificity of isoenzymes of kinase in addition to the absolute amounts of kinase and phosphatase protein expressed in mitochondria."
C-C motif chemokine 7,Lymphotoxin-alpha,unknown,C-C motif chemokine 7,Lymphotoxin-alpha,8816454,"We previously reported the purification of human PTF, a complex of four subunits, and the molecular cloning and characterization of PTF gamma and delta subunits."
C-C motif chemokine 7,Lymphotoxin-alpha,unknown,C-C motif chemokine 7,Lymphotoxin-alpha,10438731,"Our results provide the first evidence that both GATA-1 and C/EBPbeta synergistically transactivate the promoter of an eosinophil-specific granule protein gene and that FOG may act as a negative cofactor for the eosinophil lineage, unlike its positively regulatory function for the erythroid and megakaryocyte lineages."
C-C motif chemokine 7,Lymphotoxin-alpha,unknown,C-C motif chemokine 7,Lymphotoxin-alpha,15611133,These results suggest that the deficiency in protein degradation observed in vivo is rather due to a defect in the assembly of a holoenzyme at the restrictive temperature.
C-X-C motif chemokine 9,Lymphotoxin-alpha,unknown,C-X-C motif chemokine 9,Lymphotoxin-alpha,25144774,Our results suggest that the two isoforms might replace each other under certain conditions.
Fms-related tyrosine kinase 3 ligand,Lymphotoxin-alpha,unknown,Fms-related tyrosine kinase 3 ligand,Lymphotoxin-alpha,25144774,"p38a and p38b appear to have partial functional redundancy, because both isoforms are similarly activated in response to stress-inducing or inflammatory stimuli in cell culture experiments."
Fms-related tyrosine kinase 3 ligand,Lymphotoxin-alpha,unknown,Fms-related tyrosine kinase 3 ligand,Lymphotoxin-alpha,25144774,As p38a mRNA levels were not increased in p38bDelta45 flies and p38b mRNA levels were not elevated in p38aDelta1 (Fig.
C-C motif chemokine 7,Lymphotoxin-alpha,unknown,C-C motif chemokine 7,Lymphotoxin-alpha,21430779,Such changes include recurrent copy number variations that result in the amplification of oncogenes.
Interleukin-2,Lymphotoxin-alpha,unknown,Interleukin-2,Lymphotoxin-alpha,7929104,"Those results indicate that, in resting T cells, PKC activation has only a triggering role, whereas the endogenously secreted TNF alpha plays an essential role in the quantitative control of the expression of IL-2R alpha chain or NF.kappa B activation."
C-C motif chemokine 7,Fms-related tyrosine kinase 3 ligand,unknown,C-C motif chemokine 7,Fms-related tyrosine kinase 3 ligand,22153078,Our findings provide insight into an intracellular traffic pathway required for crosspresentation and show that Sec22b-dependent recruitment of ER proteins to Phgs critically influences phagosomal functions in DCs.
C-C motif chemokine 7,Lymphotoxin-alpha,unknown,C-C motif chemokine 7,Lymphotoxin-alpha,18452947,"Our results demonstrate (1) that both Tdg and Dnmt3b are colocalized to heterochromatin and (2) reduction of T.G mismatch repair efficiency upon loss of DNA methyltransferase expression, as well as a requirement for an RNA component for correct T.G mismatch repair."
C-C motif chemokine 7,Lymphotoxin-alpha,unknown,C-C motif chemokine 7,Lymphotoxin-alpha,11782409,The identification of multiple Oct6 binding sites within this fragment suggested that Oct6 directly controls Krox20 transcription.
C-C motif chemokine 19,C-C motif chemokine 7,unknown,C-C motif chemokine 19,C-C motif chemokine 7,15937324,Identification of LOV KELCH PROTEIN2 (LKP2)-interacting factors that can recruit LKP2 to nuclear bodies.
C-C motif chemokine 19,C-C motif chemokine 3,unknown,C-C motif chemokine 19,C-C motif chemokine 3,15937324,"LOV KELCH PROTEIN2 (LKP2) is an F-box protein that has been postulated to function centrally, or near to the circadian clock oscillator."
C-C motif chemokine 7,Lymphotoxin-alpha,unknown,C-C motif chemokine 7,Lymphotoxin-alpha,20061941,Fingolimod (FTY720) is a first-in-class orally bioavailable compound that has shown efficacy in advanced clinical trials for the treatment of multiple sclerosis (MS).
C-X-C motif chemokine 9,Fms-related tyrosine kinase 3 ligand,unknown,C-X-C motif chemokine 9,Fms-related tyrosine kinase 3 ligand,20061941,"S1P receptors are also expressed by many CNS cell types and have been shown to influence cell proliferation, morphology, and migration."
Fms-related tyrosine kinase 3 ligand,Lymphotoxin-alpha,unknown,Fms-related tyrosine kinase 3 ligand,Lymphotoxin-alpha,24004414,We found that the flowering delay of the pcfs4 mutants could be partially explained by the effects of PCFS4 on the alternative processing of FCA pre-mRNA.
Fms-related tyrosine kinase 3 ligand,Lymphotoxin-alpha,unknown,Fms-related tyrosine kinase 3 ligand,Lymphotoxin-alpha,24004414,"In addition to its delayed flowering, pcfs4 mutants also showed other phenotypes including reduced vigor of their seedlings, altered leaf shape and inflorescence phyllotaxy (Figure 1)."
C-C motif chemokine 7,C-X-C motif chemokine 9,unknown,C-C motif chemokine 7,C-X-C motif chemokine 9,24004414,The non-essential nature of PCFS4 for plant viability and specific developmental defects of pcfs4 mutants support a hypothesis that PCFS4 might specifically target on a subset of genes.
C-X-C motif chemokine 9,Fms-related tyrosine kinase 3 ligand,unknown,C-X-C motif chemokine 9,Fms-related tyrosine kinase 3 ligand,18775504,"Sphingosine kinase 1 (SK1) catalyses the generation of sphingosine 1-phosphate (S1P), a bioactive phospholipid that influences a diverse range of cellular processes, including proliferation, survival, adhesion, migration, morphogenesis and differentiation."
C-C motif chemokine 7,Lymphotoxin-alpha,unknown,C-C motif chemokine 7,Lymphotoxin-alpha,19011241,"Here we report the identification of two ER/ERGIC-based acetyltransferases, ATase1 and ATase2."
C-C motif chemokine 7,Lymphotoxin-alpha,unknown,C-C motif chemokine 7,Lymphotoxin-alpha,25138275,Endogenous glucuronyltransferase activity of LARGE or LARGE2 required for functional modification of alpha-dystroglycan in cells and tissues.
C-C motif chemokine 7,Lymphotoxin-alpha,unknown,C-C motif chemokine 7,Lymphotoxin-alpha,25138275,"We show that normal mouse and human cultured cells have endogenous LARGE GlcA-T, and that this activity is absent in cells from the Large(myd) (Large-deficient) mouse model of muscular dystrophy, as well as in cells from CMD patients with mutations in the LARGE gene."
C-C motif chemokine 7,Fms-related tyrosine kinase 3 ligand,unknown,C-C motif chemokine 7,Fms-related tyrosine kinase 3 ligand,21680708,In one construct Gas1p is devoid of its GPI anchor and instead contains an artificial transmembrane domain (TMD) consisting of 19 leucine residues and two flanking arginine and serine residues (Gas1TMD).
C-C motif chemokine 7,Lymphotoxin-alpha,unknown,C-C motif chemokine 7,Lymphotoxin-alpha,23404503,"SUMOylation occurs through a series of enzymatic reactions analogous to that of the ubiquitination pathway, resulting in modification of the biochemical and functional properties of substrates."
C-X-C motif chemokine 9,Lymphotoxin-alpha,unknown,C-X-C motif chemokine 9,Lymphotoxin-alpha,8809036,"In-frame insertions corresponding to eight and ten amino acid residues were found in two of the ten cDNAs isolated, suggesting that novel, alternatively spliced transcripts of the hRyR-2 gene might exist."
C-X-C motif chemokine 10,Fms-related tyrosine kinase 3 ligand,unknown,C-X-C motif chemokine 10,Fms-related tyrosine kinase 3 ligand,19001095,Fluorescence recovery after photobleaching studies showed that DHHC3 and DHHC7 are necessary for this continuous Galpha(q) shuttling.
C-C motif chemokine 7,Lymphotoxin-alpha,unknown,C-C motif chemokine 7,Lymphotoxin-alpha,28706108,Bicistronic plasmid for simultaneous expression in bacteria and of both yeast actin-capping protein subunits was created by PCR amplification of full-length ORF CAP1 and CAP2 from S.
C-C motif chemokine 7,Lymphotoxin-alpha,unknown,C-C motif chemokine 7,Lymphotoxin-alpha,7721857,Genetic results showing allele specific suppression of cdc34 mutations by various Ub derivatives suggested a specific noncovalent interaction between Ub and CDC34.
C-C motif chemokine 7,Lymphotoxin-alpha,unknown,C-C motif chemokine 7,Lymphotoxin-alpha,9875237,"The fairly high degree of the substrate specificity of this protein phosphatase suggests that the physiological significance of the phosphatase may be the regulation of the three multifunctional Ca2+/calmodulin-dependent protein kinases, CaMKI, CaMKII, and CaMKIV, which are the key enzymes in a Ca(2+)-signaling system in the cell."
C-X-C motif chemokine 9,Lymphotoxin-alpha,unknown,C-X-C motif chemokine 9,Lymphotoxin-alpha,25432955,"Interestingly, in absence of Dcs1 (Deltadcs1 and Delta dcs1/Deltaynk1 strains), we observed the accumulation of m7GDP and, to a higher extent, of a second product migrating slightly faster (labeled Ypp), as well as traces of m7GTP and m7GpppG (Figure 6, lanes 3 and 4)."
C-C motif chemokine 7,Lymphotoxin-alpha,unknown,C-C motif chemokine 7,Lymphotoxin-alpha,18031230,"Here, we summarize that SUMO modification of transcription factors such as androgen receptor, glucocorticoid receptor, Smad4 and CBP [CREB (cAMP-response-element-binding protein)-binding protein] co-activator results in the recruitment of a transcriptional co-repressor Daxx, thereby causing transcriptional repression."
Granulocyte-macrophage colony-stimulating factor,Macrophage colony-stimulating factor 1,inhibits,Granulocyte-macrophage colony-stimulating factor,Macrophage colony-stimulating factor 1,16380507,Chromatin immunoprecipitation (ChIP) analysis showed that Dex failed to inhibit histone 4 acetylation at the p65-NF-kappaB binding site in the GM-CSF promoter region after HDAC2 KD (Fig.
C-C motif chemokine 7,Fms-related tyrosine kinase 3 ligand,unknown,C-C motif chemokine 7,Fms-related tyrosine kinase 3 ligand,17616590,Enzymes of the ATP-independent Deg serine endopeptidase family are very flexible with regard to their substrate specificity.
C-C motif chemokine 7,Lymphotoxin-alpha,unknown,C-C motif chemokine 7,Lymphotoxin-alpha,17616590,wild-type strain PCC 6803 and a DeltahhoA mutant resulted in specific degradation of selected proteins at elevated temperatures.
C-C motif chemokine 7,Macrophage metalloelastase,inhibits,C-C motif chemokine 7,Macrophage metalloelastase,12147681,The growth factor midkine (MK) is a cytokine that inhibits the attachment of human immunodeficiency virus particles by a mechanism similar to the nucleolin binding HB-19 pseudopeptide.
C-C motif chemokine 7,Lymphotoxin-alpha,activates,C-C motif chemokine 7,Lymphotoxin-alpha,12147681,"Interestingly, the cross-linking of surface-bound MK with a specific antibody results in the clustering of surface nucleolin along with glycosylphosphatidylinositol-linked proteins CD90 and CD59, thus, pointing out that MK binding induces lateral assemblies of nucleolin with specific membrane components of lipid rafts."
C-C motif chemokine 7,Lymphotoxin-alpha,unknown,C-C motif chemokine 7,Lymphotoxin-alpha,20701745,"There are three possibilities for the altered subcellular distribution; 1) enhanced nuclear import by importin beta; 2) decreased nuclear export by CAS; and 3) inefficient release of KPNA7 from target NLS, resulting in nuclear retention."
C-C motif chemokine 7,Lymphotoxin-alpha,binds,C-C motif chemokine 7,Lymphotoxin-alpha,11027271,"PPARgamma binds to DNA as a heterodimer with retinoid X receptor (RXR), and PPARgamma-RXR can be activated by ligands specific for either receptor; the presence of both ligands can result in a cooperative effect on the transactivation of target genes."
C-C motif chemokine 7,Fms-related tyrosine kinase 3 ligand,unknown,C-C motif chemokine 7,Fms-related tyrosine kinase 3 ligand,11027271,"This selectivity was not observed in interaction assays off DNA, implying that the specificity of coactivator binding in response to ligand is strongly influenced by the allosteric effects of DNA-bound heterodimers."
C-C motif chemokine 7,Lymphotoxin-alpha,unknown,C-C motif chemokine 7,Lymphotoxin-alpha,11027271,The results suggest that the cooperative effects of PPARgamma- and RXR-specific ligands may occur at the level of selective coactivator recruitment.
C-C motif chemokine 7,Lymphotoxin-alpha,unknown,C-C motif chemokine 7,Lymphotoxin-alpha,23659632,"An enzyme that is specific to the nucleus and nucleolus, Aprataxin hydrolyzes both dinucleotide polyphosphates and phophoramidates, and may play a role in repairing 5' AMP overhangs resulting from the repair of single-strand DNA breaks by DNA ligase."
C-C motif chemokine 7,Lymphotoxin-alpha,unknown,C-C motif chemokine 7,Lymphotoxin-alpha,21131967,"Signaling via the methylation of lysine residues in proteins has been linked to diverse biological and disease processes, yet the catalytic activity and substrate specificity of many human protein lysine methyltransferases (PKMTs) are unknown."
Interleukin-7,Lymphotoxin-alpha,unknown,Interleukin-7,Lymphotoxin-alpha,10702271,"Conversely, IL-7 withdrawal resulted in a marked decrease of Pyk2 phosphorylation."
C-C motif chemokine 7,Fms-related tyrosine kinase 3 ligand,unknown,C-C motif chemokine 7,Fms-related tyrosine kinase 3 ligand,15258597,"Failure to downregulate NF-kappaB transcriptional activity results in chronic inflammation and cell death, as observed in A20-deficient mice."
C-C motif chemokine 7,Lymphotoxin-alpha,unknown,C-C motif chemokine 7,Lymphotoxin-alpha,15258597,"Failure to downregulate NF-kappaB transcriptional activity results in chronic inflammation and cell death, as observed in A20-deficient mice."
Fms-related tyrosine kinase 3 ligand,Lymphotoxin-alpha,unknown,Fms-related tyrosine kinase 3 ligand,Lymphotoxin-alpha,15258597,"Failure to downregulate NF-kappaB transcriptional activity results in chronic inflammation and cell death, as observed in A20-deficient mice."
C-C motif chemokine 7,Interleukin-2,unknown,C-C motif chemokine 7,Interleukin-2,7862168,"Regulation of cell-type-specific interleukin-2 receptor alpha-chain gene expression: potential role of physical interactions between Elf-1, HMG-I(Y), and NF-kappa B family proteins."
C-C motif chemokine 7,Interleukin-2,regulates,C-C motif chemokine 7,Interleukin-2,7862168,These findings provide significant new insights into the protein-protein and protein-DNA interactions that regulate cell-type-specific and inducible IL-2R alpha gene expression and also have implications for other genes regulated by Elf-1 and NF-kappa B family proteins.
Granulocyte-macrophage colony-stimulating factor,Interleukin-2,unknown,Granulocyte-macrophage colony-stimulating factor,Interleukin-2,7565732,"T-lymphocyte proliferation is suppressed by 1,25-dihydroxyvitamin D3 [1,25(OH)2D3], the active metabolite of vitamin D3, and is associated with a decrease in interleukin 2 (IL-2), gamma interferon, and granulocyte-macrophage colony-stimulating factor mRNA levels."
C-C motif chemokine 7,Interleukin-2,unknown,C-C motif chemokine 7,Interleukin-2,7565732,These results indicate that DNA binding by VDR is necessary but not sufficient to mediate IL-2 repression.
C-C motif chemokine 7,Lymphotoxin-alpha,unknown,C-C motif chemokine 7,Lymphotoxin-alpha,7565732,These results indicate that DNA binding by VDR is necessary but not sufficient to mediate IL-2 repression.
Interleukin-2,Lymphotoxin-alpha,unknown,Interleukin-2,Lymphotoxin-alpha,7565732,These results indicate that DNA binding by VDR is necessary but not sufficient to mediate IL-2 repression.
Fms-related tyrosine kinase 3 ligand,Lymphotoxin-alpha,unknown,Fms-related tyrosine kinase 3 ligand,Lymphotoxin-alpha,27068747,"Moreover, immunofluorescent staining and biochemical analyses showed that coexpression of hDREF and SUMO-1 resulted in dissociation of Mi2alpha from chromatin, whereas a SUMOylation-defective Mi2alpha mutant remained tightly bound to chromatin."
C-X-C motif chemokine 9,Lymphotoxin-alpha,unknown,C-X-C motif chemokine 9,Lymphotoxin-alpha,27068747,"These data indicate that hDREF might incite transcriptional activation by SUMOylating Mi2alpha, resulting in the dissociation of Mi2alpha from the gene loci."
C-C motif chemokine 7,Lymphotoxin-alpha,unknown,C-C motif chemokine 7,Lymphotoxin-alpha,10614641,Our results support models of insulin signaling in which regulation of internal membrane trafficking plays a role in transduction of the insulin signal.
Fms-related tyrosine kinase 3 ligand,Lymphotoxin-alpha,unknown,Fms-related tyrosine kinase 3 ligand,Lymphotoxin-alpha,11486055,One of the most dominant influences in the patterning of multicellular embryos is exerted by the Hedgehog (Hh) family of secreted signaling proteins.
C-C motif chemokine 7,Lymphotoxin-alpha,unknown,C-C motif chemokine 7,Lymphotoxin-alpha,11486055,"The ski gene encodes an apparent acyltransferase, and we provide genetic and biochemical evidence that Hh proteins from ski mutant cells retain carboxyl-terminal cholesterol modification but lack amino-terminal palmitate modification."
C-C motif chemokine 7,Lymphotoxin-alpha,unknown,C-C motif chemokine 7,Lymphotoxin-alpha,11486055,"Our results suggest that ski encodes an enzyme that acts within the secretory pathway to catalyze amino-terminal palmitoylation of Hh, and further demonstrate that this lipid modification is required for the embryonic and larval patterning activities of the Hh signal."
C-C motif chemokine 7,Fms-related tyrosine kinase 3 ligand,unknown,C-C motif chemokine 7,Fms-related tyrosine kinase 3 ligand,20808795,"in the brain of flies and mammals, this specific ability of Galphao to antagonize the Gs-mediated signaling may have physiological implications in other tissues and organisms than Drosophila wing."
C-C motif chemokine 7,Lymphotoxin-alpha,unknown,C-C motif chemokine 7,Lymphotoxin-alpha,10786633,"A recombinant C-terminal portion of hMOF has histone acetyltransferase activity directed toward histones H3, H2A and H4, a specificity characteristic of other MYST family histone acetyltransferases."
C-C motif chemokine 7,Interleukin-2,unknown,C-C motif chemokine 7,Interleukin-2,8943338,Our data demonstrate a major role of the GASd/EBSd element in IL-2R alpha regulation and suggest that the T-cell-specific Elf-1 factor can serve as a transcriptional repressor.
C-X-C motif chemokine 10,Lymphotoxin-alpha,unknown,C-X-C motif chemokine 10,Lymphotoxin-alpha,18342605,"Here we show that downregulation of Glc7, or its dissociation from CPF in the absence of CPF subunits Ref2 or Swd2, results in similar snoRNA termination defects."
C-C motif chemokine 7,C-X-C motif chemokine 9,binds,C-C motif chemokine 7,C-X-C motif chemokine 9,23240775,"Notably, the CCC-binding surface on ARNT is near where other PAS domains bind cofactors that modulate their protein/protein interactions, leading us to hypothesize that artificial ARNT-binding compounds might similarly control ARNT PAS-B/CCC interactions to regulate HIF activity."
C-C motif chemokine 7,Lymphotoxin-alpha,regulates,C-C motif chemokine 7,Lymphotoxin-alpha,19955185,"Finally, our results demonstrate that SUMO-1 modification of hPPARalpha down-regulates its trans-activity through the specific recruitment of corepressor NCoR but not SMRT leading to the differential expression of a subset of PPARalpha target genes."
C-C motif chemokine 7,Lymphotoxin-alpha,unknown,C-C motif chemokine 7,Lymphotoxin-alpha,12097641,"Although both ST3Gal-IV and ST6Gal-I sialyltransferases mask galactose linkages implicated as asialoglycoprotein receptor ligands, only ST3Gal-IV deficiency promotes asialoglycoprotein clearance mechanisms with a reduction in plasma levels of VWF and platelets."
C-C motif chemokine 7,Lymphotoxin-alpha,unknown,C-C motif chemokine 7,Lymphotoxin-alpha,12097641,Oligosaccharide branch-specific sialylation by the ST3Gal-IV sialyltransferase is required to sustain the physiologic half-life of murine hemostatic components and may be an important modifier of plasma VWF level in humans.
Interleukin-4,Lymphotoxin-alpha,unknown,Interleukin-4,Lymphotoxin-alpha,12242343,This unconventional interaction of SOCS5 protein with the IL-4R resulted in the inhibition of IL-4-mediated signal transducer and activator of transcription-6 activation.
C-C motif chemokine 7,Interleukin-4,unknown,C-C motif chemokine 7,Interleukin-4,12242343,T cells from transgenic mice constitutively expressing SOCS5 exhibited a significant reduction of IL-4-mediated Th2 development.
Fms-related tyrosine kinase 3 ligand,Interleukin-6,activates,Fms-related tyrosine kinase 3 ligand,Interleukin-6,10328874,"Recent studies have shown that the non-steroidal anti-inflammatory drugs (NSAIDs) activate heat shock transcription factor (HSF1) from a latent cytoplasmic form to a nuclear, DNA binding state."
Fms-related tyrosine kinase 3 ligand,Interleukin-1 beta,activates,Fms-related tyrosine kinase 3 ligand,Interleukin-1 beta,10328874,"In addition, sodium salicylate and additional NSAIDs used at concentrations that activate HSF1 also inhibited the expression of other monocytic genes (TNF-alpha, IL-1beta, IL-6, IL-8, IL-10, ICAM-1) activated by exposure to a pro-inflammatory stimulus (lipopolysaccharide, LPS)."
Fms-related tyrosine kinase 3 ligand,Interleukin-10,activates,Fms-related tyrosine kinase 3 ligand,Interleukin-10,10328874,"In addition, sodium salicylate and additional NSAIDs used at concentrations that activate HSF1 also inhibited the expression of other monocytic genes (TNF-alpha, IL-1beta, IL-6, IL-8, IL-10, ICAM-1) activated by exposure to a pro-inflammatory stimulus (lipopolysaccharide, LPS)."
Fms-related tyrosine kinase 3 ligand,Interleukin-6,activates,Fms-related tyrosine kinase 3 ligand,Interleukin-6,10328874,"In addition, sodium salicylate and additional NSAIDs used at concentrations that activate HSF1 also inhibited the expression of other monocytic genes (TNF-alpha, IL-1beta, IL-6, IL-8, IL-10, ICAM-1) activated by exposure to a pro-inflammatory stimulus (lipopolysaccharide, LPS)."
Interleukin-1 beta,Interleukin-10,activates,Interleukin-1 beta,Interleukin-10,10328874,"In addition, sodium salicylate and additional NSAIDs used at concentrations that activate HSF1 also inhibited the expression of other monocytic genes (TNF-alpha, IL-1beta, IL-6, IL-8, IL-10, ICAM-1) activated by exposure to a pro-inflammatory stimulus (lipopolysaccharide, LPS)."
Interleukin-1 beta,Interleukin-6,activates,Interleukin-1 beta,Interleukin-6,10328874,"In addition, sodium salicylate and additional NSAIDs used at concentrations that activate HSF1 also inhibited the expression of other monocytic genes (TNF-alpha, IL-1beta, IL-6, IL-8, IL-10, ICAM-1) activated by exposure to a pro-inflammatory stimulus (lipopolysaccharide, LPS)."
Interleukin-10,Interleukin-6,activates,Interleukin-10,Interleukin-6,10328874,"In addition, sodium salicylate and additional NSAIDs used at concentrations that activate HSF1 also inhibited the expression of other monocytic genes (TNF-alpha, IL-1beta, IL-6, IL-8, IL-10, ICAM-1) activated by exposure to a pro-inflammatory stimulus (lipopolysaccharide, LPS)."
C-C motif chemokine 7,Interleukin-6,binds,C-C motif chemokine 7,Interleukin-6,10328874,"At least in the case of the IL1B promoter, repression did not seem to involve another factor whose activity is affected by the NSAIDs, NFkappaB as the IL1B promoter fragment used in our studies is not NFkappaB responsive and binds specifically to HSF1."
Fms-related tyrosine kinase 3 ligand,Interleukin-6,activates,Fms-related tyrosine kinase 3 ligand,Interleukin-6,10328874,These findings reflect the properties of HSF1 which can be activated to at least two DNA binding forms only one of which activates heat shock promoters and suggest that individual NSAID family members may differentially induce one or other of these forms.
Fms-related tyrosine kinase 3 ligand,Lymphotoxin-alpha,unknown,Fms-related tyrosine kinase 3 ligand,Lymphotoxin-alpha,2432924,The effect of covalently bound fatty acid on the conformation of the myelin proteolipid protein has been studied by ultraviolet and intrinsic fluorescence spectroscopy.
C-C motif chemokine 7,Lymphotoxin-alpha,unknown,C-C motif chemokine 7,Lymphotoxin-alpha,18614577,"We also show that overexpression of crol results in downregulation of Hfp, consistent with the identification of the crol mutant as a dominant enhancer of the Hfp overexpression phenotype."
C-C motif chemokine 7,Lymphotoxin-alpha,unknown,C-C motif chemokine 7,Lymphotoxin-alpha,23063561,"In the context of fibroblast growth-factor receptor signaling, the coordinated involvement of nSH2 and cSH2 domains mediates efficient phosphorylation of PLCgamma1 resulting in the interruption of an autoinhibitory interface by direct competition and, independently, dissociation of PLCgamma1 from the receptor."
C-C motif chemokine 7,Lymphotoxin-alpha,unknown,C-C motif chemokine 7,Lymphotoxin-alpha,11937504,These results highlight the potential difficulties in interpretation of protein-protein interactions based on co-crystal structures using short peptide motifs.
C-C motif chemokine 7,Lymphotoxin-alpha,unknown,C-C motif chemokine 7,Lymphotoxin-alpha,27018634,Enteropathogenic and enterohemorrhagic Escherichia coli cause enteric diseases resulting in significant morbidity and mortality worldwide.
C-C motif chemokine 7,Lymphotoxin-alpha,unknown,C-C motif chemokine 7,Lymphotoxin-alpha,27018634,"Ensconsin is an essential cofactor of kinesin-1 that is required for intracellular trafficking, and we demonstrated that intracellular trafficking was severely disrupted during wild type EPEC infections but not during infections with DeltanleB1 or DeltaespL mutants."
C-C motif chemokine 7,Lymphotoxin-alpha,binds,C-C motif chemokine 7,Lymphotoxin-alpha,15851033,Here we make the unexpected finding that the C2 domain of PKCdelta directly binds to phosphotyrosine peptides in a sequence-specific manner.
Lymphotoxin-alpha,Macrophage metalloelastase,unknown,Lymphotoxin-alpha,Macrophage metalloelastase,24784881,Post-translational covalent attachment of cholesterol and palmitate to Hh proteins are critical for multimerization and long range signaling potency.
C-C motif chemokine 7,Lymphotoxin-alpha,unknown,C-C motif chemokine 7,Lymphotoxin-alpha,18719106,Here we report the identification of HLTF as a second RAD5 homologue in human cells.
C-C motif chemokine 7,Lymphotoxin-alpha,unknown,C-C motif chemokine 7,Lymphotoxin-alpha,18719106,"Moreover, Hltf-deficient mouse embryonic fibroblasts show elevated chromosome breaks and fusions after methyl methane sulfonate treatment."
C-C motif chemokine 7,Lymphotoxin-alpha,inhibits,C-C motif chemokine 7,Lymphotoxin-alpha,26906425,"Similar to other HSP proteins, Atl inhibits bone morphogenetic protein (BMP) signaling, and loss of atl causes age-dependent locomotor deficits in adults."
Lymphotoxin-alpha,Macrophage metalloelastase,unknown,Lymphotoxin-alpha,Macrophage metalloelastase,22101327,"In mammalian cells, cohesion establishment and Sororin recruitment to chromatin-bound cohesin depends on the acetyltransferases Esco1 and Esco2."
C-C motif chemokine 7,Lymphotoxin-alpha,unknown,C-C motif chemokine 7,Lymphotoxin-alpha,22101327,Our results suggest that Esco2 is needed for cohesin acetylation in PCH and that this modification is required for the proper distribution of cohesin on mitotic chromosomes and for centromeric cohesion.
C-C motif chemokine 7,Lymphotoxin-alpha,unknown,C-C motif chemokine 7,Lymphotoxin-alpha,15240556,"Thus, while our results support the existence of Ft-Ds binding and show that it is sufficient to alter PCP, ds expression is permissive or redundant with other PCP cues in much of the wing."
Fms-related tyrosine kinase 3 ligand,Lymphotoxin-alpha,unknown,Fms-related tyrosine kinase 3 ligand,Lymphotoxin-alpha,27449295,"Momordin Iotac (Mc), a natural pentacyclic triterpenoid, inhibited SENP1 in vitro, as reflected by reduced SENP1C-induced cleavage of SUMO2-DeltaRanGAP1."
C-C motif chemokine 7,Macrophage colony-stimulating factor 1,unknown,C-C motif chemokine 7,Macrophage colony-stimulating factor 1,8264604,The macrophage colony-stimulating factor (M-CSF) receptor is expressed in a tissue-specific fashion from two distinct promoters in monocytes/macrophages and the placenta.
Lymphotoxin-alpha,Macrophage colony-stimulating factor 1,activates,Lymphotoxin-alpha,Macrophage colony-stimulating factor 1,8264604,"In order to further understand the transcription factors which play a role in the commitment of multipotential progenitors to the monocyte/macrophage lineage, we have initiated an investigation of the factors which activate the M-CSF receptor very early during the monocyte differentiation process."
C-C motif chemokine 7,Macrophage colony-stimulating factor 1,unknown,C-C motif chemokine 7,Macrophage colony-stimulating factor 1,8264604,Here we demonstrate that the human monocytic M-CSF receptor promoter directs reporter gene activity in a tissue-specific fashion.
C-C motif chemokine 7,Macrophage colony-stimulating factor 1,activates,C-C motif chemokine 7,Macrophage colony-stimulating factor 1,8264604,"Since one of the few transcription factors which have been implicated in the regulation of monocyte genes is the macrophage- and B-cell-specific PU.1 transcription factor, we investigated whether PU.1 binds and activates the M-CSF receptor promoter."
C-C motif chemokine 7,Macrophage colony-stimulating factor 1,binds,C-C motif chemokine 7,Macrophage colony-stimulating factor 1,8264604,Here we demonstrate that both in vitro-translated PU.1 and PU.1 from nuclear extracts bind to a specific site in the M-CSF receptor promoter just upstream from the major transcription initiation site.
C-C motif chemokine 7,Macrophage colony-stimulating factor 1,unknown,C-C motif chemokine 7,Macrophage colony-stimulating factor 1,8264604,Mutations in this site which eliminate PU.1 binding decrease M-CSF receptor promoter activity significantly in macrophage cell lines only.
C-C motif chemokine 7,Lymphotoxin-alpha,unknown,C-C motif chemokine 7,Lymphotoxin-alpha,16000296,DHHC9 and GCP16 constitute a human protein fatty acyltransferase with specificity for H- and N-Ras.
C-C motif chemokine 7,Macrophage metalloelastase,unknown,C-C motif chemokine 7,Macrophage metalloelastase,16000296,Covalent lipid modifications mediate the membrane attachment and biological activity of Ras proteins.
C-C motif chemokine 7,Granulocyte-macrophage colony-stimulating factor,binds,C-C motif chemokine 7,Granulocyte-macrophage colony-stimulating factor,1911548,A nuclear factor NF-GM2 that interacts with a regulatory region of the GM-CSF gene essential for its induction in responses to T-cell activation: purification from human T-cell leukemia line Jurkat cells and similarity to NF-kappa B.
C-C motif chemokine 7,Macrophage colony-stimulating factor 1,binds,C-C motif chemokine 7,Macrophage colony-stimulating factor 1,1911548,A nuclear factor NF-GM2 that interacts with a regulatory region of the GM-CSF gene essential for its induction in responses to T-cell activation: purification from human T-cell leukemia line Jurkat cells and similarity to NF-kappa B.
Granulocyte-macrophage colony-stimulating factor,Macrophage colony-stimulating factor 1,binds,Granulocyte-macrophage colony-stimulating factor,Macrophage colony-stimulating factor 1,1911548,A nuclear factor NF-GM2 that interacts with a regulatory region of the GM-CSF gene essential for its induction in responses to T-cell activation: purification from human T-cell leukemia line Jurkat cells and similarity to NF-kappa B.
Granulocyte-macrophage colony-stimulating factor,Macrophage colony-stimulating factor 1,unknown,Granulocyte-macrophage colony-stimulating factor,Macrophage colony-stimulating factor 1,1911548,"Activation of T cells by antigen, lectin, or a combination of phorbol-12-myristate acetate (PMA) and calcium ionophore (A23187) leads to the induction of genes for a set of lymphokines, including granulocyte-macrophage colony-stimulating factor (GM-CSF)."
Granulocyte-macrophage colony-stimulating factor,Macrophage colony-stimulating factor 1,unknown,Granulocyte-macrophage colony-stimulating factor,Macrophage colony-stimulating factor 1,1911548,We demonstrated in earlier studies that the upstream region of the mouse GM-CSF promoter at positions between -95 and -73 is essential for transcriptional activation in response to PMA/A23187.
C-C motif chemokine 7,Granulocyte-macrophage colony-stimulating factor,unknown,C-C motif chemokine 7,Granulocyte-macrophage colony-stimulating factor,1911548,"To elucidate the mechanism of GM-CSF gene activation, we have purified the inducible factor NF-GM2 from the nuclear extract of stimulated Jurkat cells on the basis of specific DNA-binding activity."
C-C motif chemokine 7,Macrophage colony-stimulating factor 1,unknown,C-C motif chemokine 7,Macrophage colony-stimulating factor 1,1911548,"To elucidate the mechanism of GM-CSF gene activation, we have purified the inducible factor NF-GM2 from the nuclear extract of stimulated Jurkat cells on the basis of specific DNA-binding activity."
Granulocyte-macrophage colony-stimulating factor,Macrophage colony-stimulating factor 1,unknown,Granulocyte-macrophage colony-stimulating factor,Macrophage colony-stimulating factor 1,1911548,"To elucidate the mechanism of GM-CSF gene activation, we have purified the inducible factor NF-GM2 from the nuclear extract of stimulated Jurkat cells on the basis of specific DNA-binding activity."
C-C motif chemokine 7,Granulocyte-macrophage colony-stimulating factor,unknown,C-C motif chemokine 7,Granulocyte-macrophage colony-stimulating factor,1911548,The purified NF-GM2 consists of 50 (p50) and 65 kDa (p65) polypeptides and has a binding activity specific for both the GM-CSF and immunoglobulin kappa (GGAAAGTCCC) enhancers.
C-C motif chemokine 7,Macrophage colony-stimulating factor 1,unknown,C-C motif chemokine 7,Macrophage colony-stimulating factor 1,1911548,The purified NF-GM2 consists of 50 (p50) and 65 kDa (p65) polypeptides and has a binding activity specific for both the GM-CSF and immunoglobulin kappa (GGAAAGTCCC) enhancers.
Granulocyte-macrophage colony-stimulating factor,Macrophage colony-stimulating factor 1,unknown,Granulocyte-macrophage colony-stimulating factor,Macrophage colony-stimulating factor 1,1911548,The purified NF-GM2 consists of 50 (p50) and 65 kDa (p65) polypeptides and has a binding activity specific for both the GM-CSF and immunoglobulin kappa (GGAAAGTCCC) enhancers.
Granulocyte-macrophage colony-stimulating factor,Macrophage colony-stimulating factor 1,activates,Granulocyte-macrophage colony-stimulating factor,Macrophage colony-stimulating factor 1,1911548,"The purified NF-GM2 activated in vitro transcription from the kappa B enhancer, while it failed to stimulate transcription from the GM-CSF promoter harboring the GM2 sequence."
Granulocyte-macrophage colony-stimulating factor,Macrophage colony-stimulating factor 1,unknown,Granulocyte-macrophage colony-stimulating factor,Macrophage colony-stimulating factor 1,1911548,This suggests that the activation mechanism of the GM-CSF gene through the GM2/GC-box sequence is different from that of genes carrying the kappa B enhancer alone.
Fms-related tyrosine kinase 3 ligand,Lymphotoxin-alpha,unknown,Fms-related tyrosine kinase 3 ligand,Lymphotoxin-alpha,11675392,The GGpp-dependent interaction between RabGGTase and REP-1 was observed using affinity precipitations and gel filtration and was quantitated on the basis of fluorescence assays.
C-C motif chemokine 7,Lymphotoxin-alpha,unknown,C-C motif chemokine 7,Lymphotoxin-alpha,10514433,"These results suggest that, in addition to site-specific phosphorylation at Ser(32) and Ser(36), an acidic amino acid at position 31 is required for FWD1-mediated ubiquitination of IkappaBalpha."
C-C motif chemokine 7,Lymphotoxin-alpha,unknown,C-C motif chemokine 7,Lymphotoxin-alpha,15564593,"TRIP8b dramatically alters the trafficking of HCN channels heterologously expressed in Xenopus oocytes and human embryonic kidney 293 cells, causing a specific decrease in surface expression of HCN protein and I(h) density, with a pronounced intracellular accumulation of HCN protein that is colocalized in discrete cytoplasmic clusters with TRIP8b."
C-C motif chemokine 7,Lymphotoxin-alpha,unknown,C-C motif chemokine 7,Lymphotoxin-alpha,18199880,The results showed that all three cysteine residues are palmitoylated but that only modification at Cys629 is functionally relevant.
C-C motif chemokine 7,Lymphotoxin-alpha,unknown,C-C motif chemokine 7,Lymphotoxin-alpha,18199880,Molecular dynamics simulations at a time scale of approximately 100 nsec revealed that replacement of Cys629 resulted in structures that differed significantly from that of the wild-type receptor.
C-C motif chemokine 7,Interleukin-4,unknown,C-C motif chemokine 7,Interleukin-4,10069428,"Allergen-specific T cells in atopic patients are polarized IL-4-producing Th2 cells, promoting IgE synthesis by B cells."
Interleukin-4,Lymphotoxin-alpha,unknown,Interleukin-4,Lymphotoxin-alpha,10069428,These findings suggest that high-level IL-4 production in atopic Th2 cells is associated with selective reduction of suppressive NFAT1 activity at the IL-4 P0 element and that some patients with this multifactorial disease may have a putative systemic disorder at this level.
C-C motif chemokine 7,Lymphotoxin-alpha,unknown,C-C motif chemokine 7,Lymphotoxin-alpha,15077114,We demonstrate that acetylation of the N-terminal methionine of Arl3p requires the NatC N(alpha)-acetyltransferase and that this modification is required for its Golgi localization.
C-C motif chemokine 7,Macrophage metalloelastase,unknown,C-C motif chemokine 7,Macrophage metalloelastase,26658609,Previously we uncovered genes required for the trafficking of the vesicle soluble N-ethylmaleimide-sensitive factor attachment protein receptor (v-SNARE) Snc1 in a genome-wide screen that assessed changes in the surface levels of the GFP-Snc1-Suc2 (GSS) reporter protein.
C-C motif chemokine 7,Fms-related tyrosine kinase 3 ligand,unknown,C-C motif chemokine 7,Fms-related tyrosine kinase 3 ligand,12391162,"The plasma membrane localization of hSpry2TD was abolished in ionomycin-treated MDCK cells or when PtdIns(4,5)P(2) was specifically dephosphorylated by overexpression of an engineered, green fluorescent protein-tagged inositol 5-phosphatase."
C-C motif chemokine 7,Fms-related tyrosine kinase 3 ligand,unknown,C-C motif chemokine 7,Fms-related tyrosine kinase 3 ligand,16594705,The green fluorescent protein (GFP) creates a fluorophore out of three sequential amino acids by promoting spontaneous posttranslational modifications.
Fms-related tyrosine kinase 3 ligand,Lymphotoxin-alpha,unknown,Fms-related tyrosine kinase 3 ligand,Lymphotoxin-alpha,16594705,"These results are relevant for the maturation pathways of GFP homologues, such as the kindling fluorescent protein and the Kaede protein, which use backbone cleavage to red-shift the spectral properties of their chromophores."
C-C motif chemokine 7,Lymphotoxin-alpha,unknown,C-C motif chemokine 7,Lymphotoxin-alpha,16594705,"Together, our results characterize GFP posttranslational modification chemistry with implications for the energetic landscape of backbone cyclization and subsequent reactions, and for the rational design of predetermined spontaneous backbone cyclization and cleavage reactions."
C-C motif chemokine 7,Lymphotoxin-alpha,unknown,C-C motif chemokine 7,Lymphotoxin-alpha,21317882,"A selectivity filter, similar in architecture to those of K(+) channels but significantly shorter, is lined by backbone and side-chain oxygen atoms."
C-C motif chemokine 7,Fms-related tyrosine kinase 3 ligand,unknown,C-C motif chemokine 7,Fms-related tyrosine kinase 3 ligand,21317882,Substituting the arginine with an alanine significantly increases the rate of K(+) flux.
C-C motif chemokine 7,Lymphotoxin-alpha,unknown,C-C motif chemokine 7,Lymphotoxin-alpha,19917606,Mutations at the PKA-specific site in VACM-1/Cul5 ((S730A)VACM-1) sequence resulted in increased cellular growth and the appearance of a Nedd8-modified VACM-1/Cul5.
C-C motif chemokine 7,Lymphotoxin-alpha,unknown,C-C motif chemokine 7,Lymphotoxin-alpha,19917606,Our results indicate that in vitro transfection of rat adrenal medullary endothelial cells with anti-VACM-1-specific small interfering RNA oligonucleotides decreases endogenous VACM-1 protein concentration and increases cell growth.
C-C motif chemokine 7,Lymphotoxin-alpha,unknown,C-C motif chemokine 7,Lymphotoxin-alpha,19917606,These results suggest that the antiproliferative effect of VACM-1/Cul5 is dependent on its posttranslational modifications and will help in the design of new anticancer therapeutics that target the Nedd8 pathway.
C-C motif chemokine 7,Fms-related tyrosine kinase 3 ligand,unknown,C-C motif chemokine 7,Fms-related tyrosine kinase 3 ligand,18457970,"Specifically, we sequenced exons, exon-intron splice junctions and the 5'-flanking regions (5'-FRs) of BHMT and BHMT2 using 240 DNA samples from four ethnic groups."
C-C motif chemokine 7,Lymphotoxin-alpha,binds,C-C motif chemokine 7,Lymphotoxin-alpha,20235143,"As proteins interact with several partners in different allosteric conformation in a pathological and tissue-specific fashion, it is difficult to predict the in vivo effect of PPI acting compounds identified by in vitro screening assays."
C-C motif chemokine 7,Lymphotoxin-alpha,unknown,C-C motif chemokine 7,Lymphotoxin-alpha,21482778,"By allowing for time and space resolved quantification of protein populations with heterogeneous oligomeric states, SpIDA provides a unique approach to undertake single cell multivariate quantification of signaling processes involving changes in protein interactions, trafficking, and activity."
C-C motif chemokine 7,Lymphotoxin-alpha,unknown,C-C motif chemokine 7,Lymphotoxin-alpha,11060341,"Our present findings do not support the hypothesis that hepatically localized apoE is a critical factor in the rapid initial removal of chylomicron remnants by either of the major pathways but do suggest that hepatically localized apoE can be added to lipoproteins to accelerate their uptake, although this process may have a limited capacity to compensate for apoE deficiency on lipoproteins."
C-C motif chemokine 7,Fms-related tyrosine kinase 3 ligand,unknown,C-C motif chemokine 7,Fms-related tyrosine kinase 3 ligand,21463458,"In summary, our data suggest that Vps75 influences chromatin structure by regulating histone modification and through its histone chaperone functions."
C-C motif chemokine 7,Lymphotoxin-alpha,unknown,C-C motif chemokine 7,Lymphotoxin-alpha,11983712,Congenital disorders of glycosylation type Ig is defined by a deficiency in dolichyl-P-mannose:Man7GlcNAc2-PP-dolichyl mannosyltransferase.
C-C motif chemokine 7,Lymphotoxin-alpha,unknown,C-C motif chemokine 7,Lymphotoxin-alpha,11983712,Type I congenital disorders of glycosylation (CDG I) are diseases presenting multisystemic lesions including central and peripheral nervous system deficits.
C-C motif chemokine 7,Lymphotoxin-alpha,binds,C-C motif chemokine 7,Lymphotoxin-alpha,10777215,"The ATFa proteins, which are members of the CREB/ATF family of transcription factors, have previously been shown to interact with the adenovirus E1a oncoprotein and to mediate its transcriptional activity; they heterodimerize with Jun, Fos or related transcription factors, possibly altering their DNA-binding specificity; they also stably bind JNK2, a stress-induced protein kinase."
C-C motif chemokine 7,Interleukin-2,unknown,C-C motif chemokine 7,Interleukin-2,19706536,"In addition, CARMA1 S551A or S5549A/S551A point mutants failed to restore HPK1-mediated and TCR-mediated NF-kappaB activation and IL-2 expression in CARMA1-deficient T cells."
Fms-related tyrosine kinase 3 ligand,Lymphotoxin-alpha,unknown,Fms-related tyrosine kinase 3 ligand,Lymphotoxin-alpha,10091581,"Cells defective in Pzh1 do not show altered efflux of Na+ or Li+ ions, but they accumulate these cations more slowly than wild-type cells."
Fms-related tyrosine kinase 3 ligand,Lymphotoxin-alpha,unknown,Fms-related tyrosine kinase 3 ligand,Lymphotoxin-alpha,10091581,"K+ ion content of pzh1 delta cells is about twice that of wild-type cells, and this can be explained by decreased efflux of K+."
C-C motif chemokine 7,Fms-related tyrosine kinase 3 ligand,unknown,C-C motif chemokine 7,Fms-related tyrosine kinase 3 ligand,10091581,trkl delta mutants grew well even at relatively low concentrations of KCl and did not show significantly altered content or influx of K+ ions.
C-C motif chemokine 7,Lymphotoxin-alpha,unknown,C-C motif chemokine 7,Lymphotoxin-alpha,10091581,trkl delta mutants grew well even at relatively low concentrations of KCl and did not show significantly altered content or influx of K+ ions.
Fms-related tyrosine kinase 3 ligand,Lymphotoxin-alpha,unknown,Fms-related tyrosine kinase 3 ligand,Lymphotoxin-alpha,10091581,trkl delta mutants grew well even at relatively low concentrations of KCl and did not show significantly altered content or influx of K+ ions.
C-C motif chemokine 7,Lymphotoxin-alpha,unknown,C-C motif chemokine 7,Lymphotoxin-alpha,10091581,"These results suggest that Trk1 does not mediate the effect of Pzh1 on NaCl tolerance and that fission yeast contains efficient systems, other than Trk1, for uptake of K+ ions."
Fms-related tyrosine kinase 3 ligand,Lymphotoxin-alpha,unknown,Fms-related tyrosine kinase 3 ligand,Lymphotoxin-alpha,23233753,"METHODS AND RESULTS: We used permeabilized rat ventricular myocytes and fluorescently labeled DPc10, FKBP12.6, and CaM."
C-C motif chemokine 7,Lymphotoxin-alpha,unknown,C-C motif chemokine 7,Lymphotoxin-alpha,18781344,"A significant amount of iron was always found in Agrobacterium radiobacter hydantoinase purified from unsupplemented cobalt-, manganese-, or zinc-amended Escherichia coli cell cultures."
C-C motif chemokine 7,Fms-related tyrosine kinase 3 ligand,unknown,C-C motif chemokine 7,Fms-related tyrosine kinase 3 ligand,10066374,"Using a recently developed confocal microscopic immunofluorescence method that allows quantification of the nucleocytoplasmic ratios of the proteins in individual cells and statistical comparison of cell populations, two subregions of the Hsp90 molecule have been defined that allow interaction with GR (residues 206-291 and 446-581)."
C-C motif chemokine 7,Lymphotoxin-alpha,unknown,C-C motif chemokine 7,Lymphotoxin-alpha,21122132,"coli, results in a tissue specific secretion of HBD1, HBD2, and HBD3 mainly in the CHD, which is the first infected region during an ascending infection."
C-C motif chemokine 7,Fms-related tyrosine kinase 3 ligand,unknown,C-C motif chemokine 7,Fms-related tyrosine kinase 3 ligand,11747826,Chromatin immunoprecipitation assays and immunofluorescence studies indicated that CARM1 and the CARM1-methylated form of histone H3 specifically associated with a large tandem array of MMTV promoters in a hormone-dependent manner.
C-C motif chemokine 7,Fms-related tyrosine kinase 3 ligand,binds,C-C motif chemokine 7,Fms-related tyrosine kinase 3 ligand,22155231,"Using protein-fragment complementation assays based on Gaussia luciferase and green fluorescent protein, we find that TcpB interacts directly with MyD88 and that this interaction is significantly stronger than the interaction of TcpB with TIRAP, the only other adaptor protein that detectably interacts with TcpB."
C-X-C motif chemokine 9,Lymphotoxin-alpha,inhibits,C-X-C motif chemokine 9,Lymphotoxin-alpha,22155231,Structural models consistent with these results suggest how TcpB might inhibit TLR signaling by targeting MyD88 via a DD-TIR domain interface.
C-C motif chemokine 7,Lymphotoxin-alpha,unknown,C-C motif chemokine 7,Lymphotoxin-alpha,11040182,"RESULTS: In vitro, the specific activities on the liquid meal TGs were 32 (gastric juice) and 34 (pure lipase) micromol x min(-1) x mg(-1) with HGL and 47 (pancreatic juice) and 43 (pure lipase) micromol x min(-1)."
C-C motif chemokine 7,Lymphotoxin-alpha,unknown,C-C motif chemokine 7,Lymphotoxin-alpha,28939558,"Although BRAF and MEK-targeted combination therapy has demonstrated significant benefit beyond single-agent options, the majority of patients develop resistance and disease progression after approximately 12 months."
C-C motif chemokine 7,Lymphotoxin-alpha,unknown,C-C motif chemokine 7,Lymphotoxin-alpha,9642256,"PRMT 3, a type I protein arginine N-methyltransferase that differs from PRMT1 in its oligomerization, subcellular localization, substrate specificity, and regulation."
Interleukin-4,Lymphotoxin-alpha,unknown,Interleukin-4,Lymphotoxin-alpha,9845517,"In Th2 cells, IL-4 gene expression is tightly controlled at the level of transcription by the coordinated binding of multiple transcription factors to regulatory elements in the proximal promoter region."
Interleukin-4,Lymphotoxin-alpha,activates,Interleukin-4,Lymphotoxin-alpha,9845517,"The molecular mechanisms by which IL-4 induces expression of the IL-4 gene are not known, although the IL-4-activated transcription factor signal transducer and activator of transcription 6 (Stat6) is required for this effect."
C-C motif chemokine 7,Interleukin-4,unknown,C-C motif chemokine 7,Interleukin-4,9845517,"To investigate the role of Stat6 in regulating IL-4 transcription, we used Stat6-deficient Jurkat T cells with different intact IL-4 promoter constructs in cotransfection assays."
Interleukin-4,Lymphotoxin-alpha,unknown,Interleukin-4,Lymphotoxin-alpha,9845517,"We show that, whereas a multimerized response element from the germline IgE promoter was highly induced by IL-4 in Stat6-expressing Jurkat cells, the intact human IL-4 promoter was repressed under similar conditions."
Granulocyte-macrophage colony-stimulating factor,Macrophage colony-stimulating factor 1,unknown,Granulocyte-macrophage colony-stimulating factor,Macrophage colony-stimulating factor 1,9414129,"To further clarify the complex transcriptional regulation of the human GM-CSF gene, which was extensively investigated in activated T cells, we have studied the role of an upstream NF-kappaB like site in the 5637 non-lymphoid cell line, which derives from a bladder carcinoma and constitutively produces GM-CSF."
Granulocyte-macrophage colony-stimulating factor,Macrophage colony-stimulating factor 1,unknown,Granulocyte-macrophage colony-stimulating factor,Macrophage colony-stimulating factor 1,9414129,"This sequence, named the A element, has an active role on GM-CSF transcription and is responsive to the tumor promoter PMA in transient transfection experiments."
C-C motif chemokine 7,Lymphotoxin-alpha,unknown,C-C motif chemokine 7,Lymphotoxin-alpha,17715127,SIRT4 exhibits no histone deacetylase activity but functions as an efficient ADP-ribosyltransferase on histones and bovine serum albumin.
C-C motif chemokine 7,C-X-C motif chemokine 9,unknown,C-C motif chemokine 7,C-X-C motif chemokine 9,8430087,"These assays were used to identify recombinant beta gamma dimer migration during chromatographic purification, and the recombinant dimers were purified to near homogeneity."
C-C motif chemokine 7,Tumor necrosis factor,unknown,C-C motif chemokine 7,Tumor necrosis factor,17135271,Site-specific Lys-63-linked tumor necrosis factor receptor-associated factor 6 auto-ubiquitination is a critical determinant of I kappa B kinase activation.
Fms-related tyrosine kinase 3 ligand,Lymphotoxin-alpha,unknown,Fms-related tyrosine kinase 3 ligand,Lymphotoxin-alpha,24186360,"AIMS/HYPOTHESIS: Insulin-mediated glucose transport and utilisation are decreased in skeletal muscle from type 2 diabetic and glucose-intolerant individuals because of alterations in insulin receptor signalling, GLUT4 translocation to the plasma membrane and microvascular blood flow."
C-C motif chemokine 7,Fms-related tyrosine kinase 3 ligand,unknown,C-C motif chemokine 7,Fms-related tyrosine kinase 3 ligand,10372527,Measurement of the gadolinium leakage due to neuroinflammation revealed a significant decrease in permeability from 4.09 +/- 2.1 to 2.95 +/- 1.79% pixels > mean + 2 SD (p = 0.011).
C-C motif chemokine 7,Fms-related tyrosine kinase 3 ligand,unknown,C-C motif chemokine 7,Fms-related tyrosine kinase 3 ligand,8663178,A method for the identification of high-affinity ligands to SH2 domains by fluorescence-activated bead sorting (FABS) was established.
C-C motif chemokine 7,Lymphotoxin-alpha,activates,C-C motif chemokine 7,Lymphotoxin-alpha,10995389,"Although a stable mutant of CDC6 is biologically active, overexpression of this mutant or wild-type CDC6 is not sufficient to induce multiple rounds of DNA replication in the same cell cycle."
C-C motif chemokine 7,Lymphotoxin-alpha,unknown,C-C motif chemokine 7,Lymphotoxin-alpha,2204804,Membrane extracts of sterile Saccharomyces cerevisiae strains containing the a-specific ste14 mutation lack a farnesyl cysteine C-terminal carboxyl methyltransferase activity that is present in wild-type a and alpha cells.
C-C motif chemokine 7,Lymphotoxin-alpha,unknown,C-C motif chemokine 7,Lymphotoxin-alpha,2204804,Other a-specific sterile strains with ste6 and ste16 mutations also have wild-type levels of the farnesyl cysteine carboxyl methyltransferase activity.
C-C motif chemokine 7,Lymphotoxin-alpha,unknown,C-C motif chemokine 7,Lymphotoxin-alpha,2204804,"We demonstrate that the farnesylation of the cysteine residue in the peptide is required for the methyltransferase activity, suggesting that methyl esterification follows the lipidation reaction in the cell."
C-C motif chemokine 7,Lymphotoxin-alpha,unknown,C-C motif chemokine 7,Lymphotoxin-alpha,16464858,"Fringe, an O-fucose beta1,3-N-acetylglucosaminyltransferase, elongates O-fucose on specific EGF repeats from Notch to form a disaccharide that can be further elongated to a tetrasaccharide."
C-C motif chemokine 7,Lymphotoxin-alpha,unknown,C-C motif chemokine 7,Lymphotoxin-alpha,16464858,Here we demonstrate the existence of a TSR-specific O-fucosyltransferase distinct from POFUT1.
C-C motif chemokine 7,Lymphotoxin-alpha,unknown,C-C motif chemokine 7,Lymphotoxin-alpha,16464858,"Similar to POFUT1, the novel TSR-specific O-fucosyltransferase is a soluble enzyme that requires a properly folded TSR as an acceptor substrate."
C-C motif chemokine 7,Lymphotoxin-alpha,unknown,C-C motif chemokine 7,Lymphotoxin-alpha,16464858,"In addition, we found that a previously identified fucose-specific beta1,3-glucosyltransferase adds glucose to O-fucose on TSRs, but it does not modify O-fucose on an EGF repeat."
C-C motif chemokine 7,Lymphotoxin-alpha,unknown,C-C motif chemokine 7,Lymphotoxin-alpha,16464858,"Taken together, these results suggest that two distinct O-fucosylation pathways exist in cells, one specific for EGF repeat and the other for TSRs."
C-C motif chemokine 7,Lymphotoxin-alpha,unknown,C-C motif chemokine 7,Lymphotoxin-alpha,17646648,"We discuss the physiological ramifications of these results for species possessing the A326G substitution, as well as implications for optimal vitamin D analog design."
C-C motif chemokine 7,Lymphotoxin-alpha,unknown,C-C motif chemokine 7,Lymphotoxin-alpha,29587144,"Genetic screening for putative SAM-dependent methyltransferases has identified protein synthesis as a regulator of the stem cells, partially through a unique diphthamide modification on eukaryotic elongation factor 2."
C-C motif chemokine 7,Macrophage metalloelastase,unknown,C-C motif chemokine 7,Macrophage metalloelastase,18657071,"We find a hierarchical requirement for cytoplasmic lysine residues in internalization and turnover, and a single position-specific lysine is sufficient for degradation, surface removal and attachment of oligoubiquitin chains."
Fms-related tyrosine kinase 3 ligand,Lymphotoxin-alpha,unknown,Fms-related tyrosine kinase 3 ligand,Lymphotoxin-alpha,19843541,Our results demonstrate an influence of SUMOylation on the multistep aggregation process of ATXN7 and implicate a role for ATXN7 SUMOylation in SCA7 pathogenesis.
Fms-related tyrosine kinase 3 ligand,Interleukin-2,unknown,Fms-related tyrosine kinase 3 ligand,Interleukin-2,10347175,These findings suggest that the synergy between SLP-76 and Vav in regulating IL-2 gene expression reflects the cooperation between different signaling pathways.
C-C motif chemokine 7,Fms-related tyrosine kinase 3 ligand,activates,C-C motif chemokine 7,Fms-related tyrosine kinase 3 ligand,28216227,"Second, we introduced telomeric DNA injury by using Flag-TRF1-Fok1 endonuclease to cut telomeres specifically or by treating cells with low and high levels of the DNA polymerase inhibitor aphidicolin, which could induce fragile telomeres, an indicator of replication folk stall."
Fms-related tyrosine kinase 3 ligand,Lymphotoxin-alpha,unknown,Fms-related tyrosine kinase 3 ligand,Lymphotoxin-alpha,18356536,"Treatment with PAF results in rapid dephosphorylation of Akt, phosphoinositide-dependent kinase-1, and the YXXM p85 binding motif of several proteins and redistribution of Akt-pleckstrin homology domain-green fluorescent protein, i.e., an in vivo phosphatidylinositol (3,4,5)-trisphosphate sensor, from membrane to cytosol."
C-C motif chemokine 7,C-X-C motif chemokine 9,unknown,C-C motif chemokine 7,C-X-C motif chemokine 9,19363486,"S2b), and reducing Cdk5 expression by shRNA knockdown also significantly inhibited neuroblastoma cell migration (Supplementary Information, Fig."
Fms-related tyrosine kinase 3 ligand,Lymphotoxin-alpha,unknown,Fms-related tyrosine kinase 3 ligand,Lymphotoxin-alpha,22939628,Neuronal Ca2+ influx is mediated through voltage-gated channels and/or receptor-operated channels activated by neurotransmitters.
C-C motif chemokine 7,Lymphotoxin-alpha,unknown,C-C motif chemokine 7,Lymphotoxin-alpha,10512884,LAS17 is an allele-specific multicopy suppressor of ARP2 and ARP3 mutations; overexpression restores both actin patch organization and endocytosis defects in ARP2 temperature-sensitive (ts) cells.
Interleukin-15,Interleukin-2,unknown,Interleukin-15,Interleukin-2,9199305,The interleukin-2 IL-2 receptor beta-chain (IL-2Rbeta) is an essential component of the receptors for IL-2 and IL-15.
Interleukin-2,Lymphotoxin-alpha,unknown,Interleukin-2,Lymphotoxin-alpha,9199305,"Although IL-2Rbeta is constitutively expressed by lymphocytes, its expression can be further induced by a number of stimuli, including phorbol 12-myristate 13-acetate (PMA)."
C-C motif chemokine 7,Lymphotoxin-alpha,binds,C-C motif chemokine 7,Lymphotoxin-alpha,10753746,RESULTS: A novel 70 kDa protein called Partner of Inscuteable (Pins) and a heterotrimeric G-protein alpha subunit were found to bind specifically to the functional domain of Inscuteable in vivo.
C-C motif chemokine 7,Lymphotoxin-alpha,unknown,C-C motif chemokine 7,Lymphotoxin-alpha,9949196,Expression of human alpha-l-fucosyltransferase gene homologs in monkey kidney COS cells and modification of potential fucosyltransferase acceptor substrates by an endogenous glycosidase.
C-C motif chemokine 7,Fms-related tyrosine kinase 3 ligand,unknown,C-C motif chemokine 7,Fms-related tyrosine kinase 3 ligand,23372810,"However, recombinant Est1 protein is not degraded or ubiquitinated by the APC in vitro, suggesting that Est1p either lacks the necessary structure or modification(s) that influence APC recognition in vivo or is an indirect target of the APC."
Fms-related tyrosine kinase 3 ligand,Lymphotoxin-alpha,binds,Fms-related tyrosine kinase 3 ligand,Lymphotoxin-alpha,26002084,"CPAP/Sas-4 can interact with tubulin and is required to recruit the centriole MTs to the outer region of the cartwheel, possibly working together with Cep135/Bld10 --although no homologue of this protein has been identified in worms, and it does not appear to be essential for centriole duplication in flies."
C-C motif chemokine 7,Fms-related tyrosine kinase 3 ligand,unknown,C-C motif chemokine 7,Fms-related tyrosine kinase 3 ligand,11687965,"In an attempt to find an effective treatment, we examined the efficacy of the non-steroidal anti-inflammatory drug, flurbiprofen, to suppress the growth of tumor cell lines derived from medulloblastoma and glioblastoma multiforme."
C-C motif chemokine 7,Lymphotoxin-alpha,unknown,C-C motif chemokine 7,Lymphotoxin-alpha,11687965,"In an attempt to find an effective treatment, we examined the efficacy of the non-steroidal anti-inflammatory drug, flurbiprofen, to suppress the growth of tumor cell lines derived from medulloblastoma and glioblastoma multiforme."
Fms-related tyrosine kinase 3 ligand,Lymphotoxin-alpha,unknown,Fms-related tyrosine kinase 3 ligand,Lymphotoxin-alpha,11687965,"In an attempt to find an effective treatment, we examined the efficacy of the non-steroidal anti-inflammatory drug, flurbiprofen, to suppress the growth of tumor cell lines derived from medulloblastoma and glioblastoma multiforme."
Fms-related tyrosine kinase 3 ligand,Lymphotoxin-alpha,inhibits,Fms-related tyrosine kinase 3 ligand,Lymphotoxin-alpha,11687965,Results from cell proliferation assays have revealed that flurbiprofen effectively inhibits the growth of various tumor cells in a dose-dependent manner and causes a noticeable change in the progression of cells through cell cycle stages.
C-C motif chemokine 7,Fms-related tyrosine kinase 3 ligand,unknown,C-C motif chemokine 7,Fms-related tyrosine kinase 3 ligand,11687965,"Treatment of tumor cells with flurbiprofen reduced the number of cells in G1 and G2, and significantly increased their numbers in S phase, suggesting that, flurbiprofen accelerates G1/S entry, and/or delays cell exit from S to G2/M stages."
C-C motif chemokine 7,Fms-related tyrosine kinase 3 ligand,unknown,C-C motif chemokine 7,Fms-related tyrosine kinase 3 ligand,11687965,"Results from RNase protection assay and Western blot analysis showed that while treatment of cells with flurbiprofen causes a minor change in the RNA level of different cyclins, there is a significant decrease in the level of cyclin B protein upon flurbiprofen treatment."
C-C motif chemokine 7,Lymphotoxin-alpha,unknown,C-C motif chemokine 7,Lymphotoxin-alpha,11687965,"Results from RNase protection assay and Western blot analysis showed that while treatment of cells with flurbiprofen causes a minor change in the RNA level of different cyclins, there is a significant decrease in the level of cyclin B protein upon flurbiprofen treatment."
Fms-related tyrosine kinase 3 ligand,Lymphotoxin-alpha,unknown,Fms-related tyrosine kinase 3 ligand,Lymphotoxin-alpha,11687965,"Results from RNase protection assay and Western blot analysis showed that while treatment of cells with flurbiprofen causes a minor change in the RNA level of different cyclins, there is a significant decrease in the level of cyclin B protein upon flurbiprofen treatment."
C-C motif chemokine 7,Lymphotoxin-alpha,unknown,C-C motif chemokine 7,Lymphotoxin-alpha,21586138,Percent mRNA remaining was determined by the comparative CT method (DeltaCT) for relative quantification.
Fms-related tyrosine kinase 3 ligand,Lymphotoxin-alpha,unknown,Fms-related tyrosine kinase 3 ligand,Lymphotoxin-alpha,22801410,The purity of the culture was assessed by immunofluorescence using GFAP as an astrocyte marker and 85-95% of the cells are GFAP positive.
Lymphotoxin-alpha,Macrophage metalloelastase,unknown,Lymphotoxin-alpha,Macrophage metalloelastase,15687105,"Myristoyl-CoA:protein N-myristoyltransferase (NMT), an essential protein in Trypanosoma brucei and Leishmania major, catalyses the covalent attachment of the fatty acid myristate to the N-terminus of a range of target proteins."
Fms-related tyrosine kinase 3 ligand,Lymphotoxin-alpha,unknown,Fms-related tyrosine kinase 3 ligand,Lymphotoxin-alpha,15687105,"Prior to cell death, depletion of ARL1 protein in bloodstream parasites results in abnormal morphology, including disintegration of the Golgi structure, multiple flagella and nuclei, and the presence of large numbers of vesicles."
C-C motif chemokine 7,Lymphotoxin-alpha,unknown,C-C motif chemokine 7,Lymphotoxin-alpha,16624818,"However, expression of ubiF from a multicopy vector restores growth and Q synthesis for both mutants, although with a higher efficiency in the point mutant."
C-C motif chemokine 7,Lymphotoxin-alpha,unknown,C-C motif chemokine 7,Lymphotoxin-alpha,1946356,"Although monocytic cells can provide a reservoir for viral production in vivo, their regulation of human immunodeficiency virus type 1 (HIV-1) transcription can be either latent, restricted, or productive."
Fms-related tyrosine kinase 3 ligand,Lymphotoxin-alpha,unknown,Fms-related tyrosine kinase 3 ligand,Lymphotoxin-alpha,12147674,Studies using double immunofluorescent microscopy and ultrastructural analysis revealed physiological colocalization of gigaxonin with MAP1B in neurons.
C-C motif chemokine 7,Lymphotoxin-alpha,unknown,C-C motif chemokine 7,Lymphotoxin-alpha,15761952,"In this study, we present a novel method for the identification of multiprotein complexes from mammalian cells."
C-C motif chemokine 7,Lymphotoxin-alpha,unknown,C-C motif chemokine 7,Lymphotoxin-alpha,15761952,"By using the Strep-tag affinity chromatography method, enabling fast and simple one-step purification, coupled with competitive elution under physiological conditions, we successfully purified a PP2A holoenzyme protein complex from a cultured mammalian cancer cell line."
C-C motif chemokine 7,Lymphotoxin-alpha,unknown,C-C motif chemokine 7,Lymphotoxin-alpha,17452516,"Taken together, the results indicate that the TREM-1 ligand is expressed by platelets, and the TREM-1/ligand interaction contributes to the amplification of LPS-induced PMN activation."
C-X-C motif chemokine 9,Fms-related tyrosine kinase 3 ligand,unknown,C-X-C motif chemokine 9,Fms-related tyrosine kinase 3 ligand,17452516,Our results shed new light on our understanding of TREM-1 and its role in the innate inflammatory response in infections and might contribute to the development of future concepts to treat sepsis.
C-X-C motif chemokine 9,Lymphotoxin-alpha,unknown,C-X-C motif chemokine 9,Lymphotoxin-alpha,17452516,Our results shed new light on our understanding of TREM-1 and its role in the innate inflammatory response in infections and might contribute to the development of future concepts to treat sepsis.
Fms-related tyrosine kinase 3 ligand,Lymphotoxin-alpha,unknown,Fms-related tyrosine kinase 3 ligand,Lymphotoxin-alpha,17452516,Our results shed new light on our understanding of TREM-1 and its role in the innate inflammatory response in infections and might contribute to the development of future concepts to treat sepsis.
C-C motif chemokine 7,Lymphotoxin-alpha,unknown,C-C motif chemokine 7,Lymphotoxin-alpha,8506307,Coagulation factor IX is a serine protease for which high-level expression of biologically active protein in heterologous cells is limited due to inefficient proteolytic removal of the propeptide as well as vitamin K-dependent carboxylation of multiple amino-terminal glutamic acid residues.
C-C motif chemokine 7,Fms-related tyrosine kinase 3 ligand,unknown,C-C motif chemokine 7,Fms-related tyrosine kinase 3 ligand,29203883,"Specific risk haploid types in the gene Abin-1 (TNFAIP3-interacting protein 1, or Tnip1) are strongly associated with a predisposition for autoimmune inflammatory diseases such as systemic lupus erythematosus (SLE) and psoriasis ."
C-C motif chemokine 7,Tumor necrosis factor,unknown,C-C motif chemokine 7,Tumor necrosis factor,29203883,"Specific risk haploid types in the gene Abin-1 (TNFAIP3-interacting protein 1, or Tnip1) are strongly associated with a predisposition for autoimmune inflammatory diseases such as systemic lupus erythematosus (SLE) and psoriasis ."
Fms-related tyrosine kinase 3 ligand,Tumor necrosis factor,unknown,Fms-related tyrosine kinase 3 ligand,Tumor necrosis factor,29203883,"Specific risk haploid types in the gene Abin-1 (TNFAIP3-interacting protein 1, or Tnip1) are strongly associated with a predisposition for autoimmune inflammatory diseases such as systemic lupus erythematosus (SLE) and psoriasis ."
C-C motif chemokine 7,Tumor necrosis factor,unknown,C-C motif chemokine 7,Tumor necrosis factor,29203883,"Abin-1-/- mice die during late embryogenesis due to fetal liver cell death, anaemia and hypoplasia, which can be blocked by TNFalpha deficiency ."
Fms-related tyrosine kinase 3 ligand,Lymphotoxin-alpha,unknown,Fms-related tyrosine kinase 3 ligand,Lymphotoxin-alpha,21262971,Protein-tyrosine phosphatase DEP-1 controls receptor tyrosine kinase FLT3 signaling.
Fms-related tyrosine kinase 3 ligand,Lymphotoxin-alpha,unknown,Fms-related tyrosine kinase 3 ligand,Lymphotoxin-alpha,21262971,"Fms-like tyrosine kinase 3 (FLT3) plays an important role in hematopoietic differentiation, and constitutively active FLT3 mutant proteins contribute to the development of acute myeloid leukemia."
Fms-related tyrosine kinase 3 ligand,Lymphotoxin-alpha,unknown,Fms-related tyrosine kinase 3 ligand,Lymphotoxin-alpha,21262971,Little is known about the protein-tyrosine phosphatases (PTP) affecting the signaling activity of FLT3.
Fms-related tyrosine kinase 3 ligand,Lymphotoxin-alpha,unknown,Fms-related tyrosine kinase 3 ligand,Lymphotoxin-alpha,21262971,"To identify such PTP, myeloid cells expressing wild type FLT3 were infected with a panel of lentiviral pseudotypes carrying shRNA expression cassettes targeting different PTP."
Fms-related tyrosine kinase 3 ligand,Lymphotoxin-alpha,unknown,Fms-related tyrosine kinase 3 ligand,Lymphotoxin-alpha,21262971,"Out of 20 PTP tested, expressed in hematopoietic cells, or presumed to be involved in oncogenesis or tumor suppression, DEP-1 (PTPRJ) was identified as a PTP negatively regulating FLT3 phosphorylation and signaling."
Fms-related tyrosine kinase 3 ligand,Lymphotoxin-alpha,unknown,Fms-related tyrosine kinase 3 ligand,Lymphotoxin-alpha,21262971,Stable 32D myeloid cell lines with strongly reduced DEP-1 levels showed site-selective hyperphosphorylation of FLT3.
Fms-related tyrosine kinase 3 ligand,Lymphotoxin-alpha,unknown,Fms-related tyrosine kinase 3 ligand,Lymphotoxin-alpha,21262971,"In particular, the sites pTyr-589, pTyr-591, and pTyr-842 involved in the FLT3 ligand (FL)-mediated activation of FLT3 were hyperphosphorylated the most."
Fms-related tyrosine kinase 3 ligand,Lymphotoxin-alpha,unknown,Fms-related tyrosine kinase 3 ligand,Lymphotoxin-alpha,21262971,"Similarly, acute depletion of DEP-1 in the human AML cell line THP-1 caused elevated FLT3 phosphorylation."
Fms-related tyrosine kinase 3 ligand,Lymphotoxin-alpha,unknown,Fms-related tyrosine kinase 3 ligand,Lymphotoxin-alpha,21262971,"Direct interaction of DEP-1 and FLT3 was demonstrated by ""substrate trapping"" experiments showing association of DEP-1 D1205A or C1239S mutant proteins with FLT3 by co-immunoprecipitation."
Fms-related tyrosine kinase 3 ligand,Lymphotoxin-alpha,unknown,Fms-related tyrosine kinase 3 ligand,Lymphotoxin-alpha,21262971,"Moreover, activated FLT3 could be dephosphorylated by recombinant DEP-1 in vitro."
Fms-related tyrosine kinase 3 ligand,Lymphotoxin-alpha,unknown,Fms-related tyrosine kinase 3 ligand,Lymphotoxin-alpha,21262971,Enhanced FLT3 phosphorylation in DEP-1-depleted cells was accompanied by enhanced FLT3-dependent activation of ERK and cell proliferation.
Fms-related tyrosine kinase 3 ligand,Lymphotoxin-alpha,unknown,Fms-related tyrosine kinase 3 ligand,Lymphotoxin-alpha,21262971,Stable overexpression of DEP-1 in 32D cells and transient overexpression with FLT3 in HEK293 cells resulted in reduction of FL-mediated FLT3 signaling activity.
Fms-related tyrosine kinase 3 ligand,Lymphotoxin-alpha,unknown,Fms-related tyrosine kinase 3 ligand,Lymphotoxin-alpha,21262971,"Furthermore, FL-stimulated colony formation of 32D cells expressing FLT3 in methylcellulose was induced in response to shRNA-mediated DEP-1 knockdown."
C-C motif chemokine 7,Fms-related tyrosine kinase 3 ligand,unknown,C-C motif chemokine 7,Fms-related tyrosine kinase 3 ligand,21262971,The data indicate that DEP-1 is negatively regulating FLT3 signaling activity and that its loss may contribute to but is not sufficient for leukemogenic cell transformation.
C-C motif chemokine 7,Lymphotoxin-alpha,unknown,C-C motif chemokine 7,Lymphotoxin-alpha,21262971,The data indicate that DEP-1 is negatively regulating FLT3 signaling activity and that its loss may contribute to but is not sufficient for leukemogenic cell transformation.
Fms-related tyrosine kinase 3 ligand,Lymphotoxin-alpha,unknown,Fms-related tyrosine kinase 3 ligand,Lymphotoxin-alpha,21262971,The data indicate that DEP-1 is negatively regulating FLT3 signaling activity and that its loss may contribute to but is not sufficient for leukemogenic cell transformation.
C-C motif chemokine 7,Lymphotoxin-alpha,unknown,C-C motif chemokine 7,Lymphotoxin-alpha,18006499,"Although the enzyme showed a broad specificity for reductants, reduced thioredoxin preferentially served as a reducing equivalent donor for this enzyme."
Interleukin-2,Interleukin-7,activates,Interleukin-2,Interleukin-7,9398404,IL-2 and IL-7 induce heterodimerization of STAT5 isoforms in human peripheral blood T lymphoblasts.
Interleukin-2,Interleukin-7,unknown,Interleukin-2,Interleukin-7,9398404,"We examined the contribution of the two isoforms of STAT5, STAT5A and STAT5B, to IL-2- and IL-7-induced activation of human peripheral blood T lymphoblasts."
Interleukin-2,Interleukin-7,unknown,Interleukin-2,Interleukin-7,9398404,"Both cytokines induced assembly of STAT5A and STAT5B containing complexes capable of binding to the interferon-gamma activation sequence (GAS), and these complexes rapidly translocated (within 1 min) into the nucleus of IL-2- or IL-7-treated cells."
Interleukin-2,Interleukin-7,unknown,Interleukin-2,Interleukin-7,9398404,The kinetics of this translocation were delayed in IL-7-treated as compared to IL-2-treated cells.
Interleukin-2,Interleukin-7,activates,Interleukin-2,Interleukin-7,9398404,IL-2 and IL-7 were equivalent in their ability to induce tyrosine phosphorylation of STAT5A and STAT5B and to facilitate binding of these STATs to an immobilized GAS element.
Interleukin-2,Interleukin-7,unknown,Interleukin-2,Interleukin-7,9398404,Both IL-2 and IL-7 induced substantial amounts of STAT5A/STAT5B heterodimerization.
Interleukin-2,Interleukin-7,activates,Interleukin-2,Interleukin-7,9398404,These data suggest that IL-2 and IL-7 induce assembly of STAT heterodimers in a similar manner and that subsequent cellular responses may be driven by induction of similar sets of genes.
C-C motif chemokine 7,Lymphotoxin-alpha,unknown,C-C motif chemokine 7,Lymphotoxin-alpha,8754855,The lymphocyte-specific immunoglobulin mu heavy-chain gene intronic enhancer is regulated by multiple nuclear factors.
Fms-related tyrosine kinase 3 ligand,Interleukin-17A,unknown,Fms-related tyrosine kinase 3 ligand,Interleukin-17A,25024377,IL-17 is a proinflammatory cytokine implicated in the pathogenesis of autoimmune diseases including psoriasis.
C-C motif chemokine 7,Interleukin-17A,unknown,C-C motif chemokine 7,Interleukin-17A,25024377,"Lacking this compensatory mechanism, ACT1(D10N/D10N) T cells behave like ACT1-deficient T cells, exhibiting a dysregulated and hyperactive Th17 phenotype with overproduction of IL-22 and IL-17."
C-C motif chemokine 7,Interleukin-2,unknown,C-C motif chemokine 7,Interleukin-2,25024377,"Lacking this compensatory mechanism, ACT1(D10N/D10N) T cells behave like ACT1-deficient T cells, exhibiting a dysregulated and hyperactive Th17 phenotype with overproduction of IL-22 and IL-17."
Interleukin-17A,Interleukin-2,unknown,Interleukin-17A,Interleukin-2,25024377,"Lacking this compensatory mechanism, ACT1(D10N/D10N) T cells behave like ACT1-deficient T cells, exhibiting a dysregulated and hyperactive Th17 phenotype with overproduction of IL-22 and IL-17."
C-C motif chemokine 7,Fms-related tyrosine kinase 3 ligand,unknown,C-C motif chemokine 7,Fms-related tyrosine kinase 3 ligand,15937107,"These two mutants had a dominant-negative effect, preventing endogenous wild-type hGBP-1 from efficiently redistributing after aluminum fluoride treatment."
C-C motif chemokine 7,Lymphotoxin-alpha,unknown,C-C motif chemokine 7,Lymphotoxin-alpha,21774791,"RESULTS: To understand the function of H2A modifications, we performed a systematic analysis of the histone H2A methylation status."
C-C motif chemokine 7,Lymphotoxin-alpha,unknown,C-C motif chemokine 7,Lymphotoxin-alpha,21774791,Using an unbiased biochemical approach in combination with candidate assays we showed that protein arginine methyltransferase (PRMT) 1 and PRMT6 are unique in their ability to catalyse these modifications.
C-C motif chemokine 7,C-X-C motif chemokine 10,unknown,C-C motif chemokine 7,C-X-C motif chemokine 10,10219085,"We show that Paf1p, like Ctr9p, is required for efficient CLN2 transcription, whereas Cdc73p is not."
C-C motif chemokine 7,Lymphotoxin-alpha,unknown,C-C motif chemokine 7,Lymphotoxin-alpha,26041935,"Owing to functional redundancies among other Poms, the mechanistic steps of this fusion event have been difficult to define further."
C-C motif chemokine 7,Lymphotoxin-alpha,unknown,C-C motif chemokine 7,Lymphotoxin-alpha,7991565,"(i) Most Rab proteins contain two adjacent cysteine residues within one of the following C-terminal sequence motifs: -XXCC, -XCXC, or -CCXX; (ii) a Rab protein that ends in a -XCXC motif has been shown to be geranylgeranylated on both adjacent cysteine residues; and (iii) Rab proteins are substrates of a unique Rab-specific geranylgeranyltransferase."
Fms-related tyrosine kinase 3 ligand,Lymphotoxin-alpha,unknown,Fms-related tyrosine kinase 3 ligand,Lymphotoxin-alpha,10491391,"Fourth, the sites of aberrant accumulation of KIF5A or KIF5B in DRG or spinal cord do not exhibit costaining with KLC antibodies in mutants, suggesting that the aberrantly behaving KHC chains do so as a result of the absence of KLC, rather than an active influence of the KLC1 fragment."
Interleukin-2,Lymphotoxin-alpha,unknown,Interleukin-2,Lymphotoxin-alpha,17948050,Malt1 mutants that lack C-terminal ubiquitin acceptor lysines are impaired in rescuing NF-kappaB signaling and IL-2 production in Malt1-/- T cells.
C-C motif chemokine 7,Lymphotoxin-alpha,unknown,C-C motif chemokine 7,Lymphotoxin-alpha,15060161,"We demonstrated that the acetyltransferase activity of p300 was required for efficient activation of transcription mediated by beta-catenin/Tcf4 and that the cooperation between p300 and beta-catenin was severely reduced by the K345R mutation, implying that acetylation of beta-catenin plays a part in the coactivation of beta-catenin by p300."
C-X-C motif chemokine 9,Lymphotoxin-alpha,regulates,C-X-C motif chemokine 9,Lymphotoxin-alpha,15060161,"Thus, our results describe a new mechanism by which p300 might regulate beta-catenin transcriptional activity."
Lymphotoxin-alpha,Macrophage metalloelastase,unknown,Lymphotoxin-alpha,Macrophage metalloelastase,147195,"Screening of mutagenized cultures was either without an enrichment step, or after enrichment using the antibiotic netropsin (Young et al."
C-C motif chemokine 7,Lymphotoxin-alpha,unknown,C-C motif chemokine 7,Lymphotoxin-alpha,18245329,These findings encourage the incorporation of this orthologous gene list into cancer epidemiology studies and suggest further analysis of heterozygous phenotypes in yeast as models of human disease resulting from haplo-insufficiency.
C-C motif chemokine 7,Lymphotoxin-alpha,unknown,C-C motif chemokine 7,Lymphotoxin-alpha,24012004,"Although protein quality control (PQC) is generally perceived as important for the development of the nervous system, the specific mechanisms of neuronal PQC have remained poorly understood."
C-C motif chemokine 7,Lymphotoxin-alpha,unknown,C-C motif chemokine 7,Lymphotoxin-alpha,11735028,"Holocarboxylase synthetase (HLCS) is an enzyme that catalyzes the incorporation of biotin into apo-carboxylases, and its deficiency causes biotin-responsive multiple carboxylase deficiency."
C-C motif chemokine 7,Lymphotoxin-alpha,binds,C-C motif chemokine 7,Lymphotoxin-alpha,2083253,"TCF-1 alpha, originally identified and purified through its binding sites on the HIV-1 promoter, was found to bind to the TCR alpha enhancer and to promoters for several genes expressed at significantly earlier stages of T-cell development than the TCR alpha gene (e.g., p56lck and CD3 delta)."
C-C motif chemokine 7,Lymphotoxin-alpha,binds,C-C motif chemokine 7,Lymphotoxin-alpha,2302185,The transcription of the human immunodeficiency virus type 1 (HIV-1) is under the control of cellular proteins that bind to the viral long terminal repeat (LTR).
C-C motif chemokine 7,Lymphotoxin-alpha,unknown,C-C motif chemokine 7,Lymphotoxin-alpha,20495530,"Although ubiquitylated Frizzled underwent lysosomal trafficking and degradation, UBPY/USP8-dependent deubiquitylation led to recycling of Frizzled to the plasma membrane, thereby elevating its surface level."
C-C motif chemokine 7,Lymphotoxin-alpha,unknown,C-C motif chemokine 7,Lymphotoxin-alpha,26545399,"The methyltransferase responsible for Lys(79) methylation of human eEF1A is shown to be N6AMT2, previously documented as a putative N(6)-adenine-specific DNA methyltransferase."
C-C motif chemokine 3,Fms-related tyrosine kinase 3 ligand,unknown,C-C motif chemokine 3,Fms-related tyrosine kinase 3 ligand,20159461,"0.5 mg of protein was incubated overnight with a 2-fold molar excess of fluorescin-5-maleimide or tetramethylrhodamine-5-maleimide (Molecular Probes, Inc.)."
C-X-C motif chemokine 9,Lymphotoxin-alpha,unknown,C-X-C motif chemokine 9,Lymphotoxin-alpha,23755176,We hypothesized that the delay in karyogamy might exacerbate the extra-spore phenotype of mal3Delta cells.
C-C motif chemokine 7,Fms-related tyrosine kinase 3 ligand,binds,C-C motif chemokine 7,Fms-related tyrosine kinase 3 ligand,15485929,We have recently shown that PRMT5 can interact with flag-tagged BRG1- and hBRM-based hSWI/SNF chromatin remodelers and that both complexes can specifically methylate histones H3 and H4.
C-C motif chemokine 7,Lymphotoxin-alpha,unknown,C-C motif chemokine 7,Lymphotoxin-alpha,12421820,"However, the direct effect of acetylation on Mdm2-mediated ubiquitination of p53 is still lacking because of technical difficulties."
C-X-C motif chemokine 9,Lymphotoxin-alpha,regulates,C-X-C motif chemokine 9,Lymphotoxin-alpha,21296186,"It is likely that such Coq8-mediated phosphorylation of Coq polypeptides might function to regulate Q6 synthesis, and thus also account for the COQ8 multicopy suppression of the coq10 mutant."
C-C motif chemokine 7,Fms-related tyrosine kinase 3 ligand,unknown,C-C motif chemokine 7,Fms-related tyrosine kinase 3 ligand,24481253,"The function of IL-37 in transfected bone marrow-derived macrophages is nucleotide-binding oligomerization domain-like receptor family, pyrin domain containing 3 (NLRP3) inflammasome-dependent, because IL-37 transfection in apoptosis-associated speck-like protein containing a carboxyl-terminal caspase recruitment domain- and NLRP3-deficient cells does not reduce levels of IL-6 and IL-1beta upon LPS stimulation."
C-C motif chemokine 7,Interleukin-1 beta,unknown,C-C motif chemokine 7,Interleukin-1 beta,24481253,"The function of IL-37 in transfected bone marrow-derived macrophages is nucleotide-binding oligomerization domain-like receptor family, pyrin domain containing 3 (NLRP3) inflammasome-dependent, because IL-37 transfection in apoptosis-associated speck-like protein containing a carboxyl-terminal caspase recruitment domain- and NLRP3-deficient cells does not reduce levels of IL-6 and IL-1beta upon LPS stimulation."
C-C motif chemokine 7,Interleukin-6,unknown,C-C motif chemokine 7,Interleukin-6,24481253,"The function of IL-37 in transfected bone marrow-derived macrophages is nucleotide-binding oligomerization domain-like receptor family, pyrin domain containing 3 (NLRP3) inflammasome-dependent, because IL-37 transfection in apoptosis-associated speck-like protein containing a carboxyl-terminal caspase recruitment domain- and NLRP3-deficient cells does not reduce levels of IL-6 and IL-1beta upon LPS stimulation."
Fms-related tyrosine kinase 3 ligand,Interleukin-1 beta,unknown,Fms-related tyrosine kinase 3 ligand,Interleukin-1 beta,24481253,"The function of IL-37 in transfected bone marrow-derived macrophages is nucleotide-binding oligomerization domain-like receptor family, pyrin domain containing 3 (NLRP3) inflammasome-dependent, because IL-37 transfection in apoptosis-associated speck-like protein containing a carboxyl-terminal caspase recruitment domain- and NLRP3-deficient cells does not reduce levels of IL-6 and IL-1beta upon LPS stimulation."
Fms-related tyrosine kinase 3 ligand,Interleukin-6,unknown,Fms-related tyrosine kinase 3 ligand,Interleukin-6,24481253,"The function of IL-37 in transfected bone marrow-derived macrophages is nucleotide-binding oligomerization domain-like receptor family, pyrin domain containing 3 (NLRP3) inflammasome-dependent, because IL-37 transfection in apoptosis-associated speck-like protein containing a carboxyl-terminal caspase recruitment domain- and NLRP3-deficient cells does not reduce levels of IL-6 and IL-1beta upon LPS stimulation."
Interleukin-1 beta,Interleukin-6,unknown,Interleukin-1 beta,Interleukin-6,24481253,"The function of IL-37 in transfected bone marrow-derived macrophages is nucleotide-binding oligomerization domain-like receptor family, pyrin domain containing 3 (NLRP3) inflammasome-dependent, because IL-37 transfection in apoptosis-associated speck-like protein containing a carboxyl-terminal caspase recruitment domain- and NLRP3-deficient cells does not reduce levels of IL-6 and IL-1beta upon LPS stimulation."
C-C motif chemokine 7,Lymphotoxin-alpha,binds,C-C motif chemokine 7,Lymphotoxin-alpha,15601839,"Via a distinct N-terminal domain, individual cullins bind to a protein motif present in multiple proteins to recruit specific substrates."
C-C motif chemokine 7,Lymphotoxin-alpha,unknown,C-C motif chemokine 7,Lymphotoxin-alpha,19020623,"The inhibitory domain of calpastatin recognizes multiple lower affinity sites present only in the calcium-bound form of the enzyme, resulting in an interaction that is tight, specific and calcium dependent."
C-C motif chemokine 7,Lymphotoxin-alpha,unknown,C-C motif chemokine 7,Lymphotoxin-alpha,28447717,The results demonstrated that knockdown of ZFPL1 was able to significantly increase cell death rate.
C-C motif chemokine 7,Lymphotoxin-alpha,unknown,C-C motif chemokine 7,Lymphotoxin-alpha,12498683,"RESULTS: By following the in vivo pattern of modifications on histone H3, following estrogen stimulation of the pS2 promoter, we show that arginine methylation follows prior acetylation of H3."
C-C motif chemokine 7,Lymphotoxin-alpha,unknown,C-C motif chemokine 7,Lymphotoxin-alpha,12498683,"A mechanism for the observed cooperation between acetylation and arginine methylation comes from the finding that acetylation at K18 and K23, but not K14, tethers recombinant CARM1 to the H3 tail and allows it to act as a more efficient arginine methyltransferase."
C-C motif chemokine 7,Lymphotoxin-alpha,unknown,C-C motif chemokine 7,Lymphotoxin-alpha,12498683,CONCLUSION: These results reveal an ordered and interdependent deposition of acetylation and arginine methylation during estrogen-regulated transcription and provide support for a combinatorial role of histone modifications in gene expression.
C-C motif chemokine 7,Fms-related tyrosine kinase 3 ligand,unknown,C-C motif chemokine 7,Fms-related tyrosine kinase 3 ligand,11494123,"General serine-threonine phosphatase inhibitors such sodium fluoride, or ss-glycerophosphate and sodium pyrophosphate, or specific PP1 and PP2A inhibitors including microcystin-LR, protein phosphatase 2A inhibitor I(1) or protein phosphatase inhibitor 2 all abrogate H-Ras and K-Ras dependent Raf-1 activation in vitro."
C-C motif chemokine 7,Lymphotoxin-alpha,unknown,C-C motif chemokine 7,Lymphotoxin-alpha,11494123,Sucrose gradient analysis demonstrates that serine phosphatase inhibition increases the total amount of 14-3-3 and Raf-1 associated with the plasma membrane and significantly alters the distribution of 14-3-3 and Raf-1 across different plasma membrane microdomains.
C-C motif chemokine 7,C-X-C motif chemokine 9,unknown,C-C motif chemokine 7,C-X-C motif chemokine 9,7964616,"We deduce from these results that EBNA-2-positive cells might indeed contain specific complexes bound to the LMP promoter which are, however, too labile to be detected in a standard gel retardation assay."
C-C motif chemokine 7,Lymphotoxin-alpha,unknown,C-C motif chemokine 7,Lymphotoxin-alpha,7964616,"We deduce from these results that EBNA-2-positive cells might indeed contain specific complexes bound to the LMP promoter which are, however, too labile to be detected in a standard gel retardation assay."
C-X-C motif chemokine 9,Lymphotoxin-alpha,unknown,C-X-C motif chemokine 9,Lymphotoxin-alpha,7964616,"We deduce from these results that EBNA-2-positive cells might indeed contain specific complexes bound to the LMP promoter which are, however, too labile to be detected in a standard gel retardation assay."
C-X-C motif chemokine 9,Lymphotoxin-alpha,unknown,C-X-C motif chemokine 9,Lymphotoxin-alpha,22742743,"These individuals share clinical features similar to those of congenital myasthenic syndrome due to GFPT1 mutations, and their disorder might be part of a larger subgroup comprising the congenital myasthenic syndromes that result from defects in the N-linked glycosylation pathway and that manifest through impaired neuromuscular transmission."
C-C motif chemokine 7,Lymphotoxin-alpha,unknown,C-C motif chemokine 7,Lymphotoxin-alpha,14563551,"Recently, the human C(alpha)-formylglycine (FGly)-generating enzyme (FGE), whose deficiency causes the autosomal-recessively transmitted lysosomal storage disease multiple sulfatase deficiency (MSD), has been identified."
C-C motif chemokine 7,Lymphotoxin-alpha,unknown,C-C motif chemokine 7,Lymphotoxin-alpha,21464368,"Although Pofut1 deficiency slightly decreased cell surface expression of Notch1 and Notch2, it completely abrogated the binding of Notch receptors with Delta-like Notch ligands and suppressed downstream Notch target activation, indicating that O-fucose glycans are critical for efficient Notch-ligand binding that transduce Notch signals."
C-C motif chemokine 7,Lymphotoxin-alpha,unknown,C-C motif chemokine 7,Lymphotoxin-alpha,22623373,volcanii CPs were analyzed by high-performance mass spectrometry and an open modification search strategy to first generate and then to interpret the resulting tandem mass spectrometric data.
C-C motif chemokine 7,Fms-related tyrosine kinase 3 ligand,unknown,C-C motif chemokine 7,Fms-related tyrosine kinase 3 ligand,10598587,We then developed a protein-protein-DNA assay allowing the quantification of cofactor-ER-estrogen response element (ERE) complex formation in the presence of ligand and used measurements of fluorescence anisotropy to define the equilibrium binding parameters of the interaction.
C-C motif chemokine 7,Lymphotoxin-alpha,unknown,C-C motif chemokine 7,Lymphotoxin-alpha,8943311,"Reaction of hydroxylamine-treated ASGP-R with [14C]iodoacetamide resulted in the specific incorporation of radioactivity into all RHL and HHL subunits, verifying that fatty acids are attached via thioester linkages."
C-C motif chemokine 7,Tumor necrosis factor,unknown,C-C motif chemokine 7,Tumor necrosis factor,7540942,"CD30, a member of the tumor necrosis factor (TNF) receptor family, is expressed constitutively on the surface of the human T cell line ACH-2, which is chronically infected with human immunodeficiency virus type-1 (HIV)-1."
C-C motif chemokine 7,Lymphotoxin-alpha,unknown,C-C motif chemokine 7,Lymphotoxin-alpha,7540942,"We demonstrate that cross-linking CD30 with an anti-CD30-specific monoclonal antibody, which mimics the described biological activities of the CD30 ligand (CD30L), results in HIV expression."
C-C motif chemokine 7,Lymphotoxin-alpha,unknown,C-C motif chemokine 7,Lymphotoxin-alpha,22721435,"Collectively, these data suggest that although MeFapy-dGuo adducts represent a relatively minor proportion of the total alkylated lesions, their miscoding potentials could significantly contribute to genomic instability."
C-C motif chemokine 7,Fms-related tyrosine kinase 3 ligand,unknown,C-C motif chemokine 7,Fms-related tyrosine kinase 3 ligand,10660620,"SHP-1-mediated dephosphorylation of protein tyrosine residues is central to the regulation of several cell signaling pathways, the specificity of which is dictated by the intrinsic affinity of SH2 domains for the flanking sequences of phosphotyrosine residues."
C-C motif chemokine 7,Lymphotoxin-alpha,unknown,C-C motif chemokine 7,Lymphotoxin-alpha,20829795,Studies on the significance of microtubule acetylation have been limited by the undefined status of the alpha-tubulin acetyltransferase.
C-C motif chemokine 7,Lymphotoxin-alpha,unknown,C-C motif chemokine 7,Lymphotoxin-alpha,20829795,"Here we show that MEC-17, a protein related to the Gcn5 histone acetyltransferases and required for the function of touch receptor neurons in Caenorhabditis elegans, acts as a K40-specific acetyltransferase for alpha-tubulin."
C-C motif chemokine 7,Lymphotoxin-alpha,unknown,C-C motif chemokine 7,Lymphotoxin-alpha,15983063,"These results show that disrupting the cell cycle regulatory function of C/EBP alpha is sufficient to initiate AML-like transformation of the granulocytic lineage, but only partially the peripheral pathology of AML."
C-X-C motif chemokine 9,Fms-related tyrosine kinase 3 ligand,regulates,C-X-C motif chemokine 9,Fms-related tyrosine kinase 3 ligand,18303054,IKAP localizes to membrane ruffles with filamin A and regulates actin cytoskeleton organization and cell migration.
C-C motif chemokine 7,Fms-related tyrosine kinase 3 ligand,unknown,C-C motif chemokine 7,Fms-related tyrosine kinase 3 ligand,18303054,"Depletion of IKAP resulted in a significant decrease in filamin A localization in membrane ruffles and defective actin cytoskeleton organization, which both could be rescued by the expression of wild-type IKAP but not by FD-IKAP."
C-C motif chemokine 7,Lymphotoxin-alpha,unknown,C-C motif chemokine 7,Lymphotoxin-alpha,18303054,"Depletion of IKAP resulted in a significant decrease in filamin A localization in membrane ruffles and defective actin cytoskeleton organization, which both could be rescued by the expression of wild-type IKAP but not by FD-IKAP."
Fms-related tyrosine kinase 3 ligand,Lymphotoxin-alpha,unknown,Fms-related tyrosine kinase 3 ligand,Lymphotoxin-alpha,18303054,"Depletion of IKAP resulted in a significant decrease in filamin A localization in membrane ruffles and defective actin cytoskeleton organization, which both could be rescued by the expression of wild-type IKAP but not by FD-IKAP."
C-C motif chemokine 7,C-X-C motif chemokine 9,unknown,C-C motif chemokine 7,C-X-C motif chemokine 9,18303054,"These results provide evidence for the role of the cytosolic interactions of IKAP in cell adhesion and migration, and support the notion that cell-motility deficiencies could contribute to FD."
C-C motif chemokine 7,Lymphotoxin-alpha,unknown,C-C motif chemokine 7,Lymphotoxin-alpha,18303054,"These results provide evidence for the role of the cytosolic interactions of IKAP in cell adhesion and migration, and support the notion that cell-motility deficiencies could contribute to FD."
C-X-C motif chemokine 9,Lymphotoxin-alpha,unknown,C-X-C motif chemokine 9,Lymphotoxin-alpha,18303054,"These results provide evidence for the role of the cytosolic interactions of IKAP in cell adhesion and migration, and support the notion that cell-motility deficiencies could contribute to FD."
C-X-C motif chemokine 10,Tumor necrosis factor,inhibits,C-X-C motif chemokine 10,Tumor necrosis factor,18625722,"Importantly, HDAC7 knockdown inhibits tumor necrosis factor alpha-induced PML sumoylation and the formation of PML NBs in HUVECs."
C-X-C motif chemokine 10,Lymphotoxin-alpha,unknown,C-X-C motif chemokine 10,Lymphotoxin-alpha,18625722,These results demonstrate a novel function of HDAC7 and provide a regulatory mechanism of PML sumoylation.
C-X-C motif chemokine 9,Lymphotoxin-alpha,unknown,C-X-C motif chemokine 9,Lymphotoxin-alpha,18312697,"However, if SCFhFBH1 complex formation is also necessary for its nuclear transport and recruitment to DNA damage sites, the alteration in subcellular localization caused by the F-box mutation might affect hFBH1 stability in budding yeast cells."
C-C motif chemokine 7,Lymphotoxin-alpha,unknown,C-C motif chemokine 7,Lymphotoxin-alpha,23332754,"Two mutants comprise site-specific exchanges in motif-1 (L121W) and motif-2 (V480R/V484R), respectively, whereas the DeltaTPR mutant lacks the entire motif-1."
C-C motif chemokine 7,Lymphotoxin-alpha,unknown,C-C motif chemokine 7,Lymphotoxin-alpha,16420575,Analysis with two conformation-specific mAb demonstrated that the structure of the A1 domain changed as a result of the binding to collagen.
Fms-related tyrosine kinase 3 ligand,Lymphotoxin-alpha,binds,Fms-related tyrosine kinase 3 ligand,Lymphotoxin-alpha,16420575,"CONCLUSION: This study has shown that the isolated A1 domain can simultaneously bind to collagen and platelet GPIb, supporting platelet adhesion under high-flow conditions."
C-C motif chemokine 7,Fms-related tyrosine kinase 3 ligand,unknown,C-C motif chemokine 7,Fms-related tyrosine kinase 3 ligand,18160704,How signaling cascades influence gene regulation at the level of chromatin modification is not well understood.
C-C motif chemokine 7,Fms-related tyrosine kinase 3 ligand,activates,C-C motif chemokine 7,Fms-related tyrosine kinase 3 ligand,18160704,"When cells sense Wingless ligand, Armadillo (the fly beta-catenin) becomes stabilized and translocates to the nucleus, where it binds to the sequence-specific DNA binding protein TCF to activate transcription of target genes."
Fms-related tyrosine kinase 3 ligand,Lymphotoxin-alpha,unknown,Fms-related tyrosine kinase 3 ligand,Lymphotoxin-alpha,9692672,"The influence of insulin on this pathway consists of five important events: (1) p21Ras activation is promoted by insulin stimulation of the guanine nucleotide exchange factor, Sos, resulting in increased GTP-loading of p21Ras; (2) p21Ras deactivation involves the hyperphosphorylation of Sos; (3) insulin increases farnesyltransferase (FTase) activity that farnesylates p21Ras; (4) increased amounts of farnesylated p21Ras translocate to the plasma membrane where they can be activated by other growth-promoting agents; and (5) cellular responses to other growth factors are potentiated by insulin-stimulated pre-loading of the plasma membrane with farnesylated p21Ras."
C-C motif chemokine 7,Fms-related tyrosine kinase 3 ligand,unknown,C-C motif chemokine 7,Fms-related tyrosine kinase 3 ligand,1901916,Site-specific mutagenesis identifies three cysteine residues in the cytoplasmic tail as acylation sites of influenza virus hemagglutinin.
C-C motif chemokine 7,Fms-related tyrosine kinase 3 ligand,unknown,C-C motif chemokine 7,Fms-related tyrosine kinase 3 ligand,18665226,"Flow cytometry analysis of follicle cell nuclei also did not reveal any significant differences in ploidy content (Table S1), proportion of follicle cells in S phase (Table S2) or nuclear size (Table S3) versus controls."
C-C motif chemokine 7,Lymphotoxin-alpha,unknown,C-C motif chemokine 7,Lymphotoxin-alpha,18665226,"These data suggest that although Rbf1N is sufficient for chromatin localization and its interaction with Orc2, the Rbf1N (1-345) domain alone is not sufficient for significantly altering the cell cycle in vivo."
Interleukin-2,Lymphotoxin-alpha,activates,Interleukin-2,Lymphotoxin-alpha,10068671,"Interferon-alpha activates multiple STAT proteins and upregulates proliferation-associated IL-2Ralpha, c-myc, and pim-1 genes in human T cells."
Interleukin-15,Interleukin-2,unknown,Interleukin-15,Interleukin-2,10068671,"Treatment of T lymphocytes with IFN-alpha, IL-2, IL-12, and IL-15 upregulated IL-2Ralpha, c-myc, and pim-1 gene expression."
Interleukin-15,Interleukin-2,unknown,Interleukin-15,Interleukin-2,10068671,IL-12 induced STAT4 and IL-2 and IL-15 induced STAT5 binding to the GAS elements.
Interleukin-15,Interleukin-2,unknown,Interleukin-15,Interleukin-2,10068671,"Taken together, our results suggest that IFN-alpha, IL-2, IL-12, and IL-15 have overlapping activities on human T cells."
Interleukin-15,Lymphotoxin-alpha,unknown,Interleukin-15,Lymphotoxin-alpha,10068671,"Taken together, our results suggest that IFN-alpha, IL-2, IL-12, and IL-15 have overlapping activities on human T cells."
Interleukin-2,Lymphotoxin-alpha,unknown,Interleukin-2,Lymphotoxin-alpha,10068671,"Taken together, our results suggest that IFN-alpha, IL-2, IL-12, and IL-15 have overlapping activities on human T cells."
C-C motif chemokine 7,Lymphotoxin-alpha,unknown,C-C motif chemokine 7,Lymphotoxin-alpha,17381423,"Since mono- or multi-ubiquitination of other membrane proteins is a signal for their internalization by clathrin-mediated endocytosis and subsequent trafficking, our results support a model whereby ubiquitin and clathrin adaptor binding sites act in concert to remove ENaC from the cell surface."
C-C motif chemokine 7,C-X-C motif chemokine 9,activates,C-C motif chemokine 7,C-X-C motif chemokine 9,20300531,"Moreover, PIASy-mediated SUMO1 modification induces VHL oligomerization and abrogates its inhibitory function on tumor cell growth, migration and clonogenicity."
Lymphotoxin-alpha,Tumor necrosis factor,unknown,Lymphotoxin-alpha,Tumor necrosis factor,11106668,"Although human c-IAP1 and c-IAP2 have been reported to possess antiapoptotic activity against a variety of stimuli in several mammalian cell types, we observed that full-length c-IAP1 and c-IAP2 failed to protect cells from apoptosis induced by Bax overexpression, tumor necrosis factor alpha treatment or Sindbis virus infection."
C-C motif chemokine 7,Lymphotoxin-alpha,unknown,C-C motif chemokine 7,Lymphotoxin-alpha,9622387,ADP-ribosylation is a posttranslational protein modification catalyzed by two classes of enzymes: mono-ADP-ribosyltransferase and poly-ADP-ribose polymerases.
C-C motif chemokine 7,Lymphotoxin-alpha,unknown,C-C motif chemokine 7,Lymphotoxin-alpha,9622387,"Furthermore, PGM activities were significantly increased after long-term alcohol intake concomitant with increased ADP-ribosyltransferase activities toward PGM."
C-C motif chemokine 7,Lymphotoxin-alpha,unknown,C-C motif chemokine 7,Lymphotoxin-alpha,6487575,"The results obtained in this study show that the potential active site in both cat and human plasminogen is capable of binding strongly the specific substrates (S) p-nitrophenyl p-guanidinobenzoate (NPGB) and H-D-valyl-L-leucyl-L-lysyl-p-nitroanilide, through the active site is incapable of hydrolyzing these substrates."
C-C motif chemokine 7,Lymphotoxin-alpha,unknown,C-C motif chemokine 7,Lymphotoxin-alpha,10559189,These results indicate that NK-3 represses transcription by recruiting a complex containing Groucho and a histone deacetylase complex that leads to histone modification on chromatin and suggest that HIPK2 may play a regulatory role in the corepressor complex formation.
C-C motif chemokine 7,Lymphotoxin-alpha,unknown,C-C motif chemokine 7,Lymphotoxin-alpha,11359782,"cruzi cytosol, was shown to be efficiently farnesylated, but not geranylgeranylated, despite the fact that the CAAX motif with X = Phe specifies geranylgeranylation by mammalian protein geranylgeranyltransferase I."
C-C motif chemokine 7,Lymphotoxin-alpha,unknown,C-C motif chemokine 7,Lymphotoxin-alpha,20118233,Lysine methylation has recently emerged as a key post-translational modification that alters the activity of p53.
C-C motif chemokine 7,Lymphotoxin-alpha,unknown,C-C motif chemokine 7,Lymphotoxin-alpha,20118233,"G9a and Glp specifically methylate p53 at Lys(373), resulting mainly in dimethylation."
C-C motif chemokine 7,Lymphotoxin-alpha,unknown,C-C motif chemokine 7,Lymphotoxin-alpha,10995228,MALDI-TOF mass spectrometry showed alternative occupancy of this locus by these two abundant and dynamic posttranslational modifications.
Fms-related tyrosine kinase 3 ligand,Lymphotoxin-alpha,unknown,Fms-related tyrosine kinase 3 ligand,Lymphotoxin-alpha,18059533,"The results of previous kinetic studies, characterizing trichostatin A (TSA), as well as butyrate, as HDAC noncompetitive inhibitors, conflict with crystallographic and homology modeling data suggesting that TSA should act as a competitive inhibitor."
C-C motif chemokine 7,Lymphotoxin-alpha,unknown,C-C motif chemokine 7,Lymphotoxin-alpha,11012776,Ficolins are a group of multimeric proteins that contain collagen-like and fibrinogen-like (FBG) sequences.
C-C motif chemokine 7,Fms-related tyrosine kinase 3 ligand,unknown,C-C motif chemokine 7,Fms-related tyrosine kinase 3 ligand,11012776,"By flow cytometry, surface biotinylation and immunoprecipitation, we showed that M-ficolin was associated with the surface of promonocytic U937 cells."
C-C motif chemokine 7,Fms-related tyrosine kinase 3 ligand,unknown,C-C motif chemokine 7,Fms-related tyrosine kinase 3 ligand,11012776,"By flow cytometry, M-ficolin was detected on peripheral blood monocytes but not on lymphocytes or granulocytes."
C-C motif chemokine 7,C-X-C motif chemokine 9,unknown,C-C motif chemokine 7,C-X-C motif chemokine 9,11012776,"Therefore, M-ficolin might act as a phagocytic receptor or adaptor on circulating monocytes for micro-organism recognition and may potentially mediate monocyte adhesion."
C-C motif chemokine 7,Lymphotoxin-alpha,unknown,C-C motif chemokine 7,Lymphotoxin-alpha,11850828,"On the other hand, treatment with the single alkylating agent 2'-methyl-2'-nitrose-urea (MNU), resulted in the rapid and sustained accumulation and activation of p53 in parp-1-deficient cells, while very little accumulation was observed in parp-1 +/+ cells."
Fms-related tyrosine kinase 3 ligand,Lymphotoxin-alpha,unknown,Fms-related tyrosine kinase 3 ligand,Lymphotoxin-alpha,17183367,"NF-kappaB is a pleiotropic transcription factor involved in multiple processes, including inflammation and oncogenesis."
Lymphotoxin-alpha,Tumor necrosis factor,unknown,Lymphotoxin-alpha,Tumor necrosis factor,26900751,"Chip(-/-) mouse embryonic fibroblasts and CHIP-depleted L929 and HT-29 cells exhibited higher levels of RIPK3 expression, resulting in increased sensitivity to necroptosis induced by TNF (also known as TNFalpha)."
C-C motif chemokine 7,Interleukin-4,binds,C-C motif chemokine 7,Interleukin-4,10228008,"Electrophoretic mobility shift assays showed that p50/p65/c-Rel and STAT-6 are effectively induced by CD40L and IL-4, respectively, and bind to specific DNA motifs within the ECS."
C-C motif chemokine 7,Lymphotoxin-alpha,activates,C-C motif chemokine 7,Lymphotoxin-alpha,19015234,"We found that SF-1 is selectively SUMOylated at K194 in Y1 adrenocarcinoma cells and that although SUMOylation does not alter the subcellular localization of SF-1, the modification inhibits the ability of SF-1 to activate target genes."
C-C motif chemokine 3,Lymphotoxin-alpha,unknown,C-C motif chemokine 3,Lymphotoxin-alpha,19015234,Analysis of the StAR promoter indicates that blockade of SF-1 SUMOylation leads to an increase in overall promoter occupancy but does not alter the oscillatory recruitment dynamics in response to ACTH.
C-C motif chemokine 7,Interleukin-6,inhibits,C-C motif chemokine 7,Interleukin-6,11894096,Inhibition of complex formation is sufficient to block HGF receptor internalization and to enhance HGF-induced signal transduction and biological responses.
C-C motif chemokine 7,Lymphotoxin-alpha,unknown,C-C motif chemokine 7,Lymphotoxin-alpha,15075292,"Furthermore, our biochemical data show that Hh lipid modifications are required for producing a soluble multimeric protein complex, which constitutes the major active component for Hh signaling."
Fms-related tyrosine kinase 3 ligand,Lymphotoxin-alpha,unknown,Fms-related tyrosine kinase 3 ligand,Lymphotoxin-alpha,26789246,Our results indicate that in the absence of tapasin the two TMD0s are flexibly tethered to the core region of TAP.
C-C motif chemokine 7,Lymphotoxin-alpha,unknown,C-C motif chemokine 7,Lymphotoxin-alpha,19864490,"Altogether, our results show that, by studying connexin trafficking, we have identified the first TGN cargo receptor for the targeting of transmembrane proteins to the plasma membrane."
C-C motif chemokine 7,Lymphotoxin-alpha,unknown,C-C motif chemokine 7,Lymphotoxin-alpha,19864490,"The identification of consortin provides in addition a potential target for therapies aimed at diseases in which connexin traffic is altered, including cardiac ischemia, peripheral neuropathies, cataracts and hearing impairment."
Fms-related tyrosine kinase 3 ligand,Lymphotoxin-alpha,unknown,Fms-related tyrosine kinase 3 ligand,Lymphotoxin-alpha,21884581,"BRET was monitored using a lumino/fluorometer (Mithras; Berthold Technologies, France), allowing for the sequential integration of luminescence with two filter settings (Rluc filter, 485 +/- 10 nm; YFP filter, 530 +/- 12.5 nm)."
Fms-related tyrosine kinase 3 ligand,Lymphotoxin-alpha,unknown,Fms-related tyrosine kinase 3 ligand,Lymphotoxin-alpha,9105043,"Although this polarized transport of mitochondria is thought to require functions of the cytoskeleton, there are conflicting reports concerning the nature of the cytoskeletal element involved."
C-C motif chemokine 7,Fms-related tyrosine kinase 3 ligand,unknown,C-C motif chemokine 7,Fms-related tyrosine kinase 3 ligand,25117454,We believe that in this specific case mass spectrometry more accurately reflects the actual percent incorporation because ICP also reported sulfur from residual TEV protease.
C-C motif chemokine 2,C-C motif chemokine 7,unknown,C-C motif chemokine 2,C-C motif chemokine 7,16079795,Here we show that lysine-specific demethylase 1 (LSD1; also known as BHC110) co-localizes with the androgen receptor in normal human prostate and prostate tumour.
Fms-related tyrosine kinase 3 ligand,Lymphotoxin-alpha,unknown,Fms-related tyrosine kinase 3 ligand,Lymphotoxin-alpha,12185196,PP1delta and nucleolin were co-localized in the nucleolus in MG63 and Saos-2 cells revealed by an immunofluorescence method.
C-C motif chemokine 7,Fms-related tyrosine kinase 3 ligand,binds,C-C motif chemokine 7,Fms-related tyrosine kinase 3 ligand,29066499,"In male flies, roX long noncoding RNAs (lncRNAs) harbor several redundant domains to interact with the ubiquitin ligase male-specific lethal 2 (MSL2) and the RNA helicase Maleless (MLE) for X-chromosomal regulation."
C-C motif chemokine 7,Lymphotoxin-alpha,unknown,C-C motif chemokine 7,Lymphotoxin-alpha,9353267,"However, if the single-stranded DNA is incubated with Rad51 and RPA simultaneously to mimic what may be expected to occur in vivo, the efficiency of strand exchange decreases dramatically, revealing an inhibitory effect of RPA that is distinct from its stimulatory function."
C-C motif chemokine 7,Lymphotoxin-alpha,unknown,C-C motif chemokine 7,Lymphotoxin-alpha,1698996,Our results suggest that a significant proportion of M-MuLV myristylated gag proteins travel via vesicles to the cell surface.
C-C motif chemokine 7,Tumor necrosis factor,unknown,C-C motif chemokine 7,Tumor necrosis factor,8816436,Cell-type-specific regulation of the human tumor necrosis factor alpha gene in B cells and T cells by NFATp and ATF-2/JUN.
C-C motif chemokine 7,Lymphotoxin-alpha,unknown,C-C motif chemokine 7,Lymphotoxin-alpha,10854057,These results demonstrate that H-ras can be functionally targeted to the plasma membrane using a transmembrane domain sequence and that several signal transduction pathways downstream of H-ras can be activated without the presence of normal lipid modifications.
C-C motif chemokine 7,Lymphotoxin-alpha,unknown,C-C motif chemokine 7,Lymphotoxin-alpha,12475640,"Lysyl hydroxylase (LH, EC 1.14.11.4), galactosyltransferase (EC 2.4.1.50) and glucosyltransferase (EC 2.4.1.66) are enzymes involved in posttranslational modifications of collagens."
Fms-related tyrosine kinase 3 ligand,Lymphotoxin-alpha,unknown,Fms-related tyrosine kinase 3 ligand,Lymphotoxin-alpha,10352017,"Elongation of the spindle reflects concerted changes in kinetochore, pole to pole, and interdigitating microtubules that undergo simultaneous polymerization, depolymerization, and sliding within the nucleus, as well as pulling forces on the nucleus generated by cytoplasmic microtubules."
Fms-related tyrosine kinase 3 ligand,Lymphotoxin-alpha,unknown,Fms-related tyrosine kinase 3 ligand,Lymphotoxin-alpha,17982102,Several studies have shown that blocking p38 activity attenuates the transcriptional activity of the proinflammatory transcription factor NF-kappaB without altering its DNA-binding activity.
Interleukin-1 beta,Lymphotoxin-alpha,activates,Interleukin-1 beta,Lymphotoxin-alpha,17982102,"The combination of IL-1beta and IFN-gamma, previously shown to strongly induce inducible NO synthase in human primary astrocytes, induced p38-dependent phosphorylation of acetyltransferase coactivator p300, but not p65, and subsequent association of p300 with p65."
Fms-related tyrosine kinase 3 ligand,Lymphotoxin-alpha,unknown,Fms-related tyrosine kinase 3 ligand,Lymphotoxin-alpha,17982102,"Taken together, this study illuminates a novel regulatory role of p38 during neuroinflammation where this MAP kinase controls acetylation of NF-kappaB p65 by regulating acetyltransferase activity of coactivator p300."
C-C motif chemokine 7,Lymphotoxin-alpha,unknown,C-C motif chemokine 7,Lymphotoxin-alpha,15729676,Prenylated proteins with non-native functionalities are generally very difficult to obtain by recombinant or enzymatic means.
C-C motif chemokine 7,Fms-related tyrosine kinase 3 ligand,unknown,C-C motif chemokine 7,Fms-related tyrosine kinase 3 ligand,15729676,It allows a fast and practical synthesis of pure peptides and gives a high degree of flexibility in their modification.
C-C motif chemokine 7,Fms-related tyrosine kinase 3 ligand,unknown,C-C motif chemokine 7,Fms-related tyrosine kinase 3 ligand,15729676,"However, it was found that the positioning of the fluorescent group had an influence on the functionality of the Rab7 proteins; analysis of the interaction of the semisynthetic Rab7 proteins with REP (Rab escort protein) and GDI (guanosine diphosphate dissociation inhibitor) molecules revealed that modification of the peptide side chains or of the C-terminal isoprenoid did not significantly interfere with complex formation."
C-X-C motif chemokine 10,Lymphotoxin-alpha,unknown,C-X-C motif chemokine 10,Lymphotoxin-alpha,34528721,Fatty acid synthase inhibitor C75 and zinc finger DHHC domain-containing palmitoyltransferase (ZDHHC) inhibitor 2-BP reduced the palmitoylation of S.
C-C motif chemokine 2,C-C motif chemokine 8,unknown,C-C motif chemokine 2,C-C motif chemokine 8,34528721,"Overexpression of ZDHHC2, ZDHHC3, ZDHHC4, ZDHHC5, ZDHHC8, ZDHHC9, ZDHHC11, ZDHHC14, ZDHHC16, ZDHHC19, and ZDHHC20 promoted the palmitoylation of S."
C-C motif chemokine 7,Interleukin-6,unknown,C-C motif chemokine 7,Interleukin-6,19112497,"Furthermore, lysine-deficient TRAF6 rescued IL-1-mediated NFkappaB and MAPK activation, as well as IL-6 elaboration in retrovirally-rescued TRAF6-deficient fibroblasts."
C-C motif chemokine 7,Lymphotoxin-alpha,unknown,C-C motif chemokine 7,Lymphotoxin-alpha,20574167,"Global alterations in protein turnover, and accelerated degradation of long-lived proteins were found in caveolin-deficient adipocytes."
C-C motif chemokine 7,Lymphotoxin-alpha,activates,C-C motif chemokine 7,Lymphotoxin-alpha,20574167,"Altogether, these data indicate that caveolin deficiency induce autophagy in adipocytes, a feature that is not a physiological response to fasting in normal fat cells."
C-C motif chemokine 7,Lymphotoxin-alpha,unknown,C-C motif chemokine 7,Lymphotoxin-alpha,9060463,We report here the identification of CDC37 as a multicopy suppressor of the mps1-1 temperature-sensitive (ts) phenotype.
C-C motif chemokine 7,Lymphotoxin-alpha,inhibits,C-C motif chemokine 7,Lymphotoxin-alpha,1493333,"Results from in vivo expression studies performed with these NF-kappa B p65 mutants revealed the following: 1) I kappa B/MAD-3 completely inhibits NF-kappa B p65-dependent transcriptional activation mediated through the human immunodeficiency virus type 1 kappa B enhancer in human T lymphocytes, 2) the binding of I kappa B/MAD-3 to NF-kappa B p65 is sufficient to retarget NF-kappa B p65 from the nucleus to the cytoplasm, 3) selective deletion of the functional nuclear localization signal present in the Rel homology domain of NF-kappa B p65 disrupts its ability to engage I kappa B/MAD-3, and 4) the unique C-terminus of NF-kappa B p65 attenuates its own nuclear localization and contains sequences that are required for I kappa B-mediated inhibition of NF-kappa B p65 DNA binding activity."
C-C motif chemokine 7,Lymphotoxin-alpha,unknown,C-C motif chemokine 7,Lymphotoxin-alpha,3667614,"The human Factor IX cDNA coding sequence was modified in the propeptide region (residue -18 to -1) using oligonucleotide-directed site-specific mutagenesis, and the altered Factor IX cDNA was expressed in Chinese hamster ovary cells."
C-C motif chemokine 7,Lymphotoxin-alpha,unknown,C-C motif chemokine 7,Lymphotoxin-alpha,23125099,Xylosyl- and glucuronyltransferase functions of LARGE in alpha-dystroglycan modification are conserved in LARGE2.
C-C motif chemokine 7,Lymphotoxin-alpha,unknown,C-C motif chemokine 7,Lymphotoxin-alpha,23125099,"Although the LARGE paralog LARGE2 (also referred to as GYLTL1B) has likewise been shown to enhance the functional modification of alpha-DG in cultured cells, its enzymatic activities have not been identified."
C-C motif chemokine 7,Lymphotoxin-alpha,unknown,C-C motif chemokine 7,Lymphotoxin-alpha,23125099,"Our results suggest that LARGE and LARGE2 catalyze the same glycosylation reactions for the functional modification of alpha-DG, but that they have different biochemical properties."
C-C motif chemokine 7,Tumor necrosis factor ligand superfamily member 10,unknown,C-C motif chemokine 7,Tumor necrosis factor ligand superfamily member 10,21596310,Here we report the identification of a human complex comprising the MBT-domain containing protein L3MBTL2 along with well-characterized PcG proteins.
C-C motif chemokine 7,Lymphotoxin-alpha,activates,C-C motif chemokine 7,Lymphotoxin-alpha,16227611,"Although Met Y1003F undergoes endosomal trafficking and localizes with the cargo-sorting protein Hrs, it is unable to induce phosphorylation of Hrs."
C-C motif chemokine 7,Fms-related tyrosine kinase 3 ligand,unknown,C-C motif chemokine 7,Fms-related tyrosine kinase 3 ligand,28345864,"Then, using a single-step FLAG-affinity purification protocol, FBP1 was isolated from the three different growth conditions (glucose, carbon starved, and carbon starved+heat shock) and the composition of the complex was explored."
C-C motif chemokine 7,Lymphotoxin-alpha,unknown,C-C motif chemokine 7,Lymphotoxin-alpha,25457772,"The more focused mutations in K742A and T744A suggested that K742 is a more important residue in the cluster than T744, although the T744A mutant was still partially NHEJ deficient (Figure 4A)."
C-C motif chemokine 7,Lymphotoxin-alpha,unknown,C-C motif chemokine 7,Lymphotoxin-alpha,8506326,Molecular basis of a multiple lymphokine deficiency in a patient with severe combined immunodeficiency.
C-C motif chemokine 7,Interleukin-2,unknown,C-C motif chemokine 7,Interleukin-2,8506326,"We have previously reported that the T lymphocytes of a child with severe combined immunodeficiency are defective in the transcription of several lymphokine genes that include IL2, IL3, IL4, and IL5, which encode interleukins 2, 3, 4, and 5 (IL-2, -3, -4, and -5)."
C-C motif chemokine 7,Fms-related tyrosine kinase 3 ligand,unknown,C-C motif chemokine 7,Fms-related tyrosine kinase 3 ligand,8506326,These results indicate that an abnormality of/or influencing NF-AT may underlie the multiple lymphokine deficiency in this patient.
C-C motif chemokine 7,Lymphotoxin-alpha,unknown,C-C motif chemokine 7,Lymphotoxin-alpha,8506326,These results indicate that an abnormality of/or influencing NF-AT may underlie the multiple lymphokine deficiency in this patient.
Fms-related tyrosine kinase 3 ligand,Lymphotoxin-alpha,unknown,Fms-related tyrosine kinase 3 ligand,Lymphotoxin-alpha,8506326,These results indicate that an abnormality of/or influencing NF-AT may underlie the multiple lymphokine deficiency in this patient.
C-C motif chemokine 7,Lymphotoxin-alpha,unknown,C-C motif chemokine 7,Lymphotoxin-alpha,27725644,"Nop9:ITS1 RNA binding was only modestly sensitive to salt concentration (Supplementary Table 2), consistent with specific H-bond or base-stacking interactions that recognize RNA sequence elements."
C-C motif chemokine 7,Lymphotoxin-alpha,unknown,C-C motif chemokine 7,Lymphotoxin-alpha,9008707,"Mutations in two other genes required only for the bipolar budding pattern, BUD8 and BUD9, result in a more specific defect, a unipolar budding pattern."
Interleukin-6,Lymphotoxin-alpha,unknown,Interleukin-6,Lymphotoxin-alpha,18599869,"Deletion/mutation analysis of reporter constructs was used to demonstrate that mutation of the SP1/Kruppel-like factor element in the TM promoter only partially abolishes statin-induced TM upregulation, whereas simultaneous mutation of relevant heat shock elements and SP1/Kruppel-like factor element completely prevents statin-induced TM upregulation, thus demonstrating a role for heat shock factors (HSFs)."
C-C motif chemokine 7,Interleukin-6,unknown,C-C motif chemokine 7,Interleukin-6,18599869,"Specifically, statins caused NO-dependent dissociation of HSF1 from heat shock protein 90, nuclear translocation of HSF1, and binding to heat shock elements in the TM promoter."
Fms-related tyrosine kinase 3 ligand,Interleukin-6,unknown,Fms-related tyrosine kinase 3 ligand,Interleukin-6,18599869,"Knockdown of 14-3-3beta or inhibition of HSF1 phosphorylation enhanced the effect of statins on TM and tissue plasminogen activator, but did not influence thrombomospondin, plasminogen activator inhibitor 1, or connective tissue growth factor."
C-C motif chemokine 7,Lymphotoxin-alpha,unknown,C-C motif chemokine 7,Lymphotoxin-alpha,19786833,Acellular experiments corroborated and complemented these results by revealing that the specificity of consensus sequence for DNA methylation of Dnmt3a is increased in presence of c-myc.
C-C motif chemokine 7,Fms-related tyrosine kinase 3 ligand,regulates,C-C motif chemokine 7,Fms-related tyrosine kinase 3 ligand,22888118,"These results suggest that proteins, post-translational modifications or mutations that alter structural flexibility of the TKB domain of Cbl-family proteins could regulate their binding to target phosphoproteins and thereby, affect PTK-mediated signalling."
C-C motif chemokine 7,Lymphotoxin-alpha,regulates,C-C motif chemokine 7,Lymphotoxin-alpha,22888118,"These results suggest that proteins, post-translational modifications or mutations that alter structural flexibility of the TKB domain of Cbl-family proteins could regulate their binding to target phosphoproteins and thereby, affect PTK-mediated signalling."
Fms-related tyrosine kinase 3 ligand,Lymphotoxin-alpha,regulates,Fms-related tyrosine kinase 3 ligand,Lymphotoxin-alpha,22888118,"These results suggest that proteins, post-translational modifications or mutations that alter structural flexibility of the TKB domain of Cbl-family proteins could regulate their binding to target phosphoproteins and thereby, affect PTK-mediated signalling."
C-C motif chemokine 7,Lymphotoxin-alpha,unknown,C-C motif chemokine 7,Lymphotoxin-alpha,12486116,"Fringe is a fucose-specific beta1,3-N-acetylglucosaminyltransferase that modifies O-fucose moieties on the epidermal growth factor-like (EGF) repeats of Notch."
C-C motif chemokine 7,Lymphotoxin-alpha,unknown,C-C motif chemokine 7,Lymphotoxin-alpha,23550138,"Biotinidase deficiency is an autosomal recessively inherited disorder resulting in the inability to recycle the vitamin biotin and affects approximately 1 in 60,000 newborns."
C-C motif chemokine 7,Tumor necrosis factor,unknown,C-C motif chemokine 7,Tumor necrosis factor,7957109,"Micromolar amounts of the peptide Cbz-Ile-Glu(O-t-Bu)-Ala-leucinal (PSI), a specific inhibitor of the chymotrypsin-like activity of the proteasome, prevented activation of NF-kappa B in response to tumor necrosis factor-alpha (TNF) and okadaic acid (OA) through inhibition of I kappa B-alpha degradation."
C-C motif chemokine 7,Lymphotoxin-alpha,unknown,C-C motif chemokine 7,Lymphotoxin-alpha,9032232,These results indicate that the association of adenylyl cyclase with CAP is responsible for the stimulatory effect of posttranslational modification of Ras on its activity and that this may be the mechanism underlying its requirement for the proper in vivo cyclic AMP response.
C-C motif chemokine 7,Lymphotoxin-alpha,unknown,C-C motif chemokine 7,Lymphotoxin-alpha,8910345,"Farnesyltransferase (FTase) is a ubiquitous enzyme that catalyzes the lipid modification of p21(ras) by the addition of farnesyl to the C-terminal ""CAAX"" motif."
C-C motif chemokine 7,Lymphotoxin-alpha,binds,C-C motif chemokine 7,Lymphotoxin-alpha,10347217,These results indicate that oligomerization is required for p53 to efficiently bind and be ubiquitinated by MDM2.
C-C motif chemokine 7,Fms-related tyrosine kinase 3 ligand,unknown,C-C motif chemokine 7,Fms-related tyrosine kinase 3 ligand,17108053,"The extent of posttranslational modification of K-bZIP by sumoylation, a process that influences its repression function, was decreased by vPK phosphorylation at threonine 111."
Fms-related tyrosine kinase 3 ligand,Lymphotoxin-alpha,unknown,Fms-related tyrosine kinase 3 ligand,Lymphotoxin-alpha,24894996,"Activated SnRK2s phosphorylate transcription factors such as ABA-responsive element binding factors, ABI5, enhanced late embryogenesis abundant level, and flowering basic helix-loop-helix-type transcription factor 3 to alter gene expression."
C-C motif chemokine 7,Lymphotoxin-alpha,unknown,C-C motif chemokine 7,Lymphotoxin-alpha,19608646,Knockdown of CAV-1 expression with a specific small interfering RNA duplex resulted in eNOS redistributing to the perinuclear region and nearly doubled insulin-induced NO production.
C-C motif chemokine 7,Lymphotoxin-alpha,unknown,C-C motif chemokine 7,Lymphotoxin-alpha,11909966,Silencing of gene transcription involves local chromatin modification achieved through the local recruitment of large multiprotein complexes containing histone deacetylase (HDAC) activity.
C-C motif chemokine 3,C-C motif chemokine 7,unknown,C-C motif chemokine 3,C-C motif chemokine 7,12865428,"In Cry-deficient mice, the expression levels of most CLOCK-regulated genes were elevated to the upper range of normal oscillation."
C-C motif chemokine 7,Fms-related tyrosine kinase 3 ligand,unknown,C-C motif chemokine 7,Fms-related tyrosine kinase 3 ligand,8700872,Vascular endothelial growth factor-related protein: a ligand and specific activator of the tyrosine kinase receptor Flt4.
C-C motif chemokine 7,Lymphotoxin-alpha,unknown,C-C motif chemokine 7,Lymphotoxin-alpha,8700872,Vascular endothelial growth factor-related protein: a ligand and specific activator of the tyrosine kinase receptor Flt4.
Fms-related tyrosine kinase 3 ligand,Lymphotoxin-alpha,unknown,Fms-related tyrosine kinase 3 ligand,Lymphotoxin-alpha,8700872,Vascular endothelial growth factor-related protein: a ligand and specific activator of the tyrosine kinase receptor Flt4.
C-C motif chemokine 7,Fms-related tyrosine kinase 3 ligand,unknown,C-C motif chemokine 7,Fms-related tyrosine kinase 3 ligand,8700872,"The tyrosine kinases Flt4, Flt1, and Flk1 (or KDR) constitute a family of endothelial cell-specific receptors with seven immunoglobulin-like domains and a split kinase domain."
C-C motif chemokine 7,Lymphotoxin-alpha,unknown,C-C motif chemokine 7,Lymphotoxin-alpha,8700872,"The tyrosine kinases Flt4, Flt1, and Flk1 (or KDR) constitute a family of endothelial cell-specific receptors with seven immunoglobulin-like domains and a split kinase domain."
Fms-related tyrosine kinase 3 ligand,Lymphotoxin-alpha,unknown,Fms-related tyrosine kinase 3 ligand,Lymphotoxin-alpha,8700872,"The tyrosine kinases Flt4, Flt1, and Flk1 (or KDR) constitute a family of endothelial cell-specific receptors with seven immunoglobulin-like domains and a split kinase domain."
Fms-related tyrosine kinase 3 ligand,Lymphotoxin-alpha,binds,Fms-related tyrosine kinase 3 ligand,Lymphotoxin-alpha,8700872,Flt1 and Flk1 have been shown to play key roles in vascular development; these two receptors bind and are activated by vascular endothelial growth factor (VEGF).
Fms-related tyrosine kinase 3 ligand,Vascular endothelial growth factor A,binds,Fms-related tyrosine kinase 3 ligand,Vascular endothelial growth factor A,8700872,Flt1 and Flk1 have been shown to play key roles in vascular development; these two receptors bind and are activated by vascular endothelial growth factor (VEGF).
Lymphotoxin-alpha,Vascular endothelial growth factor A,binds,Lymphotoxin-alpha,Vascular endothelial growth factor A,8700872,Flt1 and Flk1 have been shown to play key roles in vascular development; these two receptors bind and are activated by vascular endothelial growth factor (VEGF).
Fms-related tyrosine kinase 3 ligand,Lymphotoxin-alpha,unknown,Fms-related tyrosine kinase 3 ligand,Lymphotoxin-alpha,8700872,"No ligand has been identified for Flt4, whose expression becomes restricted during development to the lymphatic endothelium."
C-C motif chemokine 7,Fms-related tyrosine kinase 3 ligand,activates,C-C motif chemokine 7,Fms-related tyrosine kinase 3 ligand,8700872,"This protein, designated VEGF-related protein (VRP), specifically binds to the extracellular domain of Flt4, stimulates the tyrosine phosphorylation of Flt4 expressed in mammalian cells, and promotes the mitogenesis of human lung endothelial cells."
C-C motif chemokine 7,Lymphotoxin-alpha,activates,C-C motif chemokine 7,Lymphotoxin-alpha,8700872,"This protein, designated VEGF-related protein (VRP), specifically binds to the extracellular domain of Flt4, stimulates the tyrosine phosphorylation of Flt4 expressed in mammalian cells, and promotes the mitogenesis of human lung endothelial cells."
C-C motif chemokine 7,Vascular endothelial growth factor A,activates,C-C motif chemokine 7,Vascular endothelial growth factor A,8700872,"This protein, designated VEGF-related protein (VRP), specifically binds to the extracellular domain of Flt4, stimulates the tyrosine phosphorylation of Flt4 expressed in mammalian cells, and promotes the mitogenesis of human lung endothelial cells."
Fms-related tyrosine kinase 3 ligand,Lymphotoxin-alpha,activates,Fms-related tyrosine kinase 3 ligand,Lymphotoxin-alpha,8700872,"This protein, designated VEGF-related protein (VRP), specifically binds to the extracellular domain of Flt4, stimulates the tyrosine phosphorylation of Flt4 expressed in mammalian cells, and promotes the mitogenesis of human lung endothelial cells."
Fms-related tyrosine kinase 3 ligand,Vascular endothelial growth factor A,activates,Fms-related tyrosine kinase 3 ligand,Vascular endothelial growth factor A,8700872,"This protein, designated VEGF-related protein (VRP), specifically binds to the extracellular domain of Flt4, stimulates the tyrosine phosphorylation of Flt4 expressed in mammalian cells, and promotes the mitogenesis of human lung endothelial cells."
Lymphotoxin-alpha,Vascular endothelial growth factor A,activates,Lymphotoxin-alpha,Vascular endothelial growth factor A,8700872,"This protein, designated VEGF-related protein (VRP), specifically binds to the extracellular domain of Flt4, stimulates the tyrosine phosphorylation of Flt4 expressed in mammalian cells, and promotes the mitogenesis of human lung endothelial cells."
Fms-related tyrosine kinase 3 ligand,Lymphotoxin-alpha,binds,Fms-related tyrosine kinase 3 ligand,Lymphotoxin-alpha,8700872,VRP fails to bind appreciably to the extracellular domain of Flt1 or Flk1.
C-C motif chemokine 7,Lymphotoxin-alpha,unknown,C-C motif chemokine 7,Lymphotoxin-alpha,30348783,We have identified multiple regions in SHOC2 involved in complex formation as well as residues in MRAS switch I and the interswitch region that help account for MRAS's unique effector specificity for SHOC2-PP1.
C-C motif chemokine 7,Fms-related tyrosine kinase 3 ligand,unknown,C-C motif chemokine 7,Fms-related tyrosine kinase 3 ligand,15928207,"In addition, overexpression of INP1 led to an apparent irregularity in the distribution of peroxisomes between mother cells and buds, with a significant number of buds not containing any readily evident fluorescent peroxisomes."
C-C motif chemokine 7,Interleukin-27,binds,C-C motif chemokine 7,Interleukin-27,17873522,"We have shown previously that the ubiquitin-specific protease Usp28, binds to the nucleoplasmic isoform of Fbw7, Fbw7alpha, and counteracts its function in mammalian cells."
Fms-related tyrosine kinase 3 ligand,Vascular endothelial growth factor A,unknown,Fms-related tyrosine kinase 3 ligand,Vascular endothelial growth factor A,27137657,A combinatorial interaction between Scl and Vegfa/Flk1 sets in motion the first wave of primitive hematopoiesis.
C-C motif chemokine 7,Lymphotoxin-alpha,unknown,C-C motif chemokine 7,Lymphotoxin-alpha,23824326,Exons down-regulated in USP49 knockdown cells show both elevated levels of alternative splicing and a general decrease in splicing efficiency.
C-C motif chemokine 7,Lymphotoxin-alpha,unknown,C-C motif chemokine 7,Lymphotoxin-alpha,16710445,"Together with the genetic data indicating that tefu and nbs act in a common telomere protection pathway, these results suggest that an alternative pathway can maintain HOAP levels at telomeres, but that this pathway is much less efficient in nbs mutant cells."
C-C motif chemokine 7,Lymphotoxin-alpha,unknown,C-C motif chemokine 7,Lymphotoxin-alpha,15031145,"Overexpression of exogenous hHIF-1alphaTe resulted in the inhibition of the endogenous HIF-1 transcriptional activity, demonstrating that the testis-specific hHIF-1alphaTe isoform is a dominant-negative regulator of normal HIF-1 activity."
Lymphotoxin-alpha,Macrophage metalloelastase,unknown,Lymphotoxin-alpha,Macrophage metalloelastase,11391482,"Hereditary multiple exostoses (HME), a dominantly inherited genetic disorder characterized by multiple cartilaginous tumors, is caused by mutations in members of the EXT gene family, EXT1 or EXT2."
Fms-related tyrosine kinase 3 ligand,Lymphotoxin-alpha,unknown,Fms-related tyrosine kinase 3 ligand,Lymphotoxin-alpha,25314967,"Briefly, the finely minced skin or mesentery tissue was digested with enzyme solution (2 mg/ml collagenase, 5 mg/ml dispase; Roche) at 37degreesC for 1 hour, then the cells were cultured in complete endothelial cell medium (Invitrogen)."
Fms-related tyrosine kinase 3 ligand,Vascular endothelial growth factor A,unknown,Fms-related tyrosine kinase 3 ligand,Vascular endothelial growth factor A,25314967,The identity of LECs was confirmed with LYVE-1 immunofluorescence staining and VEGFR3 flow cytometry analysis.
C-C motif chemokine 7,Lymphotoxin-alpha,unknown,C-C motif chemokine 7,Lymphotoxin-alpha,17439403,Polycomb protein Cbx4 promotes SUMO modification of de novo DNA methyltransferase Dnmt3a.
C-C motif chemokine 7,Lymphotoxin-alpha,unknown,C-C motif chemokine 7,Lymphotoxin-alpha,17439403,Co-expression of Cbx4 and SUMO-1 (small ubiquitin-related modifier-1) along with Dnmt3a in transfected cells results in enhanced modification of Dnmt3a with SUMO-1.
C-C motif chemokine 7,C-X-C motif chemokine 9,unknown,C-C motif chemokine 7,C-X-C motif chemokine 9,17439403,Our results suggest that Cbx4 functions as a SUMO E3 ligase for Dnmt3a and it might be involved in the functional regulation of DNA methyltransferases by promoting their SUMO modification.
C-C motif chemokine 7,Lymphotoxin-alpha,unknown,C-C motif chemokine 7,Lymphotoxin-alpha,17439403,Our results suggest that Cbx4 functions as a SUMO E3 ligase for Dnmt3a and it might be involved in the functional regulation of DNA methyltransferases by promoting their SUMO modification.
C-X-C motif chemokine 9,Lymphotoxin-alpha,unknown,C-X-C motif chemokine 9,Lymphotoxin-alpha,17439403,Our results suggest that Cbx4 functions as a SUMO E3 ligase for Dnmt3a and it might be involved in the functional regulation of DNA methyltransferases by promoting their SUMO modification.
C-C motif chemokine 7,Lymphotoxin-alpha,unknown,C-C motif chemokine 7,Lymphotoxin-alpha,10446999,Our results indicate that ATRA as well as VD efficiently increases the nuclear abundance of VD receptor (VDR) and promotes monocytic differentiation.
C-C motif chemokine 7,Lymphotoxin-alpha,unknown,C-C motif chemokine 7,Lymphotoxin-alpha,20599890,Due to the severity of these other phenotypes the vein and crossvein phenotypes were difficult to document and quantify.
C-C motif chemokine 7,Fms-related tyrosine kinase 3 ligand,unknown,C-C motif chemokine 7,Fms-related tyrosine kinase 3 ligand,21831924,We found that piRNAs from germline (42AB and Cluster 3) and soma (flam and traffic jam) as well as clusters expressed in both tissues (Cluster 2) were dramatically reduced in the absence of vret (Fig.
C-C motif chemokine 7,Lymphotoxin-alpha,unknown,C-C motif chemokine 7,Lymphotoxin-alpha,17289570,Here we report an unexpected and general strategy that is based on the requirement for specific cohorts of inhibitory histone methyltransferases (HMTs) to impose gene-specific gatekeeper functions that prevent unliganded nuclear receptors and other classes of regulated transcription factors from binding to their target gene promoters and causing constitutive gene activation in the absence of stimulating signals.
Fms-related tyrosine kinase 3 ligand,Lymphotoxin-alpha,unknown,Fms-related tyrosine kinase 3 ligand,Lymphotoxin-alpha,10657632,"That is, binding of MCP on human monocytes by measles virus hemagglutinin or cross-linking by an anti-MCP Ab resulted in IL-12 down-regulation, while binding to MCP by Neisseria on epithelial cells produced a calcium flux."
C-C motif chemokine 7,Lymphotoxin-alpha,regulates,C-C motif chemokine 7,Lymphotoxin-alpha,20601087,"These modifications regulate p53 at a number of levels, including control of protein turnover, alterations in sub-cellular localization and changes in the ability to regulate gene expression."
Fms-related tyrosine kinase 3 ligand,Lymphotoxin-alpha,unknown,Fms-related tyrosine kinase 3 ligand,Lymphotoxin-alpha,18268101,"To express genes in mammalian tissue culture cells, full-length INCENP and aurora B were amplified and cloned into a pGEM-T vector and fully sequenced before subcloning into either HA-tagged pCDEF3 or FLAG-tagged pCDEF3 using NdeI and NotI restriction sites."
Lymphotoxin-alpha,Vascular endothelial growth factor A,unknown,Lymphotoxin-alpha,Vascular endothelial growth factor A,11948691,"Complexes containing VEGF165, NRP1, and KDR were also formed in an intercellular fashion by co-culture of EC expressing KDR only, with cells expressing NRP1 only, for example, breast carcinoma cells."
Lymphotoxin-alpha,Vascular endothelial growth factor A,unknown,Lymphotoxin-alpha,Vascular endothelial growth factor A,11948691,"Our results suggest that formation of a ternary complex of VEGF165, KDR, and NRP1 potentiates VEGF165 binding to KDR."
Fms-related tyrosine kinase 3 ligand,Lymphotoxin-alpha,unknown,Fms-related tyrosine kinase 3 ligand,Lymphotoxin-alpha,21481793,"While P0-Cre:Amotflox/flox mice are born at the expected Mendelian ratios and develop normally, the P0-Cre:Nf2flox/flox:Amotflox/flox mice die shortly after birth due to neurological defects (Yi and Kissil, unpublished results), precluding the use of this model."
Fms-related tyrosine kinase 3 ligand,Lymphotoxin-alpha,unknown,Fms-related tyrosine kinase 3 ligand,Lymphotoxin-alpha,19893624,"The primary role of the innate immune response is to limit the spread of infectious pathogens, with activation of Toll-like receptor (TLR) and RIG-like receptor (RLR) pathways resulting in a pro-inflammatory response required to combat infection."
C-C motif chemokine 7,Lymphotoxin-alpha,inhibits,C-C motif chemokine 7,Lymphotoxin-alpha,23950728,These novel results give additional support for finding future approaches to specifically inhibit the growth of cancer cells addicted to oncogenic Myc.
C-C motif chemokine 7,Lymphotoxin-alpha,unknown,C-C motif chemokine 7,Lymphotoxin-alpha,10949152,"A system for analyzing post-translational modifications of EF-2, which is a single polypeptide of 857 amino acids, is reported and its application to cytosolic extracts of cultured neonatal rat heart myocytes, neonatal and adult rat cardiac tissue, and extracts of human left ventricular myocardium is described."
C-C motif chemokine 7,Lymphotoxin-alpha,unknown,C-C motif chemokine 7,Lymphotoxin-alpha,12530964,Mind bomb is a ubiquitin ligase that is essential for efficient activation of Notch signaling by Delta.
C-C motif chemokine 7,Lymphotoxin-alpha,unknown,C-C motif chemokine 7,Lymphotoxin-alpha,10469171,"RESULTS: The two-hybrid screening revealed a specific interaction between group 1 ct-mGluRs and Siah-1A, the mammalian homolog of Drosophila seven in absentia which is involved in photoreceptor cell differentiation via the ubiquitin/proteasome-dependent mechanism."
C-C motif chemokine 7,Macrophage metalloelastase,unknown,C-C motif chemokine 7,Macrophage metalloelastase,20098713,"In addition to covalent attachment of SUMO to target proteins, specific non-covalent SUMO interaction motifs (SIMs) that are generally short hydrophobic peptide motifs have been identified."
C-C motif chemokine 7,Lymphotoxin-alpha,unknown,C-C motif chemokine 7,Lymphotoxin-alpha,10330189,This Delta19 beta-catenin mutant localizes to the nucleus because it may not be efficiently sequestered in the cytoplasm.
C-C motif chemokine 7,Interleukin-2,unknown,C-C motif chemokine 7,Interleukin-2,9388475,mNFATc complexed with AP-1 bound specifically to the murine IL-2 NFAT recognition sequence and activated transcription from the co-transfected IL-2 promoter in COS-7 cells.
C-C motif chemokine 7,Lymphotoxin-alpha,unknown,C-C motif chemokine 7,Lymphotoxin-alpha,8100763,"Adult expression was observed in testes, specifically in meiotic and post-meiotic male germ cells."
Interleukin-13,Interleukin-4,unknown,Interleukin-13,Interleukin-4,8605348,Coexpression of the interleukin-13 and interleukin-4 genes correlates with their physical linkage in the cytokine gene cluster on human chromosome 5q23-31.
Interleukin-13,Interleukin-4,unknown,Interleukin-13,Interleukin-4,8605348,Interleukin-13 (IL-13) and IL-4 are cytokines produced by T cells that are encoded by the q23-31 region of human chromosome 5.
Fms-related tyrosine kinase 3 ligand,Interleukin-13,unknown,Fms-related tyrosine kinase 3 ligand,Interleukin-13,8605348,"To investigate the regulation of IL-13 gene expression by T cells, we isolated and sequenced the human IL-13 gene, analyzed its 5'-flanking region for potential transcriptional activation elements, and examined its expression in nontransformed T-lineage cell populations."
Interleukin-13,Interleukin-4,unknown,Interleukin-13,Interleukin-4,8605348,The human IL-13 gene was located 12.5-kb upstream of the IL-4 gene and 2-kb downstream of a CpG island.
Fms-related tyrosine kinase 3 ligand,Interleukin-13,unknown,Fms-related tyrosine kinase 3 ligand,Interleukin-13,8605348,The IL-13 gene 5' flank region included a segment with sequence homology to P elements of the IL-4 promoter involved in transcriptional activation in T cells.
Fms-related tyrosine kinase 3 ligand,Interleukin-4,unknown,Fms-related tyrosine kinase 3 ligand,Interleukin-4,8605348,The IL-13 gene 5' flank region included a segment with sequence homology to P elements of the IL-4 promoter involved in transcriptional activation in T cells.
Interleukin-13,Interleukin-4,unknown,Interleukin-13,Interleukin-4,8605348,The IL-13 gene 5' flank region included a segment with sequence homology to P elements of the IL-4 promoter involved in transcriptional activation in T cells.
C-C motif chemokine 7,Interleukin-13,unknown,C-C motif chemokine 7,Interleukin-13,8605348,Mutation of the IL-13 P element site significantly reduced IL-13 promoter activity in response to T-cell activation.
C-C motif chemokine 7,Interleukin-13,unknown,C-C motif chemokine 7,Interleukin-13,8605348,"Oligonucleotides containing the IL-13 or IL-4 P element sites specifically bound the transcriptional activator protein, nuclear factor-activated T cells, preformed (NF-ATp), when incubated with nuclear protein extracts from activated T cells."
C-C motif chemokine 7,Interleukin-4,unknown,C-C motif chemokine 7,Interleukin-4,8605348,"Oligonucleotides containing the IL-13 or IL-4 P element sites specifically bound the transcriptional activator protein, nuclear factor-activated T cells, preformed (NF-ATp), when incubated with nuclear protein extracts from activated T cells."
Interleukin-13,Interleukin-4,unknown,Interleukin-13,Interleukin-4,8605348,"Oligonucleotides containing the IL-13 or IL-4 P element sites specifically bound the transcriptional activator protein, nuclear factor-activated T cells, preformed (NF-ATp), when incubated with nuclear protein extracts from activated T cells."
Interleukin-13,Interleukin-4,unknown,Interleukin-13,Interleukin-4,8605348,"Similar to IL-4, IL-13 mRNA expression was highest in T-cell populations enriched for cells that had previously been primed in vivo or in vitro, indicating that priming increases the expression of the IL-13 and IL-4 genes in a coordinate manner."
Interleukin-13,Interleukin-4,unknown,Interleukin-13,Interleukin-4,8605348,"Because the primed T cells contain higher levels of nuclear NF-ATp, capable of binding to P elements of the IL-4 and IL-13 promoters, than do freshly-isolated T cells, the NF-AT-binding P elements are attractive candidates to mediate the coordinate expression of these two cytokine genes."
C-C motif chemokine 7,Lymphotoxin-alpha,unknown,C-C motif chemokine 7,Lymphotoxin-alpha,10623527,Structural determinants of post-translational modification and catalytic specificity for the lipoyl domains of the pyruvate dehydrogenase multienzyme complex of Escherichia coli.
C-C motif chemokine 7,Lymphotoxin-alpha,unknown,C-C motif chemokine 7,Lymphotoxin-alpha,10623527,"The lipoyl domains of the dihydrolipoyl acyltransferase (E2p, E2o) components of the pyruvate and 2-oxoglutarate dehydrogenase multienzyme complexes are specifically recognised by their cognate 2-oxo acid decarboxylase (E1p, E1o)."
C-C motif chemokine 7,Lymphotoxin-alpha,unknown,C-C motif chemokine 7,Lymphotoxin-alpha,16964248,"FOXO activity is regulated by multiple post-translational modifications, including phosphorylation, acetylation and polyubiquitination."
C-C motif chemokine 7,Lymphotoxin-alpha,unknown,C-C motif chemokine 7,Lymphotoxin-alpha,17546054,"Conversely, loss of 14-3-3sigma results in a significant increase in MDM2 protein."
C-C motif chemokine 7,Lymphotoxin-alpha,unknown,C-C motif chemokine 7,Lymphotoxin-alpha,22956767,"Large-subunit (60S) 25S rRNA contains at least six base methylations, but none of the methyltransferases responsible for these modifications has been characterized."
C-X-C motif chemokine 9,Lymphotoxin-alpha,unknown,C-X-C motif chemokine 9,Lymphotoxin-alpha,18171471,"These studies raise an interesting question of whether the two paxillin-binding sites of FAK are simply redundant interaction surfaces that strengthen the association between these two proteins, or alternatively, whether paxillin binding to each site might mediate a distinct function."
C-C motif chemokine 7,Lymphotoxin-alpha,unknown,C-C motif chemokine 7,Lymphotoxin-alpha,10978310,"The active, mature form of HlyA is produced by posttranslational modification of the protoxin that is mediated by acyl carrier protein and an acyltransferase, HlyC."
C-C motif chemokine 7,Lymphotoxin-alpha,unknown,C-C motif chemokine 7,Lymphotoxin-alpha,10978310,"Thus, HlyA activated in vivo consists of a heterogeneous family of up to nine different covalent structures, and the substrate specificity of the HlyC acyltransferase appears to differ from that of the closely related CyaC acyltransferase expressed by Bordetella pertussis."
C-C motif chemokine 7,Lymphotoxin-alpha,binds,C-C motif chemokine 7,Lymphotoxin-alpha,8493578,These results demonstrate that Rb interacts specifically with a lineage-restricted Ets transcription factor.
C-C motif chemokine 7,Macrophage metalloelastase,unknown,C-C motif chemokine 7,Macrophage metalloelastase,1496017,Steroid 21-hydroxylase deficiency: three additional mutated alleles and establishment of phenotype-genotype relationships of common mutations.
C-C motif chemokine 7,Lymphotoxin-alpha,unknown,C-C motif chemokine 7,Lymphotoxin-alpha,7512565,"Mutation of the major Sp1 binding site (-110 bp) decreased tissue-specific promoter activity, and these results, together with transactivation experiments, demonstrate that Sp1 plays a critical role in the tissue-specific expression of CD14 in monocytic cells."
C-C motif chemokine 7,Lymphotoxin-alpha,unknown,C-C motif chemokine 7,Lymphotoxin-alpha,17525233,Induction of histone hyperacetylation overrode the repressive K27me3 modification and resulted in Hoxa1 gene expression.
C-C motif chemokine 7,Lymphotoxin-alpha,unknown,C-C motif chemokine 7,Lymphotoxin-alpha,17525233,"Together, these data show that there are multiple temporal phases of derepression of PRC2 target genes during ES cell differentiation and that other epigenetic marks (specifically, increased acetylation of histones H3 and H4), in addition to derepression, are important for gene-specific transcriptional activation."
Fms-related tyrosine kinase 3 ligand,Lymphotoxin-alpha,binds,Fms-related tyrosine kinase 3 ligand,Lymphotoxin-alpha,16669786,"In the present study, we show with FRET (fluorescence resonance energy transfer) analysis measured by FLIM (fluorescence lifetime imaging microscopy) that PKCdelta and pVHL (VHL protein) interact directly in cells."
C-C motif chemokine 7,Lymphotoxin-alpha,unknown,C-C motif chemokine 7,Lymphotoxin-alpha,1894360,"Although all sera from untreated secondary syphilis patients were reactive in this TmpC ELISA, only a minority of the serum samples from untreated patients in the primary or early latent stage of the disease contained significant anti-TmpC antibodies."
Interleukin-2,Lymphotoxin-alpha,unknown,Interleukin-2,Lymphotoxin-alpha,9428992,"However, secretion of IL-2 by anti-CD3-stimulated cord blood mononuclear cells was still blunted compared with control cells from adults."
C-C motif chemokine 7,Lymphotoxin-alpha,unknown,C-C motif chemokine 7,Lymphotoxin-alpha,14703513,"Signals activated by various pathogens are integrated by IRF-3 kinase, resulting in the specific phosphorylation of IRF-3 in the cytoplasm."
C-X-C motif chemokine 9,Lymphotoxin-alpha,unknown,C-X-C motif chemokine 9,Lymphotoxin-alpha,22456504,"Although vesicles laden with cargo might conceivably be more easily transported along microtubules to the cell surface compared with cargo associated with tubular membranes, motor proteins may be the limiting step, controlling the rate of vesicles that recycle."
Fms-related tyrosine kinase 3 ligand,Interleukin-2,unknown,Fms-related tyrosine kinase 3 ligand,Interleukin-2,7706710,IL-2-mediated T cell proliferation is a critical early event in the inflammatory process.
C-C motif chemokine 7,Lymphotoxin-alpha,unknown,C-C motif chemokine 7,Lymphotoxin-alpha,24586161,"To gain insight to the specificity of acetyltransferases in the YopJ effector family, we determined if HopZ1a could acetylate AvrBsT's substrate ACIP1."
C-C motif chemokine 7,Lymphotoxin-alpha,unknown,C-C motif chemokine 7,Lymphotoxin-alpha,12456660,"We now demonstrate that the p300 and CBP acetyltransferases play a major role in the in vivo acetylation of RelA, principally targeting lysines 218, 221 and 310 for modification."
C-C motif chemokine 3,C-C motif chemokine 7,unknown,C-C motif chemokine 3,C-C motif chemokine 7,29321502,coli BL21* (ThermoFisher Scientific) from the pETDuet and pCOLADuet vectors.
C-C motif chemokine 7,Interleukin-6,binds,C-C motif chemokine 7,Interleukin-6,1372388,A lymphoid cell-specific nuclear factor containing c-Rel-like proteins preferentially interacts with interleukin-6 kappa B-related motifs whose activities are repressed in lymphoid cells.
C-C motif chemokine 7,Interleukin-6,unknown,C-C motif chemokine 7,Interleukin-6,1372388,"In spite of its association with p50 in vitro, however, we found a lymphoid cell-specific nuclear factor in vivo that contains c-Rel but not p50 epitopes; this factor, termed IL-6 kappa B binding factor II, appears to contain the c-Rel homodimer and preferentially recognizes several IL-6 kappa B-related kappa B motifs."
Interleukin-6,Lymphotoxin-alpha,unknown,Interleukin-6,Lymphotoxin-alpha,1372388,"Although it has been previously shown that the IL-6 kappa B motif functions as a potent IL-1/tumor necrosis factor-responsive element in nonlymphoid cells, its activity was found to be repressed in lymphoid cells such as a Jurkat T-cell line."
Interleukin-6,Tumor necrosis factor,unknown,Interleukin-6,Tumor necrosis factor,1372388,"Although it has been previously shown that the IL-6 kappa B motif functions as a potent IL-1/tumor necrosis factor-responsive element in nonlymphoid cells, its activity was found to be repressed in lymphoid cells such as a Jurkat T-cell line."
Lymphotoxin-alpha,Tumor necrosis factor,unknown,Lymphotoxin-alpha,Tumor necrosis factor,1372388,"Although it has been previously shown that the IL-6 kappa B motif functions as a potent IL-1/tumor necrosis factor-responsive element in nonlymphoid cells, its activity was found to be repressed in lymphoid cells such as a Jurkat T-cell line."
C-C motif chemokine 7,Interleukin-6,unknown,C-C motif chemokine 7,Interleukin-6,1372388,We also present evidence that IL-6 kappa B binding factor II functions as a repressor specific for IL-6 kappa B-related kappa B motifs in lymphoid cells.
C-C motif chemokine 7,Lymphotoxin-alpha,unknown,C-C motif chemokine 7,Lymphotoxin-alpha,17881826,Post-translational modification of the chromophore-forming sequence Asn66-Tyr67-Gly68 within zGFP506 results in a typical GFP-like coplanar two-ring structure consisting of a five-membered imidazolinone heterocycle with the phenolic ring of Tyr67 in a cis orientation to the C(alpha)-N(67) bond.
C-C motif chemokine 7,Lymphotoxin-alpha,unknown,C-C motif chemokine 7,Lymphotoxin-alpha,17881826,A novel post-translational modification of the chromophore-forming sequence Asp66-Tyr67-Gly68 in zRFP574 expands the protein maturation beyond the green-emitting form and results in decarboxylation of the Asp66 side chain.
Fms-related tyrosine kinase 3 ligand,Lymphotoxin-alpha,unknown,Fms-related tyrosine kinase 3 ligand,Lymphotoxin-alpha,17881826,It is suggested that electrostatic conflict between the closely spaced negatively charged side chains of the chromophore Asp66 and the proximal catalytic Glu221 is most likely to be the trigger for the chain of reactions resulting in the observed decarboxylation.
C-C motif chemokine 7,Lymphotoxin-alpha,unknown,C-C motif chemokine 7,Lymphotoxin-alpha,3624258,"Modification of calmodulin by protein carboxyl methyltransferase requires deamidation of one or more labile asparagine residues (Johnson, B.A., Freitag, N."
C-C motif chemokine 7,Lymphotoxin-alpha,activates,C-C motif chemokine 7,Lymphotoxin-alpha,19410543,"Beyond earlier identification of hBRE1 as the E3 ligase for H2B ubiquitylation in human cells, we now show (1) that hRAD6 serves as the cognate E2-conjugating enzyme; (2) that hRAD6, through direct interaction with hPAF-bound hBRE1, is recruited to transcribed genes and ubiquitylates chromatinized H2B at lysine 120; (3) that hPAF-mediated transcription is required for efficient H2B ubiquitylation as a result of hPAF-dependent recruitment of hBRE1-hRAD6 to the Pol II transcription machinery; (4) that H2B ubiquitylation per se does not affect the level of hPAF-, SII-, and p300-dependent transcription and likely functions downstream; and (5) that H2B ubiquitylation directly stimulates hSET1-dependent H3K4 di- and trimethylation."
C-C motif chemokine 7,Lymphotoxin-alpha,unknown,C-C motif chemokine 7,Lymphotoxin-alpha,17927566,The lipoyl domain of the dihydrolipoyl succinyltransferase (E2o) component of the 2OGDH (2-oxoglutarate dehydrogenase) multienzyme complex houses the lipoic acid cofactor through covalent attachment to a specific lysine side chain residing at the tip of a beta-turn.
C-C motif chemokine 7,Macrophage metalloelastase,unknown,C-C motif chemokine 7,Macrophage metalloelastase,17927566,The lipoyl domain of the dihydrolipoyl succinyltransferase (E2o) component of the 2OGDH (2-oxoglutarate dehydrogenase) multienzyme complex houses the lipoic acid cofactor through covalent attachment to a specific lysine side chain residing at the tip of a beta-turn.
Lymphotoxin-alpha,Macrophage metalloelastase,unknown,Lymphotoxin-alpha,Macrophage metalloelastase,17927566,The lipoyl domain of the dihydrolipoyl succinyltransferase (E2o) component of the 2OGDH (2-oxoglutarate dehydrogenase) multienzyme complex houses the lipoic acid cofactor through covalent attachment to a specific lysine side chain residing at the tip of a beta-turn.
C-C motif chemokine 7,Lymphotoxin-alpha,unknown,C-C motif chemokine 7,Lymphotoxin-alpha,18247557,"These results present the first molecular evidence for in vitro and in vivo polyneddylation, suggesting that chain formation of ubiquitin and ubiquitin-like proteins may be a general phenomenon for these modifications."
C-C motif chemokine 7,Lymphotoxin-alpha,unknown,C-C motif chemokine 7,Lymphotoxin-alpha,18247557,"Although much remains to be explored for the biological significance of the observations, this work provides critically important information regarding Nedd8 chain assembly and its interaction network."
C-C motif chemokine 7,Lymphotoxin-alpha,unknown,C-C motif chemokine 7,Lymphotoxin-alpha,3918896,"Since each enzyme is coded by a single structural gene, these results suggest that the isozymes present late in development arise from the synthesis of the same polypeptides with altered post-translational modifications."
C-C motif chemokine 7,Lymphotoxin-alpha,unknown,C-C motif chemokine 7,Lymphotoxin-alpha,3918896,The appearance of anterior and posterior specific isozymes is likely to be the result of cell type specific changes in the glycoprotein modification pathway for newly synthesized proteins.
C-C motif chemokine 7,Lymphotoxin-alpha,unknown,C-C motif chemokine 7,Lymphotoxin-alpha,7534293,High levels of UDG expression in a transient transfection assay result in the down-regulation of transcriptional activity through elements specific for E2F-mediated transcription.
C-C motif chemokine 7,Fms-related tyrosine kinase 3 ligand,unknown,C-C motif chemokine 7,Fms-related tyrosine kinase 3 ligand,20214800,The specificity of the anti-GPR177 antisera was ascertained by transfecting a FLAG/6x His-tagged GPR177 cDNA into HEK293 cells.
C-C motif chemokine 7,C-X-C motif chemokine 9,unknown,C-C motif chemokine 7,C-X-C motif chemokine 9,20214800,"A band migrating with the identical molecular mass was detected with anti-FLAG and anti-GPR177 antibodies (Additional file 1, Figure S1B), indicating that the GPR177 antibodies react specifically with GPR177."
C-C motif chemokine 7,Fms-related tyrosine kinase 3 ligand,unknown,C-C motif chemokine 7,Fms-related tyrosine kinase 3 ligand,20214800,"A band migrating with the identical molecular mass was detected with anti-FLAG and anti-GPR177 antibodies (Additional file 1, Figure S1B), indicating that the GPR177 antibodies react specifically with GPR177."
C-X-C motif chemokine 9,Fms-related tyrosine kinase 3 ligand,unknown,C-X-C motif chemokine 9,Fms-related tyrosine kinase 3 ligand,20214800,"A band migrating with the identical molecular mass was detected with anti-FLAG and anti-GPR177 antibodies (Additional file 1, Figure S1B), indicating that the GPR177 antibodies react specifically with GPR177."
C-X-C motif chemokine 10,Fms-related tyrosine kinase 3 ligand,unknown,C-X-C motif chemokine 10,Fms-related tyrosine kinase 3 ligand,26042225,"Subsequent work, however, revealed that uncoating is an archetypal Hsp70 reaction: the cochaperone auxilin, which contains a clathrin binding domain and an Hsc70 binding J domain, recruits Hsc70(*)ATP to the coat and, concomitant with ATP hydrolysis, transfers it to a hydrophobic Hsc70-binding element found on a flexible tail at the C-terminus of the clathrin heavy chain."
C-X-C motif chemokine 10,Fms-related tyrosine kinase 3 ligand,activates,C-X-C motif chemokine 10,Fms-related tyrosine kinase 3 ligand,26042225,"How Hsp110 activity is itself regulated to make Hsc70-free clathrin available for endocytosis is unclear, though at synapses it's possible that the influx of calcium that accompanies depolarization activates the Ca(++)/calmodulin dependent calcineurin phosphatase which then dephosphorylates and activates Hsp110 to stimulate ADP/ATP exchange and release clathrin from Hsc70(*)ADP:clathrin complexes."
C-C motif chemokine 7,Lymphotoxin-alpha,unknown,C-C motif chemokine 7,Lymphotoxin-alpha,26002470,"Consistent with the RNAi results, Wg protein accumulates significantly in the Sec22 homozygous mutant clones (Fig."
Interleukin-2,Lymphotoxin-alpha,unknown,Interleukin-2,Lymphotoxin-alpha,8468462,"We previously reported that human umbilical vein EC provide costimulatory signals to PHA-stimulated PBL via CD2:lymphocyte function-associated Ag-3 and an unidentified ligand pair, resulting in a three- to eight-fold enhancement of IL-2 production."
Interleukin-2,Lymphotoxin-alpha,unknown,Interleukin-2,Lymphotoxin-alpha,8468462,We now report that EC costimulation causes increased levels of IL-2 mRNA as a result of increased IL-2 transcription in PBL.
C-X-C motif chemokine 9,Interleukin-2,unknown,C-X-C motif chemokine 9,Interleukin-2,8468462,"Levels of other nuclear factors involved in IL-2 regulation were not altered by EC, although NFAT-DNA complexes migrated at a slightly different mobility."
C-X-C motif chemokine 9,Lymphotoxin-alpha,unknown,C-X-C motif chemokine 9,Lymphotoxin-alpha,8468462,"Levels of other nuclear factors involved in IL-2 regulation were not altered by EC, although NFAT-DNA complexes migrated at a slightly different mobility."
Interleukin-2,Lymphotoxin-alpha,unknown,Interleukin-2,Lymphotoxin-alpha,8468462,"Levels of other nuclear factors involved in IL-2 regulation were not altered by EC, although NFAT-DNA complexes migrated at a slightly different mobility."
C-C motif chemokine 3,C-C motif chemokine 7,unknown,C-C motif chemokine 3,C-C motif chemokine 7,15060148,"Expression of the neddylation-defective pVHL in RCC cells, while restoring the regulation of HIF, failed to promote the differentiated morphology in a three-dimensional growth assay and was insufficient to suppress the formation of tumors in SCID mice."
C-C motif chemokine 7,Lymphotoxin-alpha,unknown,C-C motif chemokine 7,Lymphotoxin-alpha,15060148,"These results suggest that NEDD8 modification of pVHL plays an important role in fibronectin matrix assembly and that in the absence of such regulation, an intact HIF pathway is insufficient to prevent VHL-associated tumorigenesis."
Interleukin-17F,Lymphotoxin-alpha,unknown,Interleukin-17F,Lymphotoxin-alpha,14990574,"In contrast, the enhanced sensitivity of doa4-10 mutant cells to Top1T722Ap was unrelated to alterations in endocytosis and was selectively suppressed by increased dosage of the ribonucleotide reductase inhibitor Sml1p."
C-C motif chemokine 7,Lymphotoxin-alpha,regulates,C-C motif chemokine 7,Lymphotoxin-alpha,12764130,"pombe cells carrying a weak hypomorphic allele of shk1 together with a tea1 Delta mutation exhibit a cytokinesis defective phenotype that is significantly more severe than that observed in the respective single mutants, providing evidence that Shk1 and Tea1 cooperate to regulate cytokinesis."
C-C motif chemokine 7,Lymphotoxin-alpha,unknown,C-C motif chemokine 7,Lymphotoxin-alpha,18160347,The retromer is a multiprotein complex that mediates endosome-to-Golgi transport of specific sorting receptors.
C-C motif chemokine 7,C-X-C motif chemokine 9,unknown,C-C motif chemokine 7,C-X-C motif chemokine 9,18160347,We show that retromer-dependent recycling of MIG-14/Wls is part of a trafficking pathway that retrieves MIG-14/Wls from the plasma membrane.
C-C motif chemokine 7,C-X-C motif chemokine 10,unknown,C-C motif chemokine 7,C-X-C motif chemokine 10,18596047,"Recent work identified 23 putative palmitoyl transferases containing a conserved DHHC domain in mammalian cells, and here we show that palmitoylation of CSP is enhanced specifically by co-expression of the Golgi-localized palmitoyl transferases DHHC3, DHHC7, DHHC15, or DHHC17."
C-C motif chemokine 7,Lymphotoxin-alpha,unknown,C-C motif chemokine 7,Lymphotoxin-alpha,22405651,elegans results in reduction of specific CRL functions while leaving others unaffected.
C-C motif chemokine 7,Lymphotoxin-alpha,unknown,C-C motif chemokine 7,Lymphotoxin-alpha,26906416,This is consistent with the fact that the subcellular localization of DCNLs in tissue culture cells differs and that they show unique tissue-specific expression patterns in mice.
C-C motif chemokine 7,Lymphotoxin-alpha,unknown,C-C motif chemokine 7,Lymphotoxin-alpha,12388769,"The results obtained with specific inhibitors indicated that PKC-alpha pathway is necessary to mediate the estradiol-induced G1-S progression of HepG2 cells, but it does not exert any effect(s) on cyclin D(1) gene expression."
Interleukin-17F,Lymphotoxin-alpha,unknown,Interleukin-17F,Lymphotoxin-alpha,23431171,"Monocytic leukemia zinc finger (MOZ)/KAT6A is a MOZ, Ybf2/Sas3, Sas2, Tip60 (MYST)-type histone acetyltransferase that functions as a coactivator for acute myeloid leukemia 1 protein (AML1)- and Ets family transcription factor PU.1-dependent transcription."
C-C motif chemokine 7,Lymphotoxin-alpha,unknown,C-C motif chemokine 7,Lymphotoxin-alpha,9315095,"In addition, although GGTI-298 had very little effect on soft agar growth, the combination of FTI-277 and GGTI-298 resulted in significant growth inhibition."
C-C motif chemokine 7,Lymphotoxin-alpha,activates,C-C motif chemokine 7,Lymphotoxin-alpha,31748741,Ensuing alterations in gene expression caused severe mitochondrial defects that rendered adipose-specific PGRMC2-null mice unable to activate adaptive thermogenesis and prone to greater metabolic deterioration when fed a high-fat diet.
C-C motif chemokine 7,C-X-C motif chemokine 9,unknown,C-C motif chemokine 7,C-X-C motif chemokine 9,22274609,"Here we present evidence that in yeast frataxin-deficiency interferes with mitochondrial dynamics, which might therefore be relevant for the pathophysiology of FA."
C-C motif chemokine 7,Lymphotoxin-alpha,unknown,C-C motif chemokine 7,Lymphotoxin-alpha,22031296,"ER, PR, and AR trafficking to the membrane requires receptor palmitoylation by palmitoylacyltransferase (PAT) protein(s)."
C-C motif chemokine 7,Lymphotoxin-alpha,unknown,C-C motif chemokine 7,Lymphotoxin-alpha,18586671,"Consistent with this, the full-length protein is required for maximal inhibition of osteoblast differentiation and osteoclast activation, although the isolated Link module retains significant activity in the latter case."
Lymphotoxin-alpha,Macrophage metalloelastase,unknown,Lymphotoxin-alpha,Macrophage metalloelastase,11359852,It is known that attachment of certain types of lipid side chains to peptides can result in their enhanced immunogenicity.
Fms-related tyrosine kinase 3 ligand,Lymphotoxin-alpha,unknown,Fms-related tyrosine kinase 3 ligand,Lymphotoxin-alpha,26749448,"It was then reasoned that linking the C-terminus of POTRA5 to the N-terminus of BamD with an appropriately long, flexible linker could result in a soluble fusion that allows formation of the native interface while dispensing with the membrane embedded elements that may hinder crystallization."
C-C motif chemokine 7,C-X-C motif chemokine 10,unknown,C-C motif chemokine 7,C-X-C motif chemokine 10,7791785,"Additional copies of SDS22 lead to allele-specific suppression of the glc7-12 mutant, strongly suggesting that the interaction between the two proteins is of functional significance."
C-X-C motif chemokine 9,Fms-related tyrosine kinase 3 ligand,unknown,C-X-C motif chemokine 9,Fms-related tyrosine kinase 3 ligand,10369255,"A polymorphism that affects OCT-1 binding to the TNF promoter region is associated with severe malaria [see comments] 
Genetic variation in cytokine promoter regions is postulated to influence susceptibility to infection, but the molecular mechanisms by which such polymorphisms might affect gene regulation are unknown."
C-C motif chemokine 7,Fms-related tyrosine kinase 3 ligand,unknown,C-C motif chemokine 7,Fms-related tyrosine kinase 3 ligand,12724534,"We report here that two csn1 partially deficient Arabidopsis strains exhibit aberrant development of floral organs, decline of APETALA3 (AP3) expression, and low fertility in addition to defects in shoot and inflorescence meristems."
C-C motif chemokine 7,Fms-related tyrosine kinase 3 ligand,unknown,C-C motif chemokine 7,Fms-related tyrosine kinase 3 ligand,12724534,"Compared with the previously reported csn5 antisense and csn1 null mutants, partial deficiency of CSN1 causes a reduction in the level of CUL1 in the mutant flowers without an obvious defect in CUL1 deneddylation."
C-C motif chemokine 7,Fms-related tyrosine kinase 3 ligand,unknown,C-C motif chemokine 7,Fms-related tyrosine kinase 3 ligand,12583813,"Differential interaction of the tyrosine phosphatases PTP-SL, STEP and HePTP with the mitogen-activated protein kinases ERK1/2 and p38alpha is determined by a kinase specificity sequence and influenced by reducing agents."
C-C motif chemokine 7,Fms-related tyrosine kinase 3 ligand,unknown,C-C motif chemokine 7,Fms-related tyrosine kinase 3 ligand,12583813,"We have found that the binding of these PTPs to the MAPKs extracellular-signal-regulated kinase 1 and 2 (ERK1/2), and p38alpha is differentially determined by the KIM-adjacent C-terminal regions of the PTPs, which have been termed kinase-specificity sequences, and is influenced by reducing agents."
C-X-C motif chemokine 9,Vascular endothelial growth factor A,activates,C-X-C motif chemokine 9,Vascular endothelial growth factor A,15692085,Vascular endothelial growth factor (VEGF) stimulates endothelial cell (EC) migration and proliferation primarily through the VEGF receptor-2 (VEGFR2).
C-C motif chemokine 7,Vascular endothelial growth factor A,unknown,C-C motif chemokine 7,Vascular endothelial growth factor A,15692085,"The small GTPase ARF6 is involved in membrane trafficking and cell motility; however, its roles in VEGF signaling and physiological responses in ECs are unknown."
Lymphotoxin-alpha,Vascular endothelial growth factor A,unknown,Lymphotoxin-alpha,Vascular endothelial growth factor A,15692085,"VEGF stimulation results in the release of VEGFR2 from caveolae/lipid rafts and caveolin-1 without affecting localization of ARF6, Rac1, or caveolin-1 in these fractions."
C-C motif chemokine 7,Vascular endothelial growth factor A,inhibits,C-C motif chemokine 7,Vascular endothelial growth factor A,15692085,ARF6(T27N) significantly inhibits both VEGF-induced responses.
Fms-related tyrosine kinase 3 ligand,Vascular endothelial growth factor A,unknown,Fms-related tyrosine kinase 3 ligand,Vascular endothelial growth factor A,15692085,Immunofluorescence studies show that activated VEGFR2 and phosphocaveolin colocalize at focal complexes/adhesions after VEGF stimulation.
C-X-C motif chemokine 9,Vascular endothelial growth factor A,inhibits,C-X-C motif chemokine 9,Vascular endothelial growth factor A,15692085,"Both overexpression of ARF6(T27N) and mutant caveolin-1(Y14F), which cannot be phosphorylated, block VEGF-stimulated EC migration and proliferation."
Lymphotoxin-alpha,Macrophage metalloelastase,unknown,Lymphotoxin-alpha,Macrophage metalloelastase,23543736,Inhibition of the interaction between UCH-L1 and cell cycle-associated CDK resulted in the abolishment of UCH-L1-induced enhancement of cell proliferation.
C-C motif chemokine 7,Lymphotoxin-alpha,unknown,C-C motif chemokine 7,Lymphotoxin-alpha,15226418,Our results suggests that N-terminal ubiquitination is a more prevalent modification than originally recognized.
C-C motif chemokine 7,Fms-related tyrosine kinase 3 ligand,unknown,C-C motif chemokine 7,Fms-related tyrosine kinase 3 ligand,18220415,"Specific ion influences on self-association of pyruvate dehydrogenase kinase isoform 2 (PDHK2), binding of PDHK2 to the L2 lipoyl domain, and effects of the lipoyl group-binding site inhibitor, Nov3r."
C-C motif chemokine 7,Fms-related tyrosine kinase 3 ligand,unknown,C-C motif chemokine 7,Fms-related tyrosine kinase 3 ligand,21539536,"Briefly, 3 x 106 cells were incubated in 100 mul of Nucleofector solution with si-KLF4 [100 and 300 nmol/l] or Scr [100 nmol/l] control; all samples were also treated with 2 mug of the pMAxGFP reporter (Amaxa) to monitor transfection efficiency."
Interleukin-2,Lymphotoxin-alpha,unknown,Interleukin-2,Lymphotoxin-alpha,7673240,These results suggest a critical role of the ZIP site for IL-2 promoter activity.
C-C motif chemokine 7,Lymphotoxin-alpha,unknown,C-C motif chemokine 7,Lymphotoxin-alpha,10793159,"Many of the most benomyl-sensitive tub1 alleles were synthetically lethal in combination with tub3Delta, supporting the idea that benomyl supersensitivity is a rough measure of microtubule instability and/or insufficiency in the amount of alpha-tubulin."
