Protein1,Protein2,Relation_type,UniProtId_1,UniProtId_2,PubMedID,Sentence
IL-6,STAT3,Positive_regulation,P05231,NA,21994466_10,"SW480 cells were used for the majority of studies because our prior studies demonstrated that these cells are responsive to both IL-6 and TNFalpha, which robustly activate STAT3 and NFkappaB, respectively"
IL-6,TNFR2,Positive_regulation,P05231,NA,21994466_10,"Given prior findings that both IL-6 and TNFalpha were required to induce TNFR2, cells were treated with recombinant human IL-6 and/or TNFalpha (Peprotech) at 50ng/mL in serum-free medium"
ETS1,GM-CSF,Regulation_of_transcription,NA,P04141,7478534,ETS1 transactivates the human GM-CSF promoter in Jurkat T cells stimulated with PMA and ionomycin
ETS1,GM-CSF,Regulation_of_transcription,NA,P04141,7478534,"A number of the ETS family of transcription factors are expressed in T cells, including ETS1 and ELF1. Here we describe the ability of these factors to interact with a site (GM5), located within the CLE0 element, -47 to -40 upstream of the GM-CSF transcription initiation site"
ELF1,GM-CSF,Regulation_of_transcription,NA,P04141,7478534,"A number of the ETS family of transcription factors are expressed in T cells, including ETS1 and ELF1. Here we describe the ability of these factors to interact with a site (GM5), located within the CLE0 element, -47 to -40 upstream of the GM-CSF transcription initiation site"
ETS1,GM-CSF,Regulation_of_transcription,NA,P04141,7478534,"Exogenous ETS1, but not ELF1, can transactivate GM-CSF, through the GM5 site, in a PMA/ionomycin dependent manner"
ETS1,GM-CSF,Regulation_of_transcription,NA,P04141,7478534,"The GM-CSF promoter, modified in this way to be ETS1 specific, is fully responsive to PMA/ionomycin induction, in addition to ETS1 transactivation in the presence of PMA and ionomycin"
ETS1,GM-CSF,Regulation_of_transcription,NA,P04141,7478534,"The GM-CSF promoter, modified in this way to be ETS1 specific, is fully responsive to PMA/ionomycin induction, in addition to ETS1 transactivation in the presence of PMA and ionomycin"
ETS1,GM-CSF,Positive_regulation,NA,P04141,7478534,ETS1 transactivates the human GM-CSF promoter in Jurkat T cells stimulated with PMA and ionomycin
ETS1,GM-CSF,Positive_regulation,NA,P04141,7478534,"Exogenous ETS1, but not ELF1, can transactivate GM-CSF, through the GM5 site, in a PMA/ionomycin dependent manner"
ETS1,GM-CSF,Positive_regulation,NA,P04141,7478534,"The GM-CSF promoter, modified in this way to be ETS1 specific, is fully responsive to PMA/ionomycin induction, in addition to ETS1 transactivation in the presence of PMA and ionomycin"
ETS1,GM-CSF,Positive_regulation,NA,P04141,7478534,Together these data suggest that ETS1 may be involved in mediating the increased GM-CSF production associated with T cell activation
ELL,P-TEFb,Complex_formation,P60568,NA,20159561_2,"SEC includes ELL, P-TEFb, AFF4, and several other factors"
ELL,AFF4,Complex_formation,P60568,NA,20159561_2,"SEC includes ELL, P-TEFb, AFF4, and several other factors"
Toll-interacting protein,TNF-alpha,Out-of-scope,NA,P01375,19656901,"LPS-tolerant cells showed increased expression of negative regulators Toll-interacting protein (Tollip), suppressor of cytokine signaling (SOCS)-1, IL-1R-associated kinase-M, and SHIP-1, which correlated with reduced p38 phosphorylation, IkappaB-alpha degradation, and inhibited expression of TNF-alpha, IL-6, and IL-8"
Toll-interacting protein,IL-6,Out-of-scope,NA,P05231,19656901,"LPS-tolerant cells showed increased expression of negative regulators Toll-interacting protein (Tollip), suppressor of cytokine signaling (SOCS)-1, IL-1R-associated kinase-M, and SHIP-1, which correlated with reduced p38 phosphorylation, IkappaB-alpha degradation, and inhibited expression of TNF-alpha, IL-6, and IL-8"
IL-1R-associated kinase-M,TNF-alpha,Out-of-scope,NA,P01375,19656901,"LPS-tolerant cells showed increased expression of negative regulators Toll-interacting protein (Tollip), suppressor of cytokine signaling (SOCS)-1, IL-1R-associated kinase-M, and SHIP-1, which correlated with reduced p38 phosphorylation, IkappaB-alpha degradation, and inhibited expression of TNF-alpha, IL-6, and IL-8"
IL-1R-associated kinase-M,IL-6,Out-of-scope,NA,P05231,19656901,"LPS-tolerant cells showed increased expression of negative regulators Toll-interacting protein (Tollip), suppressor of cytokine signaling (SOCS)-1, IL-1R-associated kinase-M, and SHIP-1, which correlated with reduced p38 phosphorylation, IkappaB-alpha degradation, and inhibited expression of TNF-alpha, IL-6, and IL-8"
SHIP-1,TNF-alpha,Out-of-scope,NA,P01375,19656901,"LPS-tolerant cells showed increased expression of negative regulators Toll-interacting protein (Tollip), suppressor of cytokine signaling (SOCS)-1, IL-1R-associated kinase-M, and SHIP-1, which correlated with reduced p38 phosphorylation, IkappaB-alpha degradation, and inhibited expression of TNF-alpha, IL-6, and IL-8"
SHIP-1,IL-6,Out-of-scope,NA,P05231,19656901,"LPS-tolerant cells showed increased expression of negative regulators Toll-interacting protein (Tollip), suppressor of cytokine signaling (SOCS)-1, IL-1R-associated kinase-M, and SHIP-1, which correlated with reduced p38 phosphorylation, IkappaB-alpha degradation, and inhibited expression of TNF-alpha, IL-6, and IL-8"
suppressor of cytokine signaling (SOCS)-1,TNF-alpha,Out-of-scope,NA,P01375,19656901,"LPS-tolerant cells showed increased expression of negative regulators Toll-interacting protein (Tollip), suppressor of cytokine signaling (SOCS)-1, IL-1R-associated kinase-M, and SHIP-1, which correlated with reduced p38 phosphorylation, IkappaB-alpha degradation, and inhibited expression of TNF-alpha, IL-6, and IL-8"
suppressor of cytokine signaling (SOCS)-1,IL-6,Out-of-scope,NA,P05231,19656901,"LPS-tolerant cells showed increased expression of negative regulators Toll-interacting protein (Tollip), suppressor of cytokine signaling (SOCS)-1, IL-1R-associated kinase-M, and SHIP-1, which correlated with reduced p38 phosphorylation, IkappaB-alpha degradation, and inhibited expression of TNF-alpha, IL-6, and IL-8"
Toll-interacting protein,TNF-alpha,Out-of-scope,NA,P01375,19656901,"LPS-tolerant cells showed increased expression of negative regulators Toll-interacting protein (Tollip), suppressor of cytokine signaling (SOCS)-1, IL-1R-associated kinase-M, and SHIP-1, which correlated with reduced p38 phosphorylation, IkappaB-alpha degradation, and inhibited expression of TNF-alpha, IL-6, and IL-8"
Toll-interacting protein,IL-6,Out-of-scope,NA,P05231,19656901,"LPS-tolerant cells showed increased expression of negative regulators Toll-interacting protein (Tollip), suppressor of cytokine signaling (SOCS)-1, IL-1R-associated kinase-M, and SHIP-1, which correlated with reduced p38 phosphorylation, IkappaB-alpha degradation, and inhibited expression of TNF-alpha, IL-6, and IL-8"
suppressor of cytokine signaling (SOCS)-1,TNF-alpha,Out-of-scope,NA,P01375,19656901,"LPS-tolerant cells showed increased expression of negative regulators Toll-interacting protein (Tollip), suppressor of cytokine signaling (SOCS)-1, IL-1R-associated kinase-M, and SHIP-1, which correlated with reduced p38 phosphorylation, IkappaB-alpha degradation, and inhibited expression of TNF-alpha, IL-6, and IL-8"
suppressor of cytokine signaling (SOCS)-1,IL-6,Out-of-scope,NA,P05231,19656901,"LPS-tolerant cells showed increased expression of negative regulators Toll-interacting protein (Tollip), suppressor of cytokine signaling (SOCS)-1, IL-1R-associated kinase-M, and SHIP-1, which correlated with reduced p38 phosphorylation, IkappaB-alpha degradation, and inhibited expression of TNF-alpha, IL-6, and IL-8"
IL-1R-associated kinase-M,TNF-alpha,Out-of-scope,NA,P01375,19656901,"LPS-tolerant cells showed increased expression of negative regulators Toll-interacting protein (Tollip), suppressor of cytokine signaling (SOCS)-1, IL-1R-associated kinase-M, and SHIP-1, which correlated with reduced p38 phosphorylation, IkappaB-alpha degradation, and inhibited expression of TNF-alpha, IL-6, and IL-8"
IL-1R-associated kinase-M,IL-6,Out-of-scope,NA,P05231,19656901,"LPS-tolerant cells showed increased expression of negative regulators Toll-interacting protein (Tollip), suppressor of cytokine signaling (SOCS)-1, IL-1R-associated kinase-M, and SHIP-1, which correlated with reduced p38 phosphorylation, IkappaB-alpha degradation, and inhibited expression of TNF-alpha, IL-6, and IL-8"
SHIP-1,TNF-alpha,Out-of-scope,NA,P01375,19656901,"LPS-tolerant cells showed increased expression of negative regulators Toll-interacting protein (Tollip), suppressor of cytokine signaling (SOCS)-1, IL-1R-associated kinase-M, and SHIP-1, which correlated with reduced p38 phosphorylation, IkappaB-alpha degradation, and inhibited expression of TNF-alpha, IL-6, and IL-8"
SHIP-1,IL-6,Out-of-scope,NA,P05231,19656901,"LPS-tolerant cells showed increased expression of negative regulators Toll-interacting protein (Tollip), suppressor of cytokine signaling (SOCS)-1, IL-1R-associated kinase-M, and SHIP-1, which correlated with reduced p38 phosphorylation, IkappaB-alpha degradation, and inhibited expression of TNF-alpha, IL-6, and IL-8"
Catsup,TH,Complex_formation,NA,P60568,21985068_5,"We find that Catsup acts to negatively regulate BH4 and DA synthesis pathways through physical interactions with the rate-limiting enzymes of both pathways, GTP cyclohydrolase I (GTPCH; EC3.5.4.16) and TH, respectively"
BMP-2,5,Positive_regulation,NA,P09919,15150273,"Menin was co-immunoprecipitated with Smad1/5 in ST2 and MC3T3-E1 cells, and inactivation of menin antagonized BMP-2-induced transcriptional activity of Smad1/5 in ST2 cells, but not MC3T3-E1 cells"
BMP-2,5,Regulation_of_transcription,NA,P09919,15150273,"Menin was co-immunoprecipitated with Smad1/5 in ST2 and MC3T3-E1 cells, and inactivation of menin antagonized BMP-2-induced transcriptional activity of Smad1/5 in ST2 cells, but not MC3T3-E1 cells"
Menin,5,Complex_formation,NA,P09919,15150273,"Menin was co-immunoprecipitated with Smad1/5 in ST2 and MC3T3-E1 cells, and inactivation of menin antagonized BMP-2-induced transcriptional activity of Smad1/5 in ST2 cells, but not MC3T3-E1 cells"
RelA,p105,Complex_formation,O95760,NA,8649779,"Interestingly, the processing rate of p105 is markedly inhibited in cells co-transfected with p50 or other NF-kappaB subunits, including RelA and c-Rel, that physically interact with p105"
c-Rel,RelA,Complex_formation,NA,O95760,8649779,"Interestingly, the processing rate of p105 is markedly inhibited in cells co-transfected with p50 or other NF-kappaB subunits, including RelA and c-Rel, that physically interact with p105"
RelA,p50,Complex_formation,O95760,NA,8649779,"Interestingly, the processing rate of p105 is markedly inhibited in cells co-transfected with p50 or other NF-kappaB subunits, including RelA and c-Rel, that physically interact with p105"
RelA,p105,Regulation,O95760,NA,8649779,"Interestingly, the processing rate of p105 is markedly inhibited in cells co-transfected with p50 or other NF-kappaB subunits, including RelA and c-Rel, that physically interact with p105"
LSM1,7,Complex_formation,NA,Q16552,25480299_42,""" The LSM1-7 complex and DIS3L2 are likely candidates that recognize the oligo-U marks, but further investigations will be necessary to understand which factor(s) recognize the oligo-U-tails mainly, whether there is any additional factor(s) that binds to the oligo-U-tails, and what is the molecular basis of the specific recognition"
Protein Arginine Methyltransferase 1,Smurf2,Catalysis_of_methylation,P14210,NA,26126536,Protein Arginine Methyltransferase 1 Methylates Smurf2
CD2,LFA-3,Complex_formation,P50591,NA,1680914,"These studies suggest that interaction of CD2 with its natural ligand, LFA-3, may play a role in regulation of HIV expression"
OC,osteocalcin,Out-of-scope,P13500,NA,12409510,"In this study, we measured gamma-carboxylated osteocalcin (Gla-OC) and non- or undercarboxylated osteocalcin (Glu-OC) separately, and examined the effects of vitamin K on osteocalcin metabolism"
TNF,TNFR1,Out-of-scope,P01374,NA,22675546_10,7K-optineurin complex was also detectable without stimulation while recruitment to the TNFR1 complex and ubiquitination of TNFR1-associated RIP1 were dependent on TNF treatment
TNF,RIP1,Out-of-scope,P01374,NA,22675546_10,7K-optineurin complex was also detectable without stimulation while recruitment to the TNFR1 complex and ubiquitination of TNFR1-associated RIP1 were dependent on TNF treatment
2,Fli-I,Complex_formation,P13500,NA,16990252_6,"To understand the roles of Fli-I LRR, two independent groups identified interacting proteins by yeast two-hybrid screening. These include mouse Fli-I LRR associating protein 1 (FLAP1) and human LRR Fli-I interacting proteins 1 and 2 (LRRFIP1 and 2)"
EGF,hSpry2,Out-of-scope,P01133,NA,12593796,"EGF stimulation induces the tyrosine phosphorylation of hSpry2, which in turn enhances the interaction of hSpry2 with c-Cbl"
EGF,hSpry2,Positive_regulation,P01133,NA,12593796,"EGF stimulation induces the tyrosine phosphorylation of hSpry2, which in turn enhances the interaction of hSpry2 with c-Cbl"
EGF,c-Cbl,Positive_regulation,P01133,NA,12593796,"EGF stimulation induces the tyrosine phosphorylation of hSpry2, which in turn enhances the interaction of hSpry2 with c-Cbl"
EGFR,sodium/glucose cotransporter 1,Complex_formation,P01133,NA,18455122,"We report here that in human cancer cells, the function of kinase-independent EGFR is to prevent autophagic cell death by maintaining intracellular glucose level through interaction and stabilization of the sodium/glucose cotransporter 1 (SGLT1)"
EGFR,sodium/glucose cotransporter 1,Positive_regulation,P01133,NA,18455122,"We report here that in human cancer cells, the function of kinase-independent EGFR is to prevent autophagic cell death by maintaining intracellular glucose level through interaction and stabilization of the sodium/glucose cotransporter 1 (SGLT1)"
9,Smad1,Catalysis_of_phosphorylation,Q99731,NA,19914168_73,(I) Schematic representation of the recruitment of YAP upon CDK8/9-mediated linker phosphorylation of Smad1
Hsp90,EGFR,Complex_formation,NA,P01133,20039095,"The sensitization was associated with persistent depletion of Hsp90 client proteins (EGFR, Raf-1, Akt, and survivin)"
Stx1A,P2,Complex_formation,NA,Q8NEV9,21907821,"Stx1A was less toxic and depurinated ribosomes less in P0DeltaAB, suggesting that intact binding sites for P1/P2 were critical"
alpha B2,GM-CSF,Regulation_of_transcription,NA,P04141,7605990,"PEBP2 alpha A1, alpha B1, and alpha B2 proteins bound the PEBP2 site within the mouse GM-CSF promoter"
alpha B1,GM-CSF,Regulation_of_transcription,NA,P04141,7605990,"PEBP2 alpha A1, alpha B1, and alpha B2 proteins bound the PEBP2 site within the mouse GM-CSF promoter"
PEBP2 alpha A1,GM-CSF,Regulation_of_transcription,NA,P04141,7605990,"PEBP2 alpha A1, alpha B1, and alpha B2 proteins bound the PEBP2 site within the mouse GM-CSF promoter"
alpha B1,GM-CSF,Regulation_of_transcription,NA,P04141,7605990,PEBP2 alpha A1 and alpha B1 enhanced the expression of the GM-CSF promoter-driven reporter plasmid in unstimulated and 12-O-tetradecanoylphorbol 13-acetate/phytohemagglutinin-stimulated human Jurkat T cells
PEBP2 alpha A1,GM-CSF,Regulation_of_transcription,NA,P04141,7605990,PEBP2 alpha A1 and alpha B1 enhanced the expression of the GM-CSF promoter-driven reporter plasmid in unstimulated and 12-O-tetradecanoylphorbol 13-acetate/phytohemagglutinin-stimulated human Jurkat T cells
PEBP2 alpha A1,GM-CSF,Positive_regulation,NA,P04141,7605990,PEBP2 alpha A1 and alpha B1 enhanced the expression of the GM-CSF promoter-driven reporter plasmid in unstimulated and 12-O-tetradecanoylphorbol 13-acetate/phytohemagglutinin-stimulated human Jurkat T cells
alpha B1,GM-CSF,Positive_regulation,NA,P04141,7605990,PEBP2 alpha A1 and alpha B1 enhanced the expression of the GM-CSF promoter-driven reporter plasmid in unstimulated and 12-O-tetradecanoylphorbol 13-acetate/phytohemagglutinin-stimulated human Jurkat T cells
alpha B2,GM-CSF,Regulation_of_transcription,NA,P04141,7605990,"PEBP2 alpha A1 and alpha B1 enhanced the expression of the GM-CSF promoter-driven reporter plasmid in unstimulated and 12-O-tetradecanoylphorbol 13-acetate/phytohemagglutinin-stimulated human Jurkat T cells. In contrast, the promoter activity was suppressed by alpha B2"
alpha B2,GM-CSF,Negative_regulation,NA,P04141,7605990,"PEBP2 alpha A1 and alpha B1 enhanced the expression of the GM-CSF promoter-driven reporter plasmid in unstimulated and 12-O-tetradecanoylphorbol 13-acetate/phytohemagglutinin-stimulated human Jurkat T cells. In contrast, the promoter activity was suppressed by alpha B2"
MDM2,AR,Catalysis_of_ubiquitination,NA,P78380,24056413,"We and others have shown that the AR is ubiquitinated by a number of E3 ubiquitin ligases, including MDM2, CHIP, and NEDD4, which can result in its proteosomal degradation or enhanced transcriptional activity"
CHIP,AR,Catalysis_of_ubiquitination,NA,P78380,24056413,"We and others have shown that the AR is ubiquitinated by a number of E3 ubiquitin ligases, including MDM2, CHIP, and NEDD4, which can result in its proteosomal degradation or enhanced transcriptional activity"
NEDD4,AR,Catalysis_of_ubiquitination,NA,P78380,24056413,"We and others have shown that the AR is ubiquitinated by a number of E3 ubiquitin ligases, including MDM2, CHIP, and NEDD4, which can result in its proteosomal degradation or enhanced transcriptional activity"
MDM2,AR,Regulation_of_degradation,NA,P78380,24056413,"We and others have shown that the AR is ubiquitinated by a number of E3 ubiquitin ligases, including MDM2, CHIP, and NEDD4, which can result in its proteosomal degradation or enhanced transcriptional activity"
CHIP,AR,Regulation_of_degradation,NA,P78380,24056413,"We and others have shown that the AR is ubiquitinated by a number of E3 ubiquitin ligases, including MDM2, CHIP, and NEDD4, which can result in its proteosomal degradation or enhanced transcriptional activity"
NEDD4,AR,Regulation_of_degradation,NA,P78380,24056413,"We and others have shown that the AR is ubiquitinated by a number of E3 ubiquitin ligases, including MDM2, CHIP, and NEDD4, which can result in its proteosomal degradation or enhanced transcriptional activity"
ubiquitin-specific protease 12,AR,Positive_regulation,NA,P78380,24056413,We performed an siRNA screen to identify deubiquitinating enzymes that regulate AR; in that screen ubiquitin-specific protease 12 (Usp12) was identified as a novel positive regulator of AR
Usp12,AR,Catalysis_of_deubiquitination,NA,P78380,24056413,"In this report we demonstrate that Usp12, in complex with Uaf-1 and WDR20, deubiquitinates the AR to enhance receptor stability and transcriptional activity"
Usp12,AR,Positive_regulation,NA,P78380,24056413,"In this report we demonstrate that Usp12, in complex with Uaf-1 and WDR20, deubiquitinates the AR to enhance receptor stability and transcriptional activity"
Usp12,AR,Positive_regulation,NA,P78380,24056413,Our data show that Usp12 acts in a pro-proliferative manner by stabilizing AR and enhancing its cellular function
MDM2,AR,Regulation,NA,P78380,24056413,"We and others have shown that the AR is ubiquitinated by a number of E3 ubiquitin ligases, including MDM2, CHIP, and NEDD4, which can result in its proteosomal degradation or enhanced transcriptional activity"
CHIP,AR,Regulation,NA,P78380,24056413,"We and others have shown that the AR is ubiquitinated by a number of E3 ubiquitin ligases, including MDM2, CHIP, and NEDD4, which can result in its proteosomal degradation or enhanced transcriptional activity"
NEDD4,AR,Regulation,NA,P78380,24056413,"We and others have shown that the AR is ubiquitinated by a number of E3 ubiquitin ligases, including MDM2, CHIP, and NEDD4, which can result in its proteosomal degradation or enhanced transcriptional activity"
MDM2,AR,Negative_regulation,NA,P78380,24056413,"We and others have shown that the AR is ubiquitinated by a number of E3 ubiquitin ligases, including MDM2, CHIP, and NEDD4, which can result in its proteosomal degradation or enhanced transcriptional activity"
CHIP,AR,Negative_regulation,NA,P78380,24056413,"We and others have shown that the AR is ubiquitinated by a number of E3 ubiquitin ligases, including MDM2, CHIP, and NEDD4, which can result in its proteosomal degradation or enhanced transcriptional activity"
NEDD4,AR,Negative_regulation,NA,P78380,24056413,"We and others have shown that the AR is ubiquitinated by a number of E3 ubiquitin ligases, including MDM2, CHIP, and NEDD4, which can result in its proteosomal degradation or enhanced transcriptional activity"
RelA,NF-kappa B1,Complex_formation,O95760,NA,8108414,"Subsequent studies have revealed that (i) cytoplasmic RelA is stably associated not only with I kappa B alpha but also with other ankyrin motif-rich proteins including the products of the NF-kappa B2 (p100) and NF-kappa B1 (p105) genes; (ii) in contrast to RelA-I kappa B alpha, RelA-p100 cytoplasmic complexes are not dissociated following tumor necrosis factor alpha activation; (iii) p100 functions as a potent inhibitor of RelA-mediated transcription in vivo; (iv) the interaction of RelA and p100 involves the conserved Rel homology domain of both proteins but not the nuclear localization signal of RelA, which is required for I kappa B alpha binding; (v) p100 inhibition of RelA function requires the C-terminal ankyrin motif domain, which mediates cytoplasmic retention of RelA; and (vi) as observed with I kappa B alpha, nuclear RelA stimulates p100 mRNA and protein expression"
RelA,I kappa B alpha,Complex_formation,O95760,NA,8108414,"Subsequent studies have revealed that (i) cytoplasmic RelA is stably associated not only with I kappa B alpha but also with other ankyrin motif-rich proteins including the products of the NF-kappa B2 (p100) and NF-kappa B1 (p105) genes; (ii) in contrast to RelA-I kappa B alpha, RelA-p100 cytoplasmic complexes are not dissociated following tumor necrosis factor alpha activation; (iii) p100 functions as a potent inhibitor of RelA-mediated transcription in vivo; (iv) the interaction of RelA and p100 involves the conserved Rel homology domain of both proteins but not the nuclear localization signal of RelA, which is required for I kappa B alpha binding; (v) p100 inhibition of RelA function requires the C-terminal ankyrin motif domain, which mediates cytoplasmic retention of RelA; and (vi) as observed with I kappa B alpha, nuclear RelA stimulates p100 mRNA and protein expression"
RelA,NF-kappa B2,Complex_formation,O95760,NA,8108414,"Subsequent studies have revealed that (i) cytoplasmic RelA is stably associated not only with I kappa B alpha but also with other ankyrin motif-rich proteins including the products of the NF-kappa B2 (p100) and NF-kappa B1 (p105) genes; (ii) in contrast to RelA-I kappa B alpha, RelA-p100 cytoplasmic complexes are not dissociated following tumor necrosis factor alpha activation; (iii) p100 functions as a potent inhibitor of RelA-mediated transcription in vivo; (iv) the interaction of RelA and p100 involves the conserved Rel homology domain of both proteins but not the nuclear localization signal of RelA, which is required for I kappa B alpha binding; (v) p100 inhibition of RelA function requires the C-terminal ankyrin motif domain, which mediates cytoplasmic retention of RelA; and (vi) as observed with I kappa B alpha, nuclear RelA stimulates p100 mRNA and protein expression"
RelA,p100,Complex_formation,O95760,NA,8108414,"Subsequent studies have revealed that (i) cytoplasmic RelA is stably associated not only with I kappa B alpha but also with other ankyrin motif-rich proteins including the products of the NF-kappa B2 (p100) and NF-kappa B1 (p105) genes; (ii) in contrast to RelA-I kappa B alpha, RelA-p100 cytoplasmic complexes are not dissociated following tumor necrosis factor alpha activation; (iii) p100 functions as a potent inhibitor of RelA-mediated transcription in vivo; (iv) the interaction of RelA and p100 involves the conserved Rel homology domain of both proteins but not the nuclear localization signal of RelA, which is required for I kappa B alpha binding; (v) p100 inhibition of RelA function requires the C-terminal ankyrin motif domain, which mediates cytoplasmic retention of RelA; and (vi) as observed with I kappa B alpha, nuclear RelA stimulates p100 mRNA and protein expression"
RelA,I kappa B alpha,Complex_formation,O95760,NA,8108414,"Subsequent studies have revealed that (i) cytoplasmic RelA is stably associated not only with I kappa B alpha but also with other ankyrin motif-rich proteins including the products of the NF-kappa B2 (p100) and NF-kappa B1 (p105) genes; (ii) in contrast to RelA-I kappa B alpha, RelA-p100 cytoplasmic complexes are not dissociated following tumor necrosis factor alpha activation; (iii) p100 functions as a potent inhibitor of RelA-mediated transcription in vivo; (iv) the interaction of RelA and p100 involves the conserved Rel homology domain of both proteins but not the nuclear localization signal of RelA, which is required for I kappa B alpha binding; (v) p100 inhibition of RelA function requires the C-terminal ankyrin motif domain, which mediates cytoplasmic retention of RelA; and (vi) as observed with I kappa B alpha, nuclear RelA stimulates p100 mRNA and protein expression"
RelA,p100,Complex_formation,O95760,NA,8108414,"Subsequent studies have revealed that (i) cytoplasmic RelA is stably associated not only with I kappa B alpha but also with other ankyrin motif-rich proteins including the products of the NF-kappa B2 (p100) and NF-kappa B1 (p105) genes; (ii) in contrast to RelA-I kappa B alpha, RelA-p100 cytoplasmic complexes are not dissociated following tumor necrosis factor alpha activation; (iii) p100 functions as a potent inhibitor of RelA-mediated transcription in vivo; (iv) the interaction of RelA and p100 involves the conserved Rel homology domain of both proteins but not the nuclear localization signal of RelA, which is required for I kappa B alpha binding; (v) p100 inhibition of RelA function requires the C-terminal ankyrin motif domain, which mediates cytoplasmic retention of RelA; and (vi) as observed with I kappa B alpha, nuclear RelA stimulates p100 mRNA and protein expression"
RelA,I kappa B alpha,Complex_formation,O95760,NA,8108414,"Subsequent studies have revealed that (i) cytoplasmic RelA is stably associated not only with I kappa B alpha but also with other ankyrin motif-rich proteins including the products of the NF-kappa B2 (p100) and NF-kappa B1 (p105) genes; (ii) in contrast to RelA-I kappa B alpha, RelA-p100 cytoplasmic complexes are not dissociated following tumor necrosis factor alpha activation; (iii) p100 functions as a potent inhibitor of RelA-mediated transcription in vivo; (iv) the interaction of RelA and p100 involves the conserved Rel homology domain of both proteins but not the nuclear localization signal of RelA, which is required for I kappa B alpha binding; (v) p100 inhibition of RelA function requires the C-terminal ankyrin motif domain, which mediates cytoplasmic retention of RelA; and (vi) as observed with I kappa B alpha, nuclear RelA stimulates p100 mRNA and protein expression"
RelA,p100,Regulation_of_gene_expression,O95760,NA,8108414,"Subsequent studies have revealed that (i) cytoplasmic RelA is stably associated not only with I kappa B alpha but also with other ankyrin motif-rich proteins including the products of the NF-kappa B2 (p100) and NF-kappa B1 (p105) genes; (ii) in contrast to RelA-I kappa B alpha, RelA-p100 cytoplasmic complexes are not dissociated following tumor necrosis factor alpha activation; (iii) p100 functions as a potent inhibitor of RelA-mediated transcription in vivo; (iv) the interaction of RelA and p100 involves the conserved Rel homology domain of both proteins but not the nuclear localization signal of RelA, which is required for I kappa B alpha binding; (v) p100 inhibition of RelA function requires the C-terminal ankyrin motif domain, which mediates cytoplasmic retention of RelA; and (vi) as observed with I kappa B alpha, nuclear RelA stimulates p100 mRNA and protein expression"
tumor necrosis factor alpha,RelA,Out-of-scope,NA,O95760,8108414,"Subsequent studies have revealed that (i) cytoplasmic RelA is stably associated not only with I kappa B alpha but also with other ankyrin motif-rich proteins including the products of the NF-kappa B2 (p100) and NF-kappa B1 (p105) genes; (ii) in contrast to RelA-I kappa B alpha, RelA-p100 cytoplasmic complexes are not dissociated following tumor necrosis factor alpha activation; (iii) p100 functions as a potent inhibitor of RelA-mediated transcription in vivo; (iv) the interaction of RelA and p100 involves the conserved Rel homology domain of both proteins but not the nuclear localization signal of RelA, which is required for I kappa B alpha binding; (v) p100 inhibition of RelA function requires the C-terminal ankyrin motif domain, which mediates cytoplasmic retention of RelA; and (vi) as observed with I kappa B alpha, nuclear RelA stimulates p100 mRNA and protein expression"
tumor necrosis factor alpha,RelA,Negative_regulation,NA,O95760,8108414,"Subsequent studies have revealed that (i) cytoplasmic RelA is stably associated not only with I kappa B alpha but also with other ankyrin motif-rich proteins including the products of the NF-kappa B2 (p100) and NF-kappa B1 (p105) genes; (ii) in contrast to RelA-I kappa B alpha, RelA-p100 cytoplasmic complexes are not dissociated following tumor necrosis factor alpha activation; (iii) p100 functions as a potent inhibitor of RelA-mediated transcription in vivo; (iv) the interaction of RelA and p100 involves the conserved Rel homology domain of both proteins but not the nuclear localization signal of RelA, which is required for I kappa B alpha binding; (v) p100 inhibition of RelA function requires the C-terminal ankyrin motif domain, which mediates cytoplasmic retention of RelA; and (vi) as observed with I kappa B alpha, nuclear RelA stimulates p100 mRNA and protein expression"
p100,RelA,Negative_regulation,NA,O95760,8108414,"Subsequent studies have revealed that (i) cytoplasmic RelA is stably associated not only with I kappa B alpha but also with other ankyrin motif-rich proteins including the products of the NF-kappa B2 (p100) and NF-kappa B1 (p105) genes; (ii) in contrast to RelA-I kappa B alpha, RelA-p100 cytoplasmic complexes are not dissociated following tumor necrosis factor alpha activation; (iii) p100 functions as a potent inhibitor of RelA-mediated transcription in vivo; (iv) the interaction of RelA and p100 involves the conserved Rel homology domain of both proteins but not the nuclear localization signal of RelA, which is required for I kappa B alpha binding; (v) p100 inhibition of RelA function requires the C-terminal ankyrin motif domain, which mediates cytoplasmic retention of RelA; and (vi) as observed with I kappa B alpha, nuclear RelA stimulates p100 mRNA and protein expression"
p100,RelA,Negative_regulation,NA,O95760,8108414,"Subsequent studies have revealed that (i) cytoplasmic RelA is stably associated not only with I kappa B alpha but also with other ankyrin motif-rich proteins including the products of the NF-kappa B2 (p100) and NF-kappa B1 (p105) genes; (ii) in contrast to RelA-I kappa B alpha, RelA-p100 cytoplasmic complexes are not dissociated following tumor necrosis factor alpha activation; (iii) p100 functions as a potent inhibitor of RelA-mediated transcription in vivo; (iv) the interaction of RelA and p100 involves the conserved Rel homology domain of both proteins but not the nuclear localization signal of RelA, which is required for I kappa B alpha binding; (v) p100 inhibition of RelA function requires the C-terminal ankyrin motif domain, which mediates cytoplasmic retention of RelA; and (vi) as observed with I kappa B alpha, nuclear RelA stimulates p100 mRNA and protein expression"
STING,transferrin receptor,Regulation,NA,P14210,19776740_10,"We further observed that in the presence of DNA, STING mostly localized with the early endosome marker protein EEA1 and recycling endosome marker transferrin receptor (TFR; Fig"
TA,subunit 4,Complex_formation,Q99731,NA,21102408,"In this study, we identified a novel-binding partner of TA, the subunit 4 (CSN4) of CSN signalosome"
TA,CSN4,Complex_formation,Q99731,NA,21102408,TA binds CSN4 and the synaptic regulator snapin in neuroblastoma cells and in brain synaptosomes
TA,snapin,Complex_formation,Q99731,NA,21102408,TA binds CSN4 and the synaptic regulator snapin in neuroblastoma cells and in brain synaptosomes
TA,snapin,Positive_regulation,Q99731,NA,21102408,"CSN4 and TA are required for the stability of both snapin and the synaptotagmin-specific endocytic adaptor stonin 2, as downregulation of CSN4 or TA reduces the levels of both proteins"
TA,stonin 2,Positive_regulation,Q99731,NA,21102408,"CSN4 and TA are required for the stability of both snapin and the synaptotagmin-specific endocytic adaptor stonin 2, as downregulation of CSN4 or TA reduces the levels of both proteins"
TA,stonin 2,Regulation_of_gene_expression,Q99731,NA,21102408,"Overexpression of the pathological TA mutant (DeltaE-TA) reduces stonin 2 expression, causing the accumulation of the calcium sensor synaptotagmin 1 on the cell surface"
TA,synaptotagmin 1,Regulation,Q99731,NA,21102408,"Overexpression of the pathological TA mutant (DeltaE-TA) reduces stonin 2 expression, causing the accumulation of the calcium sensor synaptotagmin 1 on the cell surface"
SRSF1,IL1A,Regulation_of_transcription,P14210,NA,22684280_35,Depletion of CBX3 also causes a defect in recruitment of splicing factors SNRNP70 and SRSF1 to the CBX3 target gene IL1A
L1CAM,EGFR,Out-of-scope,NA,P01133,22815787,Thus it has been shown that L1CAM-mediated cell adhesion promotes the activation of the EGFR (erbB1) from Drosophila to humans
CD2,HSI,Out-of-scope,P50591,NA,9794375,"Thus, although CD3, CD28, and CD2 activate many of the same signaling molecules, they differed in their capacity to induce the tyrosine phosphorylation of HSI"
IBR,histone h5,Regulation_of_transcription,P14210,NA,8524232,"Initiation binding repressor, a factor that binds to the transcription initiation site of the histone h5 gene, is a glycosylated member of a family of cell growth regulators [corrected] [published erratum appears in Mol Cell Biol 1996 Feb;16(2):735] 
Initiation binding repressor [corrected] (IBR) is a chicken erythrocyte factor (apparent molecular mass, 70 to 73 kDa) that binds to the sequences spanning the transcription initiation site of the histone h5 gene, repressing its transcription"
RANK,2,Complex_formation,NA,P13500,9852070,"We demonstrate here the interaction of RANK with tumor necrosis factor receptor-associated factors (TRAFs) 1, 2, 3, 5, and 6 both in vitro and in cells"
RANK,3,Complex_formation,NA,Q99731,9852070,"We demonstrate here the interaction of RANK with tumor necrosis factor receptor-associated factors (TRAFs) 1, 2, 3, 5, and 6 both in vitro and in cells"
RANK,6,Complex_formation,NA,O95760,9852070,"We demonstrate here the interaction of RANK with tumor necrosis factor receptor-associated factors (TRAFs) 1, 2, 3, 5, and 6 both in vitro and in cells"
RANK,5,Complex_formation,NA,P09919,9852070,"We demonstrate here the interaction of RANK with tumor necrosis factor receptor-associated factors (TRAFs) 1, 2, 3, 5, and 6 both in vitro and in cells"
IL-2,Nmi,Regulation,P60568,NA,9989503,"We evaluated two cytokine systems, IL-2 and IFNgamma, and demonstrate that Nmi augments STAT-mediated transcription in response to these cytokines"
p300,IL-2,Positive_regulation,NA,P60568,9989503,"Interestingly, Nmi lacks an intrinsic transcriptional activation domain; instead, Nmi enhances the association of CBP/p300 coactivator proteins with Stat1 and Stat5, and together with CBP/p300 can augment IL-2- and IFNgamma-dependent transcription"
Nmi,IL-2,Positive_regulation,NA,P60568,9989503,"Interestingly, Nmi lacks an intrinsic transcriptional activation domain; instead, Nmi enhances the association of CBP/p300 coactivator proteins with Stat1 and Stat5, and together with CBP/p300 can augment IL-2- and IFNgamma-dependent transcription"
granulocyte colony-stimulating factor,STAT3,Positive_regulation,P09919,NA,7521688,Rapid activation of the STAT3 transcription factor by granulocyte colony-stimulating factor
G-CSFR,Granulocyte colony-stimulating factor,Complex_formation,P14210,P09919,7521688,Granulocyte colony-stimulating factor (G-CSF) is a glycoprotein that stimulates proliferation and differentiation of progenitor cells of neutrophils by signaling through its receptor (G-CSFR)
G-CSF,JAK2,Regulation,P09919,NA,7521688,We report here that JAK1 and JAK2 tyrosine kinases are tyrosine phosphorylated in response to G-CSF induction
G-CSF,JAK1,Regulation,P09919,NA,7521688,We report here that JAK1 and JAK2 tyrosine kinases are tyrosine phosphorylated in response to G-CSF induction
interleukin-6,STAT3,Positive_regulation,P05231,NA,7521688,"We also demonstrate that the DNA-binding protein STAT3 (also called the acute-phase response factor [APRF], activated by interleukin-6) is an early target of G-CSF-induced tyrosine phosphorylation"
G-CSF,STAT3,Out-of-scope,P09919,NA,7521688,"We also demonstrate that the DNA-binding protein STAT3 (also called the acute-phase response factor [APRF], activated by interleukin-6) is an early target of G-CSF-induced tyrosine phosphorylation"
caveolin-3,dysferlin,Complex_formation,NA,P14210,19380584,"Membrane repair defects in muscular dystrophy are linked to altered interaction between MG53, caveolin-3, and dysferlin"
dysferlin,MG53,Complex_formation,P14210,NA,19380584,"Membrane repair defects in muscular dystrophy are linked to altered interaction between MG53, caveolin-3, and dysferlin"
MG53,dysferlin,Complex_formation,NA,P14210,19380584,Here we show that MG53 interacts with dysferlin and Cav3 to regulate membrane repair in skeletal muscle
MG53,dysferlin,Regulation,NA,P14210,19380584,MG53 mediates active trafficking of intracellular vesicles to the sarcolemma and is required for movement of dysferlin to sites of cell injury during repair patch formation
MG53,dysferlin,Complex_formation,NA,P14210,19380584,"Our data reveal that a molecular complex formed by MG53, dysferlin, and Cav3 is essential for repair of muscle membrane damage and also provide a therapeutic target for treatment of muscular and cardiovascular diseases that are linked to compromised membrane repair"
dysferlin,Cav3,Complex_formation,P14210,NA,19380584,"Our data reveal that a molecular complex formed by MG53, dysferlin, and Cav3 is essential for repair of muscle membrane damage and also provide a therapeutic target for treatment of muscular and cardiovascular diseases that are linked to compromised membrane repair"
alpha-SNAP,NSF,Regulation,NA,P14210,10387016,"This interaction leads to a stimulation of Sec18p D1 domain ATPase activity, with kinetics similar to those of alpha-SNAP stimulation of NSF, although differences in temperature and N-ethylmaleimide sensitivity were observed between NSF and Sec18p"
SRB10,11,Complex_formation,NA,Q99731,7877695,The SRB10/11 kinase is essential for a normal transcriptional response to galactose induction in vivo
SRB10,11,Complex_formation,NA,Q99731,7877695,Holoenzymes lacking SRB10/11 kinase function are strikingly deficient in CTD phosphorylation
SRB10,11,Complex_formation,NA,Q99731,7877695,"Although defects in the kinase substantially affect transcription in vivo, purified holoenzymes lacking SRB10/11 kinase function do not show defects in defined in vitro transcription systems, suggesting that the factors necessary to elicit the regulatory role of the SRB10/11 kinase are missing in these systems"
SRB10,11,Complex_formation,NA,Q99731,7877695,"Although defects in the kinase substantially affect transcription in vivo, purified holoenzymes lacking SRB10/11 kinase function do not show defects in defined in vitro transcription systems, suggesting that the factors necessary to elicit the regulatory role of the SRB10/11 kinase are missing in these systems"
SRB10,11,Complex_formation,NA,Q99731,7877695,These results indicate that the SRB10/11 kinase is involved in CTD phosphorylation and suggest that this modification has a role in the response to transcriptional regulators in vivo
Itch,RASSF5,Negative_regulation,NA,P14210,23538446_18,"To understand the physiological role of RASSF5 downregulation by Itch during cell cycle progression, RASSF5A was coexpressed with either Itchwt or ItchC830A in HEK293T cells"
Itchwt,RASSF5A,Regulation,NA,P14210,23538446_18,"As shown in Figure 6A, transient overexpression of Itchwt but not ItchC830A significantly suppresses RASSF5A-mediated G1 arrest"
Itchwt,RASSF5,Regulation,NA,P14210,23538446_18,"Interestingly, RASSF5-mediated apoptosis was impaired by Itchwt but not ItchC830A (Figure 6b)"
Itch,RASSF5AY24A,Complex_formation,NA,P14210,23538446_18,The specificity of regulation was further confirmed by the fact that Itch failed to alter the G1 cell cycle pattern as well as apoptosis when it is overexpressed with RASSF5AY24A (defective for Itch interaction)(Figures 6a and b)
RASSF5,Itch,Complex_formation,P14210,NA,23538446_18,"These data indicate that the association of RASSF5 with Itch, or additional PPxY-dependent protein interaction, may be required to elicit apoptosis (Figure 6b)"
Smurf1,transforming growth factor-beta type I receptor,Complex_formation,NA,P14210,11278251,Smurf1 interacts with transforming growth factor-beta type I receptor through Smad7 and induces receptor degradation
transforming growth factor-beta type I receptor,Smad7,Complex_formation,P14210,NA,11278251,Smurf1 interacts with transforming growth factor-beta type I receptor through Smad7 and induces receptor degradation
18,Scm3,Regulation,Q14116,NA,19217404,Scm3(Sp) depends on Mis16/18 for its centromere localization and like them is recruited to centromeres in late anaphase
ArgR,Mcm1,Complex_formation,P04141,NA,12024017,"The transactivator Gcn4p is required for activation in minimal medium, while arginine repression requires the ArgR/Mcm1 regulatory complex, which binds to two upstream arginine control elements"
ArgR,Mcm1,Complex_formation,P04141,NA,12024017,The analysis of promoter deletions showed that Gcn5/Ada repression of ARG1 was mediated through the action of the ArgR/Mcm1 regulatory complex
ArgR,Ada,Regulation,P04141,NA,12024017,The analysis of promoter deletions showed that Gcn5/Ada repression of ARG1 was mediated through the action of the ArgR/Mcm1 regulatory complex
ATR,Claspin,Catalysis_of_phosphorylation,P39900,NA,18378770_56,"For example, Claspin is phosphorylated by ATR upon DNA replication stress and prime phosphorylated Claspin is then phosphorylated and inactivated by Plk1, leading to the termination of the replication checkpoint signaling"
ATR,Claspin,Catalysis_of_phosphorylation,P39900,NA,18378770_56,"For example, Claspin is phosphorylated by ATR upon DNA replication stress and prime phosphorylated Claspin is then phosphorylated and inactivated by Plk1, leading to the termination of the replication checkpoint signaling"
2,MRPP3,Regulation,P13500,NA,25953853_37,"However, yet again, the MRPP3 mutant was only active in the presence of MRPP1/2 (Supplementary Figure S5C)"
IL-4,IL-4Ralpha chain,Complex_formation,P05112,P05112,9159166,"The IL-4 receptor (IL-4R) in B cells is composed of two chains, the IL-4-binding IL-4Ralpha chain, which is shared with the IL-13R, and the IL-2Rgamma (gammac) chain, which is shared with IL-7R, IL-9R, and IL-15R"
Jak1,IL-4Ralpha,Complex_formation,NA,P05112,9159166,Disruption of the Jak1-binding proline-rich Box1 region of IL-4Ralpha abolished signaling by this chimeric receptor
IL-13R,IL-4,Regulation,P35225,P05112,9159166,Induction of Cepsilon germline transcripts by IL-4 in B cells that lack the gammac chain may involve signaling via the IL-13R
IL-4Ralpha,Janus kinase 1,Positive_regulation,P05112,NA,9159166,"We show that ligand-induced homodimerization of chimeric surface receptors consisting of the extracellular and transmembrane domains of the erythropoietin receptor and of the intracellular domain of IL-4Ralpha induces Janus kinase 1 (Jak1) activation, STAT6 activation, and Cepsilon germline transcripts in human B cell line BJAB"
IL-4Ralpha,STAT6,Positive_regulation,P05112,NA,9159166,"We show that ligand-induced homodimerization of chimeric surface receptors consisting of the extracellular and transmembrane domains of the erythropoietin receptor and of the intracellular domain of IL-4Ralpha induces Janus kinase 1 (Jak1) activation, STAT6 activation, and Cepsilon germline transcripts in human B cell line BJAB"
IL-4Ralpha chain,Jak1,Regulation,P05112,NA,9159166,These results suggest that homodimerization of the IL-4Ralpha chain is sufficient to transduce Jak1-dependent intracellular signals that lead to IgE isotype switching
IL-13R,IL-4Ralpha chain,Out-of-scope,P35225,P05112,9159166,"The IL-4 receptor (IL-4R) in B cells is composed of two chains, the IL-4-binding IL-4Ralpha chain, which is shared with the IL-13R, and the IL-2Rgamma (gammac) chain, which is shared with IL-7R, IL-9R, and IL-15R"
IL-2Rgamma (gammac) chain,IL-7R,Out-of-scope,P60568,P13232,9159166,"The IL-4 receptor (IL-4R) in B cells is composed of two chains, the IL-4-binding IL-4Ralpha chain, which is shared with the IL-13R, and the IL-2Rgamma (gammac) chain, which is shared with IL-7R, IL-9R, and IL-15R"
IL-2Rgamma (gammac) chain,IL-9R,Out-of-scope,P60568,NA,9159166,"The IL-4 receptor (IL-4R) in B cells is composed of two chains, the IL-4-binding IL-4Ralpha chain, which is shared with the IL-13R, and the IL-2Rgamma (gammac) chain, which is shared with IL-7R, IL-9R, and IL-15R"
IL-2Rgamma (gammac) chain,IL-15R,Out-of-scope,P60568,P40933,9159166,"The IL-4 receptor (IL-4R) in B cells is composed of two chains, the IL-4-binding IL-4Ralpha chain, which is shared with the IL-13R, and the IL-2Rgamma (gammac) chain, which is shared with IL-7R, IL-9R, and IL-15R"
Elongin B,C,Complex_formation,NA,Q14116,18323857,The von Hippel-Lindau (VHL) tumour suppressor protein is important in the E3 ubiquitin ligase ECV (Elongin B/C-CUL2-VHL)-mediated destruction of hypoxia-inducible factor and the promotion of fibronectin (FN) extracellular matrix assembly
CUL2,C,Complex_formation,NA,Q14116,18323857,The von Hippel-Lindau (VHL) tumour suppressor protein is important in the E3 ubiquitin ligase ECV (Elongin B/C-CUL2-VHL)-mediated destruction of hypoxia-inducible factor and the promotion of fibronectin (FN) extracellular matrix assembly
VHL,C,Complex_formation,NA,Q14116,18323857,The von Hippel-Lindau (VHL) tumour suppressor protein is important in the E3 ubiquitin ligase ECV (Elongin B/C-CUL2-VHL)-mediated destruction of hypoxia-inducible factor and the promotion of fibronectin (FN) extracellular matrix assembly
von Hippel-Lindau (VHL) tumour suppressor,C,Regulation,NA,Q14116,18323857,The von Hippel-Lindau (VHL) tumour suppressor protein is important in the E3 ubiquitin ligase ECV (Elongin B/C-CUL2-VHL)-mediated destruction of hypoxia-inducible factor and the promotion of fibronectin (FN) extracellular matrix assembly
VHL,FN,Complex_formation,NA,P01579,18323857,"Here, we show that VHL performs its FN-associated function independently of the ECV complex, highlighting the autonomy of these pathways"
FN,VHL,Complex_formation,P01579,NA,18323857,"Furthermore, we show that NEDD8, a ubiquitin-like molecule, acts as a 'molecular switch' in which its covalent conjugation to VHL prohibits the engagement of the scaffold component CUL2 and, concomitantly, activates the association with FN"
NFKB2 precursor,Tax,Complex_formation,NA,P51671,8108127,"Furthermore, the NFKB2 precursor is physically associated with c-Rel and with Tax in HTLV-I infected cells"
Tax,GM-CSF,Regulation_of_transcription,P51671,P04141,8108127,"The Tax protein of HTLV-I, a positive transcriptional activator of HTLV-I gene expression, is a viral oncogene that also increases transcription of cellular genes including GM-CSF, IL-2R alpha and IL-2"
Tax,IL-2R alpha,Regulation_of_transcription,P51671,P60568,8108127,"The Tax protein of HTLV-I, a positive transcriptional activator of HTLV-I gene expression, is a viral oncogene that also increases transcription of cellular genes including GM-CSF, IL-2R alpha and IL-2"
Tax,IL-2,Regulation_of_transcription,P51671,P60568,8108127,"The Tax protein of HTLV-I, a positive transcriptional activator of HTLV-I gene expression, is a viral oncogene that also increases transcription of cellular genes including GM-CSF, IL-2R alpha and IL-2"
Tax,GM-CSF,Positive_regulation,P51671,P04141,8108127,"The Tax protein of HTLV-I, a positive transcriptional activator of HTLV-I gene expression, is a viral oncogene that also increases transcription of cellular genes including GM-CSF, IL-2R alpha and IL-2"
Tax,IL-2R alpha,Positive_regulation,P51671,P60568,8108127,"The Tax protein of HTLV-I, a positive transcriptional activator of HTLV-I gene expression, is a viral oncogene that also increases transcription of cellular genes including GM-CSF, IL-2R alpha and IL-2"
Tax,IL-2,Positive_regulation,P51671,P60568,8108127,"The Tax protein of HTLV-I, a positive transcriptional activator of HTLV-I gene expression, is a viral oncogene that also increases transcription of cellular genes including GM-CSF, IL-2R alpha and IL-2"
FAM,Smad4,Out-of-scope,P01374,NA,19135894,"FAM/USP9x, a deubiquitinating enzyme essential for TGFbeta signaling, controls Smad4 monoubiquitination"
FAM,Smad4,Catalysis_of_deubiquitination,P01374,NA,19135894,"FAM opposes the activity of Ectodermin/Tif1gamma (Ecto), a nuclear factor for which we now clarify a prominent role as Smad4 monoubiquitin ligase"
IFN-gamma,CD40,Regulation_of_gene_expression,P01579,NA,10096561,CD40 expression could be enhanced in CD40-positive MM by stimulation with IFN-gamma and tumor necrosis factor-alpha but not by interleukin (IL)-1beta or CD40 triggering
IFN-gamma,CD40,Positive_regulation,P01579,NA,10096561,CD40 expression could be enhanced in CD40-positive MM by stimulation with IFN-gamma and tumor necrosis factor-alpha but not by interleukin (IL)-1beta or CD40 triggering
KDM4B,AR,Regulation,NA,P78380,23435229,"To identify which demethylases might be involved in AR regulation, an siRNA screen was performed to reveal that the demethylase, KDM4B, may be an important co-regulator protein"
KDM4B,AR,Positive_regulation,NA,P78380,23435229,"KDM4B enzymatic activity is required to enhance AR transcriptional activity; however, independently of this activity, KDM4B can enhance AR protein stability via inhibition of AR ubiquitination"
KDM4B,AR,Positive_regulation,NA,P78380,23435229,"KDM4B enzymatic activity is required to enhance AR transcriptional activity; however, independently of this activity, KDM4B can enhance AR protein stability via inhibition of AR ubiquitination"
KDM4B,AR,Out-of-scope,NA,P78380,23435229,"KDM4B enzymatic activity is required to enhance AR transcriptional activity; however, independently of this activity, KDM4B can enhance AR protein stability via inhibition of AR ubiquitination"
KDM4B,AR,Positive_regulation,NA,P78380,23435229,"Importantly, knockdown of KDM4B in multiple cell lines results in almost complete depletion of AR protein levels"
KDM4B,AR,Regulation_of_transcription,NA,P78380,23435229,"For the first time, we have identified KDM4B to be an androgen-regulated demethylase enzyme, which can influence AR transcriptional activity not only via demethylation activity but also via modulation of ubiquitination"
KDM4B,AR,Catalysis_of_demethylation,NA,P78380,23435229,"For the first time, we have identified KDM4B to be an androgen-regulated demethylase enzyme, which can influence AR transcriptional activity not only via demethylation activity but also via modulation of ubiquitination"
KDM4B,AR,Regulation,NA,P78380,23435229,"Together, these findings demonstrate the close functional relationship between AR and KDM4B, which work together to amplify the androgen response"
DOM,Tip60,Complex_formation,P05231,NA,24652835,"V, HP1a and Domino-A (DOM-A), the ATPase subunit of the DOM/Tip60 chromatin remodeling complex"
DOM,Tip60,Complex_formation,P05231,NA,24652835,"V-exchanging machinery, as a chaperone or as a new subunit of the DOM/Tip60 remodeling complex, and acts to regulate the accumulation of H2A"
YETI,DOM,Complex_formation,NA,P05231,24652835,"On the basis of these results, we propose that YETI interacts with H2A.V-exchanging machinery, as a chaperone or as a new subunit of the DOM/Tip60 remodeling complex, and acts to regulate the accumulation of H2A"
DOM,Domino-A,Out-of-scope,P05231,NA,24652835,"V, HP1a and Domino-A (DOM-A), the ATPase subunit of the DOM/Tip60 chromatin remodeling complex"
TNF,IkappaBalpha,Negative_regulation,P01374,NA,12486103,"Conversely, reducing endogenous levels of ASC using siRNA enhanced TNF- and LPS-induced degradation of the IKK substrate, IkappaBalpha"
TNF,IkappaBalpha,Regulation_of_degradation,P01374,NA,12486103,"Conversely, reducing endogenous levels of ASC using siRNA enhanced TNF- and LPS-induced degradation of the IKK substrate, IkappaBalpha"
GT1,HA,Catalysis_of_glycosylation,NA,Q99731,18426978,GT1 reglucosylated N-linked glycans in the slow-folding stem domain of HA once the nascent chain was released from the ribosome
GT1,HA,Catalysis_of_glycosylation,NA,Q99731,18426978,Maturation mutants that disrupted the oxidation or oligomerization of HA also supported region-specific reglucosylation by GT1
LRIG1,Met,Out-of-scope,NA,P39900,24828152,"SAIT301 is a novel anti-Met antibody, which induces LRIG1-mediated Met degradation and inhibits tumor growth"
LRIG1,Met,Regulation_of_degradation,NA,P39900,24828152,USP8 modulates ubiquitination of LRIG1 for Met degradation
Met,LRIG1,Complex_formation,P39900,NA,24828152,"In the present study, we discovered that SAIT301 induces ubiquitination of LRIG1, which in turn promotes recruitment of Met and LRIG1 complex to the lysosome through its interaction with Hrs, resulting in concomitant degradation of both LRIG1 and Met"
Met,Hrs,Complex_formation,P39900,NA,24828152,"In the present study, we discovered that SAIT301 induces ubiquitination of LRIG1, which in turn promotes recruitment of Met and LRIG1 complex to the lysosome through its interaction with Hrs, resulting in concomitant degradation of both LRIG1 and Met"
USP8,Met,Regulation_of_degradation,NA,P39900,24828152,"We found that USP8 is involved in deubiquitination of LRIG1, influencing the efficiency of Met degradation"
LRIG1,Met,Negative_regulation,NA,P39900,24828152,"SAIT301 is a novel anti-Met antibody, which induces LRIG1-mediated Met degradation and inhibits tumor growth"
Hedgehog acyltransferase,Sonic Hedgehog,Catalysis_of_palmitoylation,P14210,NA,20585641,Identification of conserved regions and residues within Hedgehog acyltransferase critical for palmitoylation of Sonic Hedgehog
Hedgehog acyltransferase,Shh,Catalysis_of_palmitoylation,P14210,NA,20585641,"Attachment of palmitate to Shh is catalyzed by Hedgehog acyltransferase (Hhat), a member of the membrane bound O-acyl transferase (MBOAT) family of multipass membrane proteins"
CIN85,EGFR,Negative_regulation,NA,P01133,15962011,"Here, we show that Sprouty2 associates with CIN85 and acts at the interface between Cbl and CIN85 to inhibit EGFR downregulation"
Sprouty2,EGFR,Positive_regulation,NA,P01133,15962011,"Here, we show that Sprouty2 associates with CIN85 and acts at the interface between Cbl and CIN85 to inhibit EGFR downregulation"
Sprouty2,EGFR,Negative_regulation,NA,P01133,15962011,"Intact association between Sprouty2, Cbl and CIN85 is required for inhibition of EGFR endocytosis as well as EGF-induced differentiation of PC12 cells"
CIN85,EGFR,Negative_regulation,NA,P01133,15962011,"Intact association between Sprouty2, Cbl and CIN85 is required for inhibition of EGFR endocytosis as well as EGF-induced differentiation of PC12 cells"
Sprouty2,EGFR,Regulation,NA,P01133,15962011,Sprouty2 therefore acts as an inducible inhibitor of EGFR downregulation by targeting both the Cbl and CIN85 pathways
Sprouty4,EGFR,Out-of-scope,NA,P01133,15962011,"Moreover, Sprouty4, which lacks CIN85-binding sites, does not inhibit EGFR downregulation, providing a molecular explanation for functional differences between Sprouty isoforms"
La,BIG1,Complex_formation,P14210,NA,18292223,"Later analyses revealed the presence of fibrillarin, nucleoporin p62, and La in BIG1 and nucleolin immunoprecipitates"
La,nucleolin,Complex_formation,P14210,NA,18292223,"Later analyses revealed the presence of fibrillarin, nucleoporin p62, and La in BIG1 and nucleolin immunoprecipitates"
BIG1,La,Complex_formation,NA,P14210,18292223,"Our data demonstrate that BIG1, nucleolin, U3, the U3-binding protein fibrillarin, and the RNA-binding protein La may exist together in nuclear complexes, consistent with a potential role for BIG1 in nucleolar processes"
nucleolin,La,Complex_formation,NA,P14210,18292223,"Our data demonstrate that BIG1, nucleolin, U3, the U3-binding protein fibrillarin, and the RNA-binding protein La may exist together in nuclear complexes, consistent with a potential role for BIG1 in nucleolar processes"
U3,La,Complex_formation,NA,P14210,18292223,"Our data demonstrate that BIG1, nucleolin, U3, the U3-binding protein fibrillarin, and the RNA-binding protein La may exist together in nuclear complexes, consistent with a potential role for BIG1 in nucleolar processes"
fibrillarin,La,Complex_formation,NA,P14210,18292223,"Our data demonstrate that BIG1, nucleolin, U3, the U3-binding protein fibrillarin, and the RNA-binding protein La may exist together in nuclear complexes, consistent with a potential role for BIG1 in nucleolar processes"
P-selectin,TNF-alpha,Regulation,NA,P01375,7537762,"Adhesion of human monocytes to P-selectin, the most rapidly expressed endothelial tethering factor, increased the secretion of monocyte chemotactic protein-1 (MCP-1) and tumor necrosis factor-alpha (TNF-alpha) by the leukocytes when they were stimulated with platelet-activating factor"
G1,P-selectin,Negative_regulation,P13236,NA,7537762,"Increased cytokine secretion was specifically inhibited by G1, an anti-P-selectin mAb that prevents P-selectin from binding to its ligand (P-selectin glycoprotein ligand-1) on myeloid cells"
GGA3,Met,Regulation,NA,P39900,21664574_35,"Rab4 is a regulator of recycling vesicle formation at the early endosome, consistent with our functional assignment of GGA3 as an early recycling adaptor for Met"
GGA3,Met,Regulation,NA,P39900,21664574_35,"Furthermore, GGA3 may spatially restrict Met accessibility within the early endosome by modulating the Rab-based protein machinery"
HGF,Met,Complex_formation,P14210,P39900,21664574_35,"Similarly in live cells, we observe GGA3 and clathrin in dynamic structures surrounding endocytosed HGF-Met complexes"
RelA,NFkappaB1,Complex_formation,O95760,NA,10402173,"In some patients, no activation of RelA/NFkappaB1-binding activity was detectable, while in others kappaB-binding activity was modestly induced but the duration was reduced"
NF-kappaB1,RelA,Complex_formation,NA,O95760,10402173,RCC-S did not alter the cytoplasmic levels of RelA and NF-kappaB1 but did suppress their nuclear localization and inhibited the activation of RelA/NF-kappaB1 binding complexes
OAP,IL-2,Regulation_of_transcription,NA,P60568,8112299,"We report that a constitutively active form of calcineurin partially substitutes for the Ca2+ co-stimulus required to activate the IL-2 promoter elements IL-2A (which binds the factors OAP and Oct-1) and IL-2E (which binds NF-AT), and completely substitutes for the Ca2+ co-stimulus required to stimulate an NF-kappa B-dependent element"
Oct-1,IL-2,Regulation_of_transcription,NA,P60568,8112299,"We report that a constitutively active form of calcineurin partially substitutes for the Ca2+ co-stimulus required to activate the IL-2 promoter elements IL-2A (which binds the factors OAP and Oct-1) and IL-2E (which binds NF-AT), and completely substitutes for the Ca2+ co-stimulus required to stimulate an NF-kappa B-dependent element"
PPM1A,3,Catalysis_of_dephosphorylation,NA,Q99731,16751101,PPM1A dephosphorylates and promotes nuclear export of TGFbeta-activated Smad2/3
PPM1A,3,Regulation,NA,Q99731,16751101,PPM1A dephosphorylates and promotes nuclear export of TGFbeta-activated Smad2/3
PPM1A,3,Catalysis_of_dephosphorylation,NA,Q99731,16751101,"This work demonstrates that PPM1A/PP2Calpha, through dephosphorylation of Smad2/3, plays a critical role in terminating TGFbeta signaling"
6,Rb,Catalysis_of_phosphorylation,O95760,NA,23622515_19,"Passage through the execution point correlated with the loss of 3-MB-PP1-sensitivity of Rb phosphorylation at the Cdk4/6-dependent sites Ser807/811 and Ser795, whereas the Cdk2-specific sites at Thr821/826 remained sensitive for at least 9 hr after release (Figure 2C)"
RUNX1,GMCSF,Regulation_of_transcription,NA,P14210,20506188_30,"We also performed ChIP assays to investigate histone modifications characteristic of transcriptionally active or inactive chromatin on the RUNX1-dependent GMCSF and IL3 promoters, or the silent hOC promoter in Jurkat cells"
RUNX1,IL3,Regulation_of_transcription,NA,Q8NEV9,20506188_30,"We also performed ChIP assays to investigate histone modifications characteristic of transcriptionally active or inactive chromatin on the RUNX1-dependent GMCSF and IL3 promoters, or the silent hOC promoter in Jurkat cells"
SHAGGY,TIM,Catalysis_of_phosphorylation,NA,P09919,17575052,"However, PP1 does not act in a simple antagonistic manner to SHAGGY (SGG), the kinase that phosphorylates TIM, because the behavioral phenotypes produced by inhibiting PP1 in flies are different from those achieved by overexpressing SGG"
TIM,PER,Regulation,P09919,P01374,17575052,"PP1 also acts on PER, and TIM regulates the control of PER by PP1, although it does not affect PP2A action on PER"
Trif,4,Positive_regulation,NA,P09919,16115877,Rip1 mediates the Trif-dependent toll-like receptor 3- and 4-induced NF-{kappa}B activation but does not contribute to interferon regulatory factor 3 activation
TNF-alpha,IkappaB kinase-beta,Regulation,P01375,NA,16115877,"These studies suggest that Rip1 uses a similar, ubiquitin-dependent mechanism to activate IkappaB kinase-beta in response to TNF-alpha and TLR3 ligands"
TNF-alpha,Rip1,Regulation,P01375,NA,16115877,"These studies suggest that Rip1 uses a similar, ubiquitin-dependent mechanism to activate IkappaB kinase-beta in response to TNF-alpha and TLR3 ligands"
pVHL,2,Regulation_of_degradation,NA,P13500,12538644,The VHL gene product (pVHL) is a component of an E3 ubiquitin ligase complex that targets the hypoxia-inducible factor (HIF) 1 and 2 alpha subunits for polyubiquitylation
pVHL,2,Negative_regulation,NA,P13500,12538644,The VHL gene product (pVHL) is a component of an E3 ubiquitin ligase complex that targets the hypoxia-inducible factor (HIF) 1 and 2 alpha subunits for polyubiquitylation
pVHL,2,Catalysis_of_ubiquitination,NA,P13500,12538644,The VHL gene product (pVHL) is a component of an E3 ubiquitin ligase complex that targets the hypoxia-inducible factor (HIF) 1 and 2 alpha subunits for polyubiquitylation
elongins B,C,Complex_formation,NA,Q14116,17132228,"ECV is an E3 ubiquitin ligase complex, which is composed of elongins B and C, Rbx1, Cul2, and the substrate-conferring von Hippel-Lindau (VHL) tumor-suppressor protein that targets the catalytic alpha subunit of hypoxia-inducible factor (HIF) for oxygen-dependent ubiquitin-mediated destruction"
C,Rbx1,Complex_formation,Q14116,NA,17132228,"ECV is an E3 ubiquitin ligase complex, which is composed of elongins B and C, Rbx1, Cul2, and the substrate-conferring von Hippel-Lindau (VHL) tumor-suppressor protein that targets the catalytic alpha subunit of hypoxia-inducible factor (HIF) for oxygen-dependent ubiquitin-mediated destruction"
C,Cul2,Complex_formation,Q14116,NA,17132228,"ECV is an E3 ubiquitin ligase complex, which is composed of elongins B and C, Rbx1, Cul2, and the substrate-conferring von Hippel-Lindau (VHL) tumor-suppressor protein that targets the catalytic alpha subunit of hypoxia-inducible factor (HIF) for oxygen-dependent ubiquitin-mediated destruction"
ATR,H2A.X,Catalysis_of_phosphorylation,P39900,NA,22908299,"In response to DNA double-strand breaks (DSBs), H2A.X is instantaneously phosphorylated at Ser139 by the kinases ATM and ATR and is progressively dephosphorylated at Tyr142 by the Eya1 and Eya3 tyrosine phosphatases, resulting in a temporal switch from a postulated diphosphorylated (pSer139, pTyr142) to monophosphorylated (pSer139) H2A"
USP26,AR,Regulation,NA,P78380,20501646,We screened a short hairpin library targeting members of the deubiquitination enzyme family and identified the X-linked deubiquitination enzyme USP26 as a novel regulator of AR signaling
USP26,AR,Complex_formation,NA,P78380,20501646,"USP26 is a nuclear protein that binds to AR via three important nuclear receptor interaction motifs, and modulates AR ubiquitination, consequently influencing AR activity and stability"
USP26,AR,Catalysis_of_deubiquitination,NA,P78380,20501646,"USP26 is a nuclear protein that binds to AR via three important nuclear receptor interaction motifs, and modulates AR ubiquitination, consequently influencing AR activity and stability"
USP26,AR,Regulation,NA,P78380,20501646,"USP26 is a nuclear protein that binds to AR via three important nuclear receptor interaction motifs, and modulates AR ubiquitination, consequently influencing AR activity and stability"
USP26,AR,Complex_formation,NA,P78380,20501646,"Our data suggest that USP26 assembles with AR and other cofactors in subnuclear foci, and serves to counteract hormone-induced AR ubiquitination, thereby contributing to the regulation of AR transcriptional activity"
USP26,AR,Regulation,NA,P78380,20501646,"Our data suggest that USP26 assembles with AR and other cofactors in subnuclear foci, and serves to counteract hormone-induced AR ubiquitination, thereby contributing to the regulation of AR transcriptional activity"
USP26,AR,Catalysis_of_deubiquitination,NA,P78380,20501646,"Our data suggest that USP26 assembles with AR and other cofactors in subnuclear foci, and serves to counteract hormone-induced AR ubiquitination, thereby contributing to the regulation of AR transcriptional activity"
Scc2,4,Complex_formation,NA,P09919,23499533_3,"Cohesin is highly enriched throughout the pericentromere, yet the Scc2/4 cohesin loader shows strong enrichment only within the core ~125 bp centromere (see Figures S1A and S1B available online)"
Scc2,4,Complex_formation,NA,P09919,23499533_3,These data suggest that the Ctf19 complex promotes cohesin enrichment throughout the pericentromere by enabling the transient association of the Scc2/4 cohesin loader with centromeres
C2,SPATA4,Complex_formation,P80098,NA,21827752,"Using the C2 subunit as bait we identified SPATA4, a spermatocyte-specific protein of unknown function, as an interacting partner in a yeast two hybrid screen"
SPATA4,C2,Complex_formation,NA,P80098,21827752,Further studies indicate SPATA4 interacts with the C2 portion of the TRAPP complex
C2,SPATA4,Complex_formation,P80098,NA,21827752,SPATA4 is one of only three human proteins that contain a DUF1042 domain and we show that C2 does not interact with another one of the DUF1042 domain-containing proteins
TRAF6,transforming growth factor beta-activated kinase,Catalysis_of_ubiquitination,NA,P14210,15492226,"TRAF6 (tumor necrosis factor receptor-associated factor 6) is a RING (really interesting new gene) domain ubiquitin (Ub) ligase that mediates the activation of protein kinases, such as transforming growth factor beta-activated kinase (TAK1) and IkappaB kinase (IKK), by catalyzing the formation of a unique polyubiquitin chain linked through Lys-63 of Ub"
TRAF6,transforming growth factor beta-activated kinase,Positive_regulation,NA,P14210,15492226,"TRAF6 (tumor necrosis factor receptor-associated factor 6) is a RING (really interesting new gene) domain ubiquitin (Ub) ligase that mediates the activation of protein kinases, such as transforming growth factor beta-activated kinase (TAK1) and IkappaB kinase (IKK), by catalyzing the formation of a unique polyubiquitin chain linked through Lys-63 of Ub"
STAT3,IL-22,Positive_regulation,NA,P60568,21098725,STAT3-dependent effects of IL-22 in human keratinocytes are counterregulated by sirtuin 1 through a direct inhibition of STAT3 acetylation
sirtuin 1,IL-22,Negative_regulation,NA,P60568,21098725,STAT3-dependent effects of IL-22 in human keratinocytes are counterregulated by sirtuin 1 through a direct inhibition of STAT3 acetylation
STAT3,IL-22,Positive_regulation,NA,P60568,21098725,"The IL-22-induced effects are mediated by STAT3, whose activity is proportional to acetylation in lysine (Lys)685 and phosphorylation in tyrosine (Tyr)705"
SIRT1,IL-22,Out-of-scope,NA,P60568,21098725,"Due to the opposite effects of IL-22 and SIRT1, we investigated whether IL-22-induced effects in keratinocytes could be regulated by SIRT1 through control of STAT3"
IL-22,STAT3,Positive_regulation,P60568,NA,21098725,We found that SIRT1 opposes the IL-22-induced STAT3 activity by deacetylating STAT3 and reducing STAT3 Tyr705 phosphorylation
IFN-gamma,SIRT1,Regulation_of_gene_expression,P01579,NA,21098725,"Although SIRT1 levels were similar in keratinocytes of healthy individuals and patients with psoriasis, they were reduced in psoriatic skin lesions, with the lymphokine IFN-gamma inhibiting SIRT1 expression"
IFN-gamma,SIRT1,Negative_regulation,P01579,NA,21098725,"Although SIRT1 levels were similar in keratinocytes of healthy individuals and patients with psoriasis, they were reduced in psoriatic skin lesions, with the lymphokine IFN-gamma inhibiting SIRT1 expression"
IL-22,STAT3,Out-of-scope,P60568,NA,21098725,"Concomitantly, IFN-gamma enhanced basal acetylation of STAT3 and its phosphorylation induced by IL-22"
IFN-gamma,STAT3,Out-of-scope,P01579,NA,21098725,"Concomitantly, IFN-gamma enhanced basal acetylation of STAT3 and its phosphorylation induced by IL-22"
STAT3,IL-22,Positive_regulation,NA,P60568,21098725,"In conclusion, STAT3-dependent IL-22 signaling and effects in keratinocytes are negatively regulated by SIRT1"
SIRT1,IL-22,Negative_regulation,NA,P60568,21098725,"In conclusion, STAT3-dependent IL-22 signaling and effects in keratinocytes are negatively regulated by SIRT1"
IFN-gamma,SIRT1,Negative_regulation,P01579,NA,21098725,"In skin affected by psoriasis, SIRT1 is down-regulated by IFN-gamma, which thus renders psoriatic keratinocytes more prone to respond to IL-22"
Rheb,TOR,Positive_regulation,NA,Q14116,18521078,"Rheb (Ras-homolog enriched in brain) is a component of the phosphatidylinositol 3-kinase (PI3K) target of rapamycin (TOR) signaling pathway, functioning as a positive regulator of TOR"
TOR,eukaryotic initiation factor 4E-binding protein 1,Regulation,Q14116,NA,18521078,"They show constitutive phosphorylation of the ribosomal protein S6 kinase and the eukaryotic initiation factor 4E-binding protein 1, two downstream targets of TOR"
Rheb,TOR,Regulation,NA,Q14116,18521078,"The TOR-specific inhibitor rapamycin strongly interferes with transformation induced by constitutively active Rheb, suggesting that TOR activity is essential for the oncogenic effects of mutant Rheb"
TOR,Rheb,Out-of-scope,Q14116,NA,18521078,"The TOR-specific inhibitor rapamycin strongly interferes with transformation induced by constitutively active Rheb, suggesting that TOR activity is essential for the oncogenic effects of mutant Rheb"
ferredoxin-NADP reductase,Mb,Negative_regulation,NA,P01374,18446211_53,Enzymatic reduction of Mb and hxHbs by ferredoxin-NADP reductase
F,hnRNPs H,Complex_formation,Q14116,NA,9858532,"Finally, in vitro binding assays demonstrate that hnRNP H can interact with the related protein hnRNP F, suggesting that hnRNPs H and F may exist as a heterodimer in a single enhancer complex"
IKKepsilon,Fascin,Regulation,NA,P10147,27578797,IKKepsilon inhibits PKC to promote Fascin-dependent actin bundling
IKKepsilon,Fascin,Regulation,NA,P10147,27578797,"Here, we demonstrate that IKKepsilon regulates the actin bundle localization of a dynamic actin cross-linker, Fascin"
IKKepsilon,Fascin,Positive_regulation,NA,P10147,27578797,"IKKepsilon inhibits PKC, thereby protecting Fascin from inhibitory phosphorylation"
N-acetylglucosaminyltransferase V,integrin beta1,Catalysis_of_glycosylation,P14210,NA,16924681,Increase in beta1-6 GlcNAc branching caused by N-acetylglucosaminyltransferase V directs integrin beta1 stability in human hepatocellular carcinoma cell line SMMC-7721
EGF,ERK2,Positive_regulation,P01133,NA,11323411,We found that both Tyr-627 and Tyr-659 of Gab1 were required for SHP2 binding to Gab1 and for ERK2 activation by EGF
SLP-76,Interleukin-2,Positive_regulation,NA,P60568,9115214,"Previous work has demonstrated that SLP-76, a Grb2-associated tyrosine-phosphorylated protein, augments Interleukin-2 promoter activity when overexpressed in the Jurkat T cell line"
SLP-76,Interleukin-2,Regulation_of_transcription,NA,P60568,9115214,"Previous work has demonstrated that SLP-76, a Grb2-associated tyrosine-phosphorylated protein, augments Interleukin-2 promoter activity when overexpressed in the Jurkat T cell line"
SLAP-130,interleukin-2,Negative_regulation,NA,P60568,9115214,"Interestingly, we find that in contrast to SLP-76, overexpression of SLAP-130 diminishes T cell antigen receptor-induced activation of the interleukin-2 promoter in Jurkat T cells and interferes with the augmentation of interleukin-2 promoter activity seen when SLP-76 is overexpressed in these cells"
SLAP-130,interleukin-2,Regulation_of_transcription,NA,P60568,9115214,"Interestingly, we find that in contrast to SLP-76, overexpression of SLAP-130 diminishes T cell antigen receptor-induced activation of the interleukin-2 promoter in Jurkat T cells and interferes with the augmentation of interleukin-2 promoter activity seen when SLP-76 is overexpressed in these cells"
SLP-76,interleukin-2,Positive_regulation,NA,P60568,9115214,"Interestingly, we find that in contrast to SLP-76, overexpression of SLAP-130 diminishes T cell antigen receptor-induced activation of the interleukin-2 promoter in Jurkat T cells and interferes with the augmentation of interleukin-2 promoter activity seen when SLP-76 is overexpressed in these cells"
SLP-76,interleukin-2,Regulation_of_transcription,NA,P60568,9115214,"Interestingly, we find that in contrast to SLP-76, overexpression of SLAP-130 diminishes T cell antigen receptor-induced activation of the interleukin-2 promoter in Jurkat T cells and interferes with the augmentation of interleukin-2 promoter activity seen when SLP-76 is overexpressed in these cells"
SLP-76,interleukin-2,Positive_regulation,NA,P60568,9115214,"Interestingly, we find that in contrast to SLP-76, overexpression of SLAP-130 diminishes T cell antigen receptor-induced activation of the interleukin-2 promoter in Jurkat T cells and interferes with the augmentation of interleukin-2 promoter activity seen when SLP-76 is overexpressed in these cells"
SLP-76,interleukin-2,Regulation_of_transcription,NA,P60568,9115214,"Interestingly, we find that in contrast to SLP-76, overexpression of SLAP-130 diminishes T cell antigen receptor-induced activation of the interleukin-2 promoter in Jurkat T cells and interferes with the augmentation of interleukin-2 promoter activity seen when SLP-76 is overexpressed in these cells"
HSF1,Hsp70,Complex_formation,P14210,NA,19229036,"Activation of the deacetylase and longevity factor SIRT1 prolonged HSF1 binding to the heat shock promoter Hsp70 by maintaining HSF1 in a deacetylated, DNA-binding competent state"
SIRT1,HSF1,Catalysis_of_demethylation,NA,P14210,19229036,"Activation of the deacetylase and longevity factor SIRT1 prolonged HSF1 binding to the heat shock promoter Hsp70 by maintaining HSF1 in a deacetylated, DNA-binding competent state"
SIRT1,HSF1,Positive_regulation,NA,P14210,19229036,"Activation of the deacetylase and longevity factor SIRT1 prolonged HSF1 binding to the heat shock promoter Hsp70 by maintaining HSF1 in a deacetylated, DNA-binding competent state"
SIRT1,HSF1,Regulation,NA,P14210,19229036,"Conversely, down-regulation of SIRT1 accelerated the attenuation of the heat shock response (HSR) and release of HSF1 from its cognate promoter elements"
HSF1,SIRT1,Positive_regulation,P14210,NA,19229036,These results provide a mechanistic basis for the requirement of HSF1 in the regulation of life span and establish a role for SIRT1 in protein homeostasis and the HSR
HA,Elp1,Out-of-scope,Q99731,NA,25569479_19,"Elp2-myc was immunoprecipitated from extracts and immunoprecipitates were examined by Western blotting with anti-myc and anti-HA antibodies to detect co-immunoprecipitated Elp1, Elp3 and Elp5 as indicated"
HA,Elp3,Out-of-scope,Q99731,NA,25569479_19,"Elp2-myc was immunoprecipitated from extracts and immunoprecipitates were examined by Western blotting with anti-myc and anti-HA antibodies to detect co-immunoprecipitated Elp1, Elp3 and Elp5 as indicated"
HA,Elp5,Out-of-scope,Q99731,NA,25569479_19,"Elp2-myc was immunoprecipitated from extracts and immunoprecipitates were examined by Western blotting with anti-myc and anti-HA antibodies to detect co-immunoprecipitated Elp1, Elp3 and Elp5 as indicated"
caspase-1,-7,Positive_regulation,NA,P13232,28392147_34,"Second, we demonstrated that caspase-1 activates both caspases-3 and -7 to mediate this apoptotic cell death"
-7,GSDMD,Regulation,P13232,NA,28392147_34,"Finally, we also discovered that, during apoptosis, caspases-3 and -7 cleave GSDMD at a distinct site from the inflammatory caspases"
7,GSDMD,Regulation,Q16552,NA,28392147_34,"Caspase-3/7 cleavage of GSDMD renders the protein inactive and unable to induce pyroptosis, showing that apoptotic cells specifically disable lytic cell death"
TLK2,Asf1A,Catalysis_of_phosphorylation,NA,P14210,17940067,"In this study, two closely related Tousled-like kinase homologs, TLK1 and TLK2, were identified in Trypanosoma brucei, a unicellular protozoan parasite. Only TLK1 plays an essential role in cell growth, and a deficiency in TLK1 led to an enrichment of S-phase cells, defective spindle formation and aberrant chromosome segregation. Although both TLK proteins localize to the nucleus, only TLK1 also concentrates in the spindle poles during mitosis. Both TLK proteins are phosphorylated by the Aurora kinase (AUK1), and both can autophosphorylate and phosphorylate histone H3 and the chromatin assembly factors Asf1A and Asf1B in vitro, but only TLK1 is autophosphorylated and capable of oligomerizing and interacting with AUK1, Asf1A and Asf1B in vivo"
TLK1,Asf1B,Catalysis_of_phosphorylation,NA,P14210,17940067,"In this study, two closely related Tousled-like kinase homologs, TLK1 and TLK2, were identified in Trypanosoma brucei, a unicellular protozoan parasite. Only TLK1 plays an essential role in cell growth, and a deficiency in TLK1 led to an enrichment of S-phase cells, defective spindle formation and aberrant chromosome segregation. Although both TLK proteins localize to the nucleus, only TLK1 also concentrates in the spindle poles during mitosis. Both TLK proteins are phosphorylated by the Aurora kinase (AUK1), and both can autophosphorylate and phosphorylate histone H3 and the chromatin assembly factors Asf1A and Asf1B in vitro, but only TLK1 is autophosphorylated and capable of oligomerizing and interacting with AUK1, Asf1A and Asf1B in vivo"
TLK1,Asf1A,Complex_formation,NA,P14210,17940067,"Both TLK proteins are phosphorylated by the Aurora kinase (AUK1), and both can autophosphorylate and phosphorylate histone H3 and the chromatin assembly factors Asf1A and Asf1B in vitro, but only TLK1 is autophosphorylated and capable of oligomerizing and interacting with AUK1, Asf1A and Asf1B in vivo"
TLK1,Asf1B,Complex_formation,NA,P14210,17940067,"Both TLK proteins are phosphorylated by the Aurora kinase (AUK1), and both can autophosphorylate and phosphorylate histone H3 and the chromatin assembly factors Asf1A and Asf1B in vitro, but only TLK1 is autophosphorylated and capable of oligomerizing and interacting with AUK1, Asf1A and Asf1B in vivo"
epidermal growth factor (EGF) receptor,PDGFbetaR,Complex_formation,P01133,NA,9506992,"In this study, we present evidence suggesting a direct interaction between the epidermal growth factor (EGF) receptor (EGFR) and the platelet-derived growth factor beta (PDGFbeta) receptor (PDGFbetaR), members of different receptor tyrosine kinase subfamilies"
EGFR,PDGFbetaR,Complex_formation,P01133,NA,9506992,The EGFR/PDGFbetaR association is ligand-independent in all cell lines tested
PDGFbetaR,EGFR,Complex_formation,NA,P01133,9506992,We also demonstrate that the fraction of PDGFbetaR bound to the EGFR in R1hER cells undergoes an EGF-induced mobility shift on Western blots indicative of phosphorylation
protein arginine methyltransferase (PRMT) 5,p53,Complex_formation,P14210,NA,19011621,"We show that the protein arginine methyltransferase (PRMT) 5, as a co-factor in a DNA damage responsive co-activator complex that interacts with p53, is responsible for methylating p53"
protein arginine methyltransferase (PRMT) 5,p53,Catalysis_of_methylation,P14210,NA,19011621,"We show that the protein arginine methyltransferase (PRMT) 5, as a co-factor in a DNA damage responsive co-activator complex that interacts with p53, is responsible for methylating p53"
EGF,ERK1,Regulation,P01133,NA,24585635_43,"In addition, it is of note that while ERK1/2 signaling is highly regulated by growth factors such as EGF, neither activation nor expression of ERK3 (Fig"
EGF,2,Regulation,P01133,P13500,24585635_43,"In addition, it is of note that while ERK1/2 signaling is highly regulated by growth factors such as EGF, neither activation nor expression of ERK3 (Fig"
Epidermal growth factor,cyclin D1,Positive_regulation,P01133,NA,7559524,"Epidermal growth factor induction of cyclin D1 transcription, through the proximal promoter region, was antagonized by either p41MAPKi or Ets-LacZ, suggesting that ETS functions downstream of epidermal growth factor and MAPK in the context of the cyclin D1 promoter"
Epidermal growth factor,cyclin D1,Regulation_of_transcription,P01133,NA,7559524,"Epidermal growth factor induction of cyclin D1 transcription, through the proximal promoter region, was antagonized by either p41MAPKi or Ets-LacZ, suggesting that ETS functions downstream of epidermal growth factor and MAPK in the context of the cyclin D1 promoter"
alpha-SNAP,NSF,Complex_formation,NA,P14210,9362506_22,Addition of an alpha-SNAP mutant that is able to bind but not stimulate NSF would be predicted to inhibit the action of exogenously added alpha-SNAP in chromaffin cells
alpha-SNAP,NSF,Positive_regulation,NA,P14210,9362506_22,It appears that the removal of alpha-SNAP stimulation of NSF ATPase activity results in a mutant unable to stimulate exocytosis in permeabilized chromaffin cells
alpha-SNAP,NSF,Positive_regulation,NA,P14210,9362506_22,"It is probable that exogenously added alpha-SNAP must first interact with an endogenous factor, probably SNAREs, before the stimulation of NSF"
Ran,RanBP3,Complex_formation,P09919,NA,20694664_37,We use this assay to compare the effect of RanBP3 and its Ran-binding mutant RanBP3-wv (see Note 6) on Smad2 export
2,estrogen receptor (ER)-alpha,Catalysis_of_phosphorylation,P13500,NA,17615152,"To evaluate the contribution of ERK1/2 phosphorylation of estrogen receptor (ER)-alpha to activation and repression of endogenous genes, we produced stably transfected lines of HeLa cells with functional ERK1/2 pathways that express similar levels of wild-type human ERalpha and ERalpha mutated to inactivate the well-known MAPK site at serine 118 (ERalphaS118A)"
coactivator-associated arginine methyltransferase 1,histone H3,Catalysis_of_methylation,P14210,NA,11341840,Methylation of histone H3 by coactivator-associated arginine methyltransferase 1
coactivator-associated arginine methyltransferase 1,histone H3,Catalysis_of_methylation,P14210,NA,11341840,"The preferential in vitro methylation of histone H3 by coactivator-associated arginine methyltransferase 1 (CARM1) has been proposed as a basis for its ability to enhance gene transcription [Chen, D"
InlB,hepatocyte growth factor (HGF) receptor,Complex_formation,NA,P14210,18624796,"Listeria monocytogenes surface proteins internalin (Inl)A and InlB interact with the junctional protein E-cadherin and the hepatocyte growth factor (HGF) receptor Met, respectively, on the surface of epithelial cells to mediate bacterial entry"
-3,STARS,Complex_formation,Q99731,NA,17194709,"Two novel members of the ABLIM protein family, ABLIM-2 and -3, associate with STARS and directly bind F-actin"
-3,F-actin,Complex_formation,Q99731,NA,17194709,"Two novel members of the ABLIM protein family, ABLIM-2 and -3, associate with STARS and directly bind F-actin"
STARS,-3,Complex_formation,NA,Q99731,17194709,"To further dissect the STARS/SRF pathway, we performed a yeast two-hybrid screen of a skeletal muscle cDNA library using STARS as bait, and we identified two novel members of the ABLIM protein family, ABLIM-2 and -3, as STARS-interacting proteins"
STARS,-3,Complex_formation,NA,Q99731,17194709,"To further dissect the STARS/SRF pathway, we performed a yeast two-hybrid screen of a skeletal muscle cDNA library using STARS as bait, and we identified two novel members of the ABLIM protein family, ABLIM-2 and -3, as STARS-interacting proteins"
Prp28,Rna14,Complex_formation,Q8NEV9,NA,27350684,"Subsequently, genetic interaction of Rna14 with prp1 and physical interactions with Prp28 suggest that the Rna14 might be part of a larger protein complex responsible for the pre-mRNA maturation"
PIASy,AR,Negative_regulation,NA,P78380,14981544,"In this report, we investigate the mechanism of PIASy-mediated repression of AR"
AR,PIASy,Complex_formation,P78380,NA,14981544,We show that AR binds to the RING-finger like domain of PIASy
PIASy,AR,Negative_regulation,NA,P78380,14981544,"RD1, but not RD2, is required for PIASy-mediated repression of AR"
PIASy,AR,Negative_regulation,NA,P78380,14981544,We show that the RD1 domain binds HDAC1 and HDAC2 and that HDAC activity is required for PIASy-mediated AR repression
PIASy,AR,Negative_regulation,NA,P78380,14981544,We examine if the SUMO ligase activity of PIASy is required for PIASy to repress AR
PIASy,AR,Negative_regulation,NA,P78380,14981544,"We show that a mutant PIASy, defective in promoting sumoylation, retains the ability to repress AR transcription"
PIASy,AR,Regulation_of_transcription,NA,P78380,14981544,"We show that a mutant PIASy, defective in promoting sumoylation, retains the ability to repress AR transcription"
PIASy,AR,Negative_regulation,NA,P78380,14981544,"In addition, mutation of all the known sumoylation acceptor sites of AR does not affect the transrepression activity of PIASy on AR"
PIASy,AR,Complex_formation,NA,P78380,14981544,"In addition, mutation of all the known sumoylation acceptor sites of AR does not affect the transrepression activity of PIASy on AR"
PIASy,AR,Negative_regulation,NA,P78380,14981544,"Our results suggest that PIASy may repress AR by recruiting histone deacetylases, independent of its SUMO ligase activity"
HDAC1,2,Complex_formation,NA,P13500,9790534,"The complex contains the histone deacetylases HDAC1/2, histone-binding proteins, the dermatomyositis-specific autoantigen Mi2beta, a polypeptide related to the metastasis-associated protein 1, and a novel polypeptide of 32 kDa"
2,Mi2beta,Complex_formation,P13500,NA,9790534,"The complex contains the histone deacetylases HDAC1/2, histone-binding proteins, the dermatomyositis-specific autoantigen Mi2beta, a polypeptide related to the metastasis-associated protein 1, and a novel polypeptide of 32 kDa"
Smurf1,transforming growth factor-beta type I receptor,Complex_formation,NA,P14210,12151385,Smurf1 then associates with transforming growth factor-beta type I receptor (TbetaR-I) and enhances the turnover of this receptor
beta,GRP78,Positive_regulation,Q99731,NA,14973138,"Because ER stress activates nuclear translocation of both ATF6alpha and beta and because both bind to ERSEs, the effect of co-expressing them on GRP78 induction was assessed"
TN,GRP78,Positive_regulation,P01374,NA,14973138,"Moreover, N-ATF6beta inhibited TN-mediated GRP78 promoter activation, which requires endogenous ATF6alpha"
TN,GRP78,Regulation_of_transcription,P01374,NA,14973138,"Moreover, N-ATF6beta inhibited TN-mediated GRP78 promoter activation, which requires endogenous ATF6alpha"
2,eNOS,Catalysis_of_palmitoylation,P13500,NA,16864653,"Transfection of human embryonic kidney 293 cells with the complementary DNA (cDNA) for eNOS and 23 cDNA clones encoding the Asp-His-His-Cys motif (DHHC) palmitoyl transferase family members showed that five clones (2, 3, 7, 8, and 21) enhanced incorporation of [3H]-palmitate into eNOS"
3,eNOS,Catalysis_of_palmitoylation,Q99731,NA,16864653,"Transfection of human embryonic kidney 293 cells with the complementary DNA (cDNA) for eNOS and 23 cDNA clones encoding the Asp-His-His-Cys motif (DHHC) palmitoyl transferase family members showed that five clones (2, 3, 7, 8, and 21) enhanced incorporation of [3H]-palmitate into eNOS"
7,eNOS,Catalysis_of_palmitoylation,Q16552,NA,16864653,"Transfection of human embryonic kidney 293 cells with the complementary DNA (cDNA) for eNOS and 23 cDNA clones encoding the Asp-His-His-Cys motif (DHHC) palmitoyl transferase family members showed that five clones (2, 3, 7, 8, and 21) enhanced incorporation of [3H]-palmitate into eNOS"
8,eNOS,Catalysis_of_palmitoylation,Q14116,NA,16864653,"Transfection of human embryonic kidney 293 cells with the complementary DNA (cDNA) for eNOS and 23 cDNA clones encoding the Asp-His-His-Cys motif (DHHC) palmitoyl transferase family members showed that five clones (2, 3, 7, 8, and 21) enhanced incorporation of [3H]-palmitate into eNOS"
21,eNOS,Catalysis_of_palmitoylation,P40933,NA,16864653,"Transfection of human embryonic kidney 293 cells with the complementary DNA (cDNA) for eNOS and 23 cDNA clones encoding the Asp-His-His-Cys motif (DHHC) palmitoyl transferase family members showed that five clones (2, 3, 7, 8, and 21) enhanced incorporation of [3H]-palmitate into eNOS"
2,eNOS,Complex_formation,P13500,NA,16864653,"Transfection of human embryonic kidney 293 cells with the complementary DNA (cDNA) for eNOS and 23 cDNA clones encoding the Asp-His-His-Cys motif (DHHC) palmitoyl transferase family members showed that five clones (2, 3, 7, 8, and 21) enhanced incorporation of [3H]-palmitate into eNOS. Human endothelial cells express all five of these enzymes, which colocalize with eNOS in the Golgi and plasma membrane and interact with eNOS"
3,eNOS,Complex_formation,Q99731,NA,16864653,"Transfection of human embryonic kidney 293 cells with the complementary DNA (cDNA) for eNOS and 23 cDNA clones encoding the Asp-His-His-Cys motif (DHHC) palmitoyl transferase family members showed that five clones (2, 3, 7, 8, and 21) enhanced incorporation of [3H]-palmitate into eNOS. Human endothelial cells express all five of these enzymes, which colocalize with eNOS in the Golgi and plasma membrane and interact with eNOS"
7,eNOS,Complex_formation,Q16552,NA,16864653,"Transfection of human embryonic kidney 293 cells with the complementary DNA (cDNA) for eNOS and 23 cDNA clones encoding the Asp-His-His-Cys motif (DHHC) palmitoyl transferase family members showed that five clones (2, 3, 7, 8, and 21) enhanced incorporation of [3H]-palmitate into eNOS. Human endothelial cells express all five of these enzymes, which colocalize with eNOS in the Golgi and plasma membrane and interact with eNOS"
8,eNOS,Complex_formation,Q14116,NA,16864653,"Transfection of human embryonic kidney 293 cells with the complementary DNA (cDNA) for eNOS and 23 cDNA clones encoding the Asp-His-His-Cys motif (DHHC) palmitoyl transferase family members showed that five clones (2, 3, 7, 8, and 21) enhanced incorporation of [3H]-palmitate into eNOS. Human endothelial cells express all five of these enzymes, which colocalize with eNOS in the Golgi and plasma membrane and interact with eNOS"
21,eNOS,Complex_formation,P40933,NA,16864653,"Transfection of human embryonic kidney 293 cells with the complementary DNA (cDNA) for eNOS and 23 cDNA clones encoding the Asp-His-His-Cys motif (DHHC) palmitoyl transferase family members showed that five clones (2, 3, 7, 8, and 21) enhanced incorporation of [3H]-palmitate into eNOS. Human endothelial cells express all five of these enzymes, which colocalize with eNOS in the Golgi and plasma membrane and interact with eNOS"
Swi5,Sfr1,Complex_formation,NA,P14210,22033972,"Fission yeast Swi5-Sfr1 protein complex, an activator of Rad51 recombinase, forms an extremely elongated dogleg-shaped structure"
Swi5,Sfr1,Complex_formation,NA,P14210,22033972,"One such mediator in the fission yeast Schizosaccharomyces pombe is the Swi5-Sfr1 complex, which has been identified as an activator of Rad51 that assists in presynaptic filament formation and stimulates its strand exchange reaction"
Swi5,Sfr1,Complex_formation,NA,P14210,22033972,"Here, we determined the 1:1 binding stoichiometry between the two subunits of the Swi5-Sfr1 complex using analytical ultracentrifugation and electrospray ionization mass spectrometry"
Swi5,Sfr1,Complex_formation,NA,P14210,22033972,"Small-angle x-ray scattering experiments revealed that the Swi5-Sfr1 complex displays an extremely elongated dogleg-shaped structure in solution, which is consistent with its exceptionally high frictional ratio (f/f(0)) of 2"
Swi5,Sfr1,Complex_formation,NA,P14210,22033972,"Furthermore, we determined a rough topology of the complex by comparing the small-angle x-ray scattering-based structures of the Swi5-Sfr1 complex and four Swi5-Sfr1-Fab complexes, in which the Fab fragments of monoclonal antibodies were specifically bound to experimentally determined sites of Sfr1"
Swi5,Sfr1,Complex_formation,NA,P14210,22033972,"Furthermore, we determined a rough topology of the complex by comparing the small-angle x-ray scattering-based structures of the Swi5-Sfr1 complex and four Swi5-Sfr1-Fab complexes, in which the Fab fragments of monoclonal antibodies were specifically bound to experimentally determined sites of Sfr1"
Swi5,Sfr1,Complex_formation,NA,P14210,22033972,"We propose a model for how the Swi5-Sfr1 complex binds to the Rad51 filament, in which the Swi5-Sfr1 complex fits into the groove of the Rad51 filament, leading to an active and stable presynaptic filament"
Sfr1,Rad51,Complex_formation,P14210,NA,22033972,"We propose a model for how the Swi5-Sfr1 complex binds to the Rad51 filament, in which the Swi5-Sfr1 complex fits into the groove of the Rad51 filament, leading to an active and stable presynaptic filament"
Swi5,Sfr1,Complex_formation,NA,P14210,22033972,"We propose a model for how the Swi5-Sfr1 complex binds to the Rad51 filament, in which the Swi5-Sfr1 complex fits into the groove of the Rad51 filament, leading to an active and stable presynaptic filament"
Sfr1,Rad51,Complex_formation,P14210,NA,22033972,"We propose a model for how the Swi5-Sfr1 complex binds to the Rad51 filament, in which the Swi5-Sfr1 complex fits into the groove of the Rad51 filament, leading to an active and stable presynaptic filament"
Sfr1,Rad51,Positive_regulation,P14210,NA,22033972,"Fission yeast Swi5-Sfr1 protein complex, an activator of Rad51 recombinase, forms an extremely elongated dogleg-shaped structure"
Sfr1,Rad51,Positive_regulation,P14210,NA,22033972,"One such mediator in the fission yeast Schizosaccharomyces pombe is the Swi5-Sfr1 complex, which has been identified as an activator of Rad51 that assists in presynaptic filament formation and stimulates its strand exchange reaction"
Sfr1,Rad51,Positive_regulation,P14210,NA,22033972,"We propose a model for how the Swi5-Sfr1 complex binds to the Rad51 filament, in which the Swi5-Sfr1 complex fits into the groove of the Rad51 filament, leading to an active and stable presynaptic filament"
WW domain containing E3 ubiquitin protein ligase 1,EGFR,Positive_regulation,NA,P01133,18724389,The WW domain containing E3 ubiquitin protein ligase 1 upregulates ErbB2 and EGFR through RING finger protein 11
RNF11,EGFR,Negative_regulation,NA,P01133,18724389,"WWP1 forms a protein complex with RING finger protein 11 (RNF11), a negative regulator of ErbB2 and EGFR"
WWP1,EGFR,Negative_regulation,NA,P01133,18724389,"Importantly, inhibition of RNF11 can rescue WWP1 siRNA-induced ErbB2 and EGFR downregulation and growth arrest"
WWP1,EGFR,Positive_regulation,NA,P01133,18724389,These findings suggest that WWP1 may promote cell proliferation and survival partially through suppressing RNF11-mediated ErbB2 and EGFR downregulation
RNF11,EGFR,Negative_regulation,NA,P01133,18724389,These findings suggest that WWP1 may promote cell proliferation and survival partially through suppressing RNF11-mediated ErbB2 and EGFR downregulation
RAP30,74,Complex_formation,NA,O14625,9765293,TFIIF (RAP30/74) is a general initiation factor that also increases the rate of elongation by RNA polymerase II
H1,H3,Out-of-scope,O14625,NA,16431907,"In addition, we found that the EZH2 complex exhibits a dramatic preference for dinucleosomes when compared with mononucleosomes and that the stimulation of H3 methylation by H1 requires dinucleosomes or oligonucleosome substrates"
EGFR,Stat3,Positive_regulation,P01133,NA,17712310_12,"Surprisingly, the activity of EGFR/V738InsKIPVAI was inhibited by gefitinib, as was the activation status of both downstream effectors Akt and Stat3"
EGFR,Stat3,Positive_regulation,P01133,NA,17712310_12,"Next, we examined the effects of gefitinib and 17-AAG, separately and together, on EGFR activation status and on constitutive activation of the prosurvival Akt and Stat3 downstream-signalling pathways, previously shown to be key mediators of mutant EGFR-dependent tumorigenesis"
EGFR,Stat3,Positive_regulation,P01133,NA,17712310_12,"In support of this hypothesis, 17-AAG inhibited the activation of Akt and Stat3 independent of the particular EGFR insertion mutant under examination, and with the possible exception of EGFR/V738InsKIPVAI, its activity did not appear to be additive with that of gefitinib"
Hsp90,EGFR,Positive_regulation,NA,P01133,17712310_12,"From these data, we conclude that EGFR exon 20 insertion mutants, even though they resist inhibition by gefinitib, depend strongly on association with Hsp90 for their stability and function"
alpha chain,GM-CSF,Complex_formation,NA,P04141,20338813_24,"However, the alpha chain had a reduced molecular weight, abnormal glycosylation pattern, reduced GM-CSF binding, and impaired activation of STAT5"
GM-CSF,GM-CSF receptor alpha,Complex_formation,P04141,P14210,20338813_24,"33 encompassing the maternal CSF2RA allele, and a point mutation (G196R) in the paternal CSF2RA allele that altered glycosylation of the GM-CSF receptor alpha peptide and markedly reduced GM-CSF binding"
Smad ubiquitination regulatory factor 2,Axin,Regulation,NA,P51671,20858899,"The protein stability of Axin, a negative regulator of Wnt signaling, is regulated by Smad ubiquitination regulatory factor 2 (Smurf2)"
Axin,beta-catenin,Regulation,P51671,NA,20858899,"Axin is a negative regulator of Wnt/beta-catenin signaling via regulating the level of beta-catenin, which is a key effector molecule"
Smurf2,Axin,Catalysis_of_ubiquitination,NA,P51671,20858899,"Here, we show that Smurf2 is an E3 ubiquitin ligase for Axin"
Smurf2,Axin,Negative_regulation,NA,P51671,20858899,Transient expression of Smurf2 down-regulated the level of Axin and increased the ubiquitination of Axin
Smurf2,Axin,Catalysis_of_ubiquitination,NA,P51671,20858899,Transient expression of Smurf2 down-regulated the level of Axin and increased the ubiquitination of Axin
Smurf2,Axin,Catalysis_of_ubiquitination,NA,P51671,20858899,"Conversely, shRNA specific to Smurf2 blocked Axin ubiquitination"
Axin,Smurf2,Complex_formation,P51671,NA,20858899,Essential domains of Axin responsible for Smurf2 interaction as well as Smurf2-mediated down-regulation and ubiquitination were identified
Smurf2,Axin,Negative_regulation,NA,P51671,20858899,Essential domains of Axin responsible for Smurf2 interaction as well as Smurf2-mediated down-regulation and ubiquitination were identified
Smurf2,Axin,Catalysis_of_ubiquitination,NA,P51671,20858899,Essential domains of Axin responsible for Smurf2 interaction as well as Smurf2-mediated down-regulation and ubiquitination were identified
Smurf2,Axin,Catalysis_of_ubiquitination,NA,P51671,20858899,In vitro ubiquitination assays followed by analysis using mass spectroscopy revealed that Smurf2 specifically ubiquitinylated Lys(505) of Axin and that the Axin(K505R) mutant resisted degradation
Smurf2,Axin,Catalysis_of_ubiquitination,NA,P51671,20858899,"Overall, our data strongly suggest that Smurf2 is a genuine E3 ligase for Axin"
Smurf2,Axin,Regulation_of_degradation,NA,P51671,20858899,Knockdown of endogenous Smurf2 increased the level of endogenous Axin and resulted in reduced beta-catenin/Tcf reporter activity
cyclin D,6,Complex_formation,NA,O95760,11416152,"Furthermore, using transducible dominant-negative TAT fusion proteins that differentially target cyclin D-Cdk4 or cyclin D-Cdk6 (cyclin D-Cdk4/6) and cyclin E-Cdk2 complexes, namely, TAT-p16 and TAT-dominant-negative Cdk2, respectively, we found that, in vivo, cyclin D-Cdk4/6 complexes hypophosphorylate pRB in early G(1) and that cyclin E-Cdk2 complexes inactivate pRB by hyperphosphorylation in late G(1)"
cyclin D,6,Complex_formation,NA,O95760,11416152,"Furthermore, using transducible dominant-negative TAT fusion proteins that differentially target cyclin D-Cdk4 or cyclin D-Cdk6 (cyclin D-Cdk4/6) and cyclin E-Cdk2 complexes, namely, TAT-p16 and TAT-dominant-negative Cdk2, respectively, we found that, in vivo, cyclin D-Cdk4/6 complexes hypophosphorylate pRB in early G(1) and that cyclin E-Cdk2 complexes inactivate pRB by hyperphosphorylation in late G(1)"
6,pRB,Catalysis_of_phosphorylation,O95760,NA,11416152,"Furthermore, using transducible dominant-negative TAT fusion proteins that differentially target cyclin D-Cdk4 or cyclin D-Cdk6 (cyclin D-Cdk4/6) and cyclin E-Cdk2 complexes, namely, TAT-p16 and TAT-dominant-negative Cdk2, respectively, we found that, in vivo, cyclin D-Cdk4/6 complexes hypophosphorylate pRB in early G(1) and that cyclin E-Cdk2 complexes inactivate pRB by hyperphosphorylation in late G(1)"
cyclin D,6,Complex_formation,NA,O95760,11416152,"Moreover, we found that cycling human tumor cells expressing deregulated cyclin D-Cdk4/6 complexes, due to deletion of the p16(INK4a) gene, contained hypophosphorylated pRB that was bound to E2Fs in early G(1) and that E2F-responsive genes, including those for dihydrofolate reductase and cyclin E, were transcriptionally repressed"
Mcm2,7,Complex_formation,NA,Q16552,19896182_32,"The loading of Mcm2-7 requires ORC, Cdc6 and hydrolysable ATP, consistent with requirements in vivo"
Cdc6,7,Regulation,NA,Q16552,19896182_32,"The loading of Mcm2-7 requires ORC, Cdc6 and hydrolysable ATP, consistent with requirements in vivo"
Mcm2,7,Complex_formation,NA,Q16552,19896182_32,The requirement for Cdt1 was not tested because it is an integral component of the Mcm2-7 complex
Cdt1,7,Complex_formation,NA,Q16552,19896182_32,The requirement for Cdt1 was not tested because it is an integral component of the Mcm2-7 complex
Mcm2,7,Complex_formation,NA,Q16552,19896182_32,"The interaction of Cdt1 with both Mcm2-7 and Orc6, suggests that it may act as a bridge between ORC and Mcm2-7"
Mcm2,7,Complex_formation,NA,Q16552,19896182_32,"The interaction of Cdt1 with both Mcm2-7 and Orc6, suggests that it may act as a bridge between ORC and Mcm2-7"
Cdt1,7,Complex_formation,NA,Q16552,19896182_32,"The interaction of Cdt1 with both Mcm2-7 and Orc6, suggests that it may act as a bridge between ORC and Mcm2-7"
Mcm2,7,Complex_formation,NA,Q16552,19896182_32,"However, our results demonstrate that Cdc6 is also essential to recruit Mcm2-7 to origins, indicating that additional interactions are involved in this recruitment"
Cdc6,7,Regulation,NA,Q16552,19896182_32,"However, our results demonstrate that Cdc6 is also essential to recruit Mcm2-7 to origins, indicating that additional interactions are involved in this recruitment"
Cdt1,7,Complex_formation,NA,Q16552,19896182_32,"The interaction of Cdt1 with both Mcm2-7 and Orc6, suggests that it may act as a bridge between ORC and Mcm2-7"
UTX,2,Catalysis_of_demethylation,NA,P13500,17851529,Here we show that the JmjC-domain-containing related proteins UTX and JMJD3 catalyse demethylation of H3K27me3/2
JMJD3,2,Catalysis_of_demethylation,NA,P13500,17851529,Here we show that the JmjC-domain-containing related proteins UTX and JMJD3 catalyse demethylation of H3K27me3/2
nuclear receptor corepressor,TNF-alpha,Regulation_of_transcription,NA,P01375,18832723,Chromatin immunoprecipitation analysis demonstrated that AC prevented the LPS-induced removal of nuclear receptor corepressor (NCoR) from the kappaB site within the TNF-alpha promoter
MOZ,-2,Complex_formation,NA,P60568,18794358,"The monocytic leukemia zinc finger protein MOZ and the related factor MORF form tetrameric complexes with ING5 (inhibitor of growth 5), EAF6 (Esa1-associated factor 6 ortholog), and the bromodomain-PHD finger protein BRPF1, -2, or -3"
MOZ,-3,Complex_formation,NA,Q99731,18794358,"The monocytic leukemia zinc finger protein MOZ and the related factor MORF form tetrameric complexes with ING5 (inhibitor of growth 5), EAF6 (Esa1-associated factor 6 ortholog), and the bromodomain-PHD finger protein BRPF1, -2, or -3"
MORF,-2,Complex_formation,NA,P60568,18794358,"The monocytic leukemia zinc finger protein MOZ and the related factor MORF form tetrameric complexes with ING5 (inhibitor of growth 5), EAF6 (Esa1-associated factor 6 ortholog), and the bromodomain-PHD finger protein BRPF1, -2, or -3"
MORF,-3,Complex_formation,NA,Q99731,18794358,"The monocytic leukemia zinc finger protein MOZ and the related factor MORF form tetrameric complexes with ING5 (inhibitor of growth 5), EAF6 (Esa1-associated factor 6 ortholog), and the bromodomain-PHD finger protein BRPF1, -2, or -3"
Spitz,EGF,Complex_formation,NA,P01133,20599894,"Similarly, the palmitoylases Porcupine and Raspberry increase the activities of Wingless (Wg) and the EGF-ligand Spitz (Spi), respectively"
TR,RXR,Complex_formation,P13500,NA,11713274,"Our results suggest a bivalent interaction model, where a single NRIF3 molecule utilizes both the C-terminal LXXIL (receptor-interacting domain 1 [RID1]) and the N-terminal LXXLL (RID2) modules to cooperatively interact with TR or RXR (presumably a receptor dimer), with the spacing between RID1 and RID2 playing an important role in influencing the affinity of the interactions"
NRIF3,TR,Complex_formation,NA,P13500,11713274,"Our results suggest a bivalent interaction model, where a single NRIF3 molecule utilizes both the C-terminal LXXIL (receptor-interacting domain 1 [RID1]) and the N-terminal LXXLL (RID2) modules to cooperatively interact with TR or RXR (presumably a receptor dimer), with the spacing between RID1 and RID2 playing an important role in influencing the affinity of the interactions"
PID,p53,Complex_formation,P01133,NA,11099047,"PID specifically interacts with p53 both in vitro and in vivo, and its expression reduces significantly the steady-state levels of acetylated p53"
PID,p53,Negative_regulation,P01133,NA,11099047,"PID expression strongly represses p53-dependent transcriptional activation, and, notably, it modulates p53-mediated cell growth arrest and apoptosis"
PID,p53,Regulation,P01133,NA,11099047,"PID expression strongly represses p53-dependent transcriptional activation, and, notably, it modulates p53-mediated cell growth arrest and apoptosis"
PID,metastasis-associated protein 2,Complex_formation,P01133,NA,11099047,"We have also purified a p53 target protein in the deacetylase complexes (designated PID; but identical to metastasis-associated protein 2 (MTA2)), which has been identified as a component of the NuRD complex"
PID,MTA2,Complex_formation,P01133,NA,11099047,These results show that deacetylation and functional interactions by the PID/MTA2-associated NuRD complex may represent an important pathway to regulate p53 function
Ni,Mcm2,Complex_formation,P09603,NA,27751725,"We also observed a substantially reduced replication protein A- chromatin immunoprecipitation signal at origins of replication, reduced levels of DDK-phosphorylated Mcm2, and diminished Go, Ichi, Ni, and San (GINS) association with Mcm2-7 in vivo"
Go,Ni,Complex_formation,NA,P09603,27751725,"We also observed a substantially reduced replication protein A- chromatin immunoprecipitation signal at origins of replication, reduced levels of DDK-phosphorylated Mcm2, and diminished Go, Ichi, Ni, and San (GINS) association with Mcm2-7 in vivo"
Ichi,Ni,Complex_formation,NA,P09603,27751725,"We also observed a substantially reduced replication protein A- chromatin immunoprecipitation signal at origins of replication, reduced levels of DDK-phosphorylated Mcm2, and diminished Go, Ichi, Ni, and San (GINS) association with Mcm2-7 in vivo"
Ni,San,Complex_formation,P09603,NA,27751725,"We also observed a substantially reduced replication protein A- chromatin immunoprecipitation signal at origins of replication, reduced levels of DDK-phosphorylated Mcm2, and diminished Go, Ichi, Ni, and San (GINS) association with Mcm2-7 in vivo"
APO-1,3,Complex_formation,NA,Q99731,8521815,"CAP1-3 (27-29 kDa) and CAP4 (55 kDa), instantly detectable after the crosslinking of APO-1, were associated only with aggregated (the signaling form of APO-1) and not with monomeric APO-1"
4,APO-1,Complex_formation,P09919,NA,8521815,The association of CAP1-4 with APO-1 was not observed with C-terminally truncated non-signaling APO-1
4,APO-1,Regulation,P09919,NA,8521815,Our data suggest that in vivo CAP1-4 are the APO-1 apoptosis-transducing molecules
Ran,SREBP-2,Negative_regulation,P09919,NA,10397761,Ran-GTP but not Ran-GDP causes the dissociation of the SREBP-2-importin beta complex
Ran,SREBP-2,Out-of-scope,P09919,NA,10397761,Ran-GTP but not Ran-GDP causes the dissociation of the SREBP-2-importin beta complex
Ran,p10,Complex_formation,P09919,NA,10397761,"In the permeabilized cell in vitro transport system, nuclear import of SREBP-2 is reconstituted only by importin beta in conjunction with Ran and its interacting protein p10/NTF2"
Ran,SREBP-2,Regulation,P09919,NA,10397761,"In the permeabilized cell in vitro transport system, nuclear import of SREBP-2 is reconstituted only by importin beta in conjunction with Ran and its interacting protein p10/NTF2"
C34,C31,Complex_formation,NA,P09603,8407894,"A system that detects the formation of complexes between different proteins by linking them to separate domains of the GAL4 transcription activator protein has been used to study protein-protein interactions between four essential and unique subunits of yeast RNA polymerase III (C82, C53, C34 and C31), the 70-kDa component of the initiation transcription factor IIIB (TFIIIB70) and the TATA-binding protein"
C82,C31,Complex_formation,NA,P09603,8407894,"A system that detects the formation of complexes between different proteins by linking them to separate domains of the GAL4 transcription activator protein has been used to study protein-protein interactions between four essential and unique subunits of yeast RNA polymerase III (C82, C53, C34 and C31), the 70-kDa component of the initiation transcription factor IIIB (TFIIIB70) and the TATA-binding protein"
C53,C31,Complex_formation,NA,P09603,8407894,"A system that detects the formation of complexes between different proteins by linking them to separate domains of the GAL4 transcription activator protein has been used to study protein-protein interactions between four essential and unique subunits of yeast RNA polymerase III (C82, C53, C34 and C31), the 70-kDa component of the initiation transcription factor IIIB (TFIIIB70) and the TATA-binding protein"
C34,C31,Complex_formation,NA,P09603,8407894,"We found that C82, C34, and C31 are able to combine with each other in vivo and that C34 interacts with TFIIIB70"
C82,C31,Complex_formation,NA,P09603,8407894,"We found that C82, C34, and C31 are able to combine with each other in vivo and that C34 interacts with TFIIIB70"
DNMT3B,RASSF1A,Regulation_of_transcription,NA,P14210,19854132_46,"However, we have found that knockdown of HOXB3, EZH2 or MYC results in loss of DNMT3B recruitment, decreased promoter methylation and RASSF1A de-repression"
S,EcfT,Complex_formation,P14210,NA,26052893_5,The S subunit in each structure interacts exclusively with EcfT
C3,rho p21,Catalysis_of_ADP-ribosylation,P09603,NA,1634508,"On the other hand, rho p21 was previously shown to be ADP-ribosylated by bacterial ADP-ribosyltransferases, named C3 and EDIN, at Asn41 in the putative effector region of rho p21"
menin,4,Positive_regulation,NA,P09919,11274402,"Menin interacts with Smad3, and antisense menin suppresses transforming growth factor type beta-induced and Smad3-induced transcriptional activity by inhibiting Smad3/4-DNA binding at specific transcriptional regulatory sites"
pVHL,C,Complex_formation,NA,Q14116,22086907_3,"The N-terminal beta domain is associated with target protein recognition, while the alpha domain contains a SOCS box that interacts with elongin C and links pVHL to the ubiquitin-ligase complex containing elongin B and C and Cul2"
elongin B,C,Complex_formation,NA,Q14116,22086907_3,"The N-terminal beta domain is associated with target protein recognition, while the alpha domain contains a SOCS box that interacts with elongin C and links pVHL to the ubiquitin-ligase complex containing elongin B and C and Cul2"
C,Cul2,Complex_formation,Q14116,NA,22086907_3,"The N-terminal beta domain is associated with target protein recognition, while the alpha domain contains a SOCS box that interacts with elongin C and links pVHL to the ubiquitin-ligase complex containing elongin B and C and Cul2"
FLIP,TNF-alpha,Negative_regulation,NA,P01375,18838202,Overexpression of FLIP reduced TRAIL and TNF-alpha-induced apoptosis in ML-1 cells
TNF-alpha,FLIPL,Regulation,P01375,NA,18838202,"Thus, FLIPL and FLIPS exerted differential effects in myeloid leukemic cell lines in response to TRAIL and TNF-alpha"
TNF-alpha,FLIPS,Regulation,P01375,NA,18838202,"Thus, FLIPL and FLIPS exerted differential effects in myeloid leukemic cell lines in response to TRAIL and TNF-alpha"
PCSK9,LDL receptor,Out-of-scope,NA,P78380,16912035,"Thus, we propose that PCSK9 levels are finely regulated by the basic amino acid convertases furin and PC5/6A. The latter may reduce the lifetime of this proteinase and its ability to degrade the cell-surface LDL receptor, thereby regulating the levels of circulating LDL cholesterol"
PCSK9,LDL receptor,Negative_regulation,NA,P78380,16912035,"Thus, we propose that PCSK9 levels are finely regulated by the basic amino acid convertases furin and PC5/6A. The latter may reduce the lifetime of this proteinase and its ability to degrade the cell-surface LDL receptor, thereby regulating the levels of circulating LDL cholesterol"
IL-1beta,TNF receptor-associated factor 6,Positive_regulation,P01584,NA,22069318,We observed that TAK1 polyubiquitination occurred at Lys-34 and required the E3 ubiquitin ligase TNF receptor-associated factor 6 after stimulation of cells with IL-1beta
TAK1,IL-6,Regulation_of_gene_expression,NA,P05231,22069318,"Expression of a K34R-mutant TAK1 led to a reduced NF-kappaB activation, IL-6 promoter activity, and proinflammatory cytokine secretion by TNF-alpha-stimulated PC-3U cells"
TAK1,IL-6,Positive_regulation,NA,P05231,22069318,"Expression of a K34R-mutant TAK1 led to a reduced NF-kappaB activation, IL-6 promoter activity, and proinflammatory cytokine secretion by TNF-alpha-stimulated PC-3U cells"
interferon gamma,SOCS-3,Positive_regulation,P01579,NA,14742442,"On the basis of the observations that interferon gamma (IFNgamma) up-regulates SOCS-3 gene and protein expression in primary mouse macrophages, J774 macrophage cell line and embryonal fibroblasts, we investigated which sequences of the 5' SOCS-3 gene are responsive to IFNgamma"
interferon gamma,SOCS-3,Regulation_of_translation,P01579,NA,14742442,"On the basis of the observations that interferon gamma (IFNgamma) up-regulates SOCS-3 gene and protein expression in primary mouse macrophages, J774 macrophage cell line and embryonal fibroblasts, we investigated which sequences of the 5' SOCS-3 gene are responsive to IFNgamma"
interferon gamma,SOCS-3,Regulation_of_transcription,P01579,NA,14742442,"On the basis of the observations that interferon gamma (IFNgamma) up-regulates SOCS-3 gene and protein expression in primary mouse macrophages, J774 macrophage cell line and embryonal fibroblasts, we investigated which sequences of the 5' SOCS-3 gene are responsive to IFNgamma"
interferon gamma,SOCS-3,Regulation,P01579,NA,14742442,Analysis of SOCS-3 promoter responses to interferon gamma
hepatocyte growth factor,MET,Complex_formation,P14210,P39900,24814316_4,"The receptor tyrosine kinase (RTK) MET is activated by its ligand the hepatocyte growth factor (HGF) and is a potent regulator of morphogenesis and migration, during development and in response to tissue injury in the adult"
hepatocyte growth factor,MET,Positive_regulation,P14210,P39900,24814316_4,"The receptor tyrosine kinase (RTK) MET is activated by its ligand the hepatocyte growth factor (HGF) and is a potent regulator of morphogenesis and migration, during development and in response to tissue injury in the adult"
HGF,MET,Positive_regulation,P14210,P39900,24814316_4,"MET activation induced by receptor overexpression, genetic amplification, mutation, or increased HGF secretion is frequently observed in cancer cells"
HGF,MET,Positive_regulation,P14210,P39900,24814316_4,"HGF stimulation results in MET activation and subsequent phosphorylation of key tyrosine residues that regulate the recruitment of adaptor proteins, MET internalization, transient endosomal signaling, and MET receptor trafficking toward either degradation or recycling back to the membrane"
MET,TNS4,Complex_formation,P39900,NA,24814316_14,"To test whether the TNS4 SH2 domain directly interacts with MET, and to map the MET pY residue(s) required for TNS4 association (Figure S2D), we employed an in vitro ELISA binding assay"
TNS4,MET,Complex_formation,NA,P39900,24814316_14,MET peptides containing Y1003 and Y1365 demonstrated only residual binding to GST-TNS4-SH2-PTB
MET,TNS4,Complex_formation,P39900,NA,24814316_14,"MET peptides encompassing Y1234-Y1235 and Y1349 exhibited intermediate binding, whereas peptides containing Y1313, Y1356, and the combination of Y1349 and Y1356 presented the strongest interaction with GST-TNS4-SH2-PTB (Figures 2F and 2G)"
TNS4,MET,Complex_formation,NA,P39900,24814316_14,We next compared a consensus pY recognition sequence reported for TNS4 SH2 domain binding with the MET phosphopeptide sequences and with a previously reported sequence of DLC-1 that also binds TNS4 SH2 domain
MET,TNS4,Complex_formation,P39900,NA,24814316_14,", the interaction affinity between MET and TNS4, correlated with the degree of sequence homology between the MET phosphopeptides and the consensus pY recognition motif reported for TNS4 SH2 domain (Figure 2H)"
MET,TNS4,Complex_formation,P39900,NA,24814316_14,", the interaction affinity between MET and TNS4, correlated with the degree of sequence homology between the MET phosphopeptides and the consensus pY recognition motif reported for TNS4 SH2 domain (Figure 2H)"
TNS4,MET,Out-of-scope,NA,P39900,24814316_14,"To test whether the TNS4 SH2 domain directly interacts with MET, and to map the MET pY residue(s) required for TNS4 association (Figure S2D), we employed an in vitro ELISA binding assay"
protein arginine methyltransferase 6,Sin3a,Complex_formation,P14210,NA,22777353,"Here, we identify protein arginine methyltransferase 6 (PRMT6) as a central functional component of a RUNX1 corepressor complex containing Sin3a and HDAC1 in human hematopoietic progenitor cells"
protein arginine methyltransferase 6,HDAC1,Complex_formation,P14210,NA,22777353,"Here, we identify protein arginine methyltransferase 6 (PRMT6) as a central functional component of a RUNX1 corepressor complex containing Sin3a and HDAC1 in human hematopoietic progenitor cells"
protein arginine methyltransferase 6,RUNX1,Complex_formation,P14210,NA,22777353,"Here, we identify protein arginine methyltransferase 6 (PRMT6) as a central functional component of a RUNX1 corepressor complex containing Sin3a and HDAC1 in human hematopoietic progenitor cells"
Tax,VCAM-1,Positive_regulation,P51671,NA,9343210,The role of the viral trans-activator Tax protein in the induction of VCAM-1 was first indicated by the detection of this adhesion molecule on Jurkat T-cell clones stably expressing the tax gene
Tax,VCAM-1,Regulation_of_transcription,P51671,NA,9343210,"Furthermore, deletion and mutation analyses of the VCAM-1 promoter performed with chloramphenicol acetyltransferase constructs revealed that Tax was trans activating the VCAM-1 promoter via two NF-kappaB sites present at bp -72 and -57 in the VCAM-1 gene promoter, with both of them being required for the Tax-induced expression of this adhesion molecule"
Tax,vascular cell adhesion molecule-1,Positive_regulation,P51671,NA,9343210,Transcriptional activation of the vascular cell adhesion molecule-1 gene in T lymphocytes expressing human T-cell leukemia virus type 1 Tax protein
Tax,VCAM-1,Regulation_of_gene_expression,P51671,NA,9343210,The role of the viral trans-activator Tax protein in the induction of VCAM-1 was first indicated by the detection of this adhesion molecule on Jurkat T-cell clones stably expressing the tax gene
Tax,VCAM-1,Regulation_of_transcription,P51671,NA,9343210,"The effect of Tax on VCAM-1 gene transcription was next confirmed in JPX-9 cells, a subclone of Jurkat cells, carrying the tax sequences under the control of an inducible promoter"
Tax,VCAM-1,Positive_regulation,P51671,NA,9343210,"Furthermore, deletion and mutation analyses of the VCAM-1 promoter performed with chloramphenicol acetyltransferase constructs revealed that Tax was trans activating the VCAM-1 promoter via two NF-kappaB sites present at bp -72 and -57 in the VCAM-1 gene promoter, with both of them being required for the Tax-induced expression of this adhesion molecule"
Tax,VCAM-1,Positive_regulation,P51671,NA,9343210,"Finally, gel mobility shift assays demonstrated the nuclear translocation of proteins specifically bound to these two NF-kappaB motifs, confirming that VCAM-1 was induced on Tax-expressing cells in a kappaB-dependent manner"
Tax,VCAM-1,Positive_regulation,P51671,NA,9343210,"Collectively, these results therefore suggest that the exclusive Tax-induced expression of VCAM-1 on T cells may represent a pivotal event in the progression of HTLV-1-associated diseases"
Tax,VCAM-1,Regulation_of_gene_expression,P51671,NA,9343210,"Collectively, these results therefore suggest that the exclusive Tax-induced expression of VCAM-1 on T cells may represent a pivotal event in the progression of HTLV-1-associated diseases"
IL-4,STAT6,Regulation,P05112,NA,9317131,"In the case of IgE class switching, IL-4 activates the IgE germline promoter by inducing the interaction of the transcription factor STAT6 (IL-4STAT) with a responsive DNA element in the proximal region of the promoter"
ASF1,RPA,Regulation,P14210,NA,25593184_7,"Interestingly, a recent study showed that loss of the histone chaperone ASF1 led to the acquisition of several ALT phenotypes, including accumulation of RPA at telomeres"
Nedd8,-2,Complex_formation,NA,P60568,18247557,"A total of 496 GST-Nedd8 modified and associated proteins have been identified, including all of the eight cullin family members (i.e., Cul-1, -2, -3, -4A, -4B, -5, -7, and Parc) that are involved in the neddylation and ubiquitin-proteasome degradation pathway"
Nedd8,-3,Complex_formation,NA,Q99731,18247557,"A total of 496 GST-Nedd8 modified and associated proteins have been identified, including all of the eight cullin family members (i.e., Cul-1, -2, -3, -4A, -4B, -5, -7, and Parc) that are involved in the neddylation and ubiquitin-proteasome degradation pathway"
Nedd8,-7,Complex_formation,NA,P13232,18247557,"A total of 496 GST-Nedd8 modified and associated proteins have been identified, including all of the eight cullin family members (i.e., Cul-1, -2, -3, -4A, -4B, -5, -7, and Parc) that are involved in the neddylation and ubiquitin-proteasome degradation pathway"
mNFATc,IL-2,Regulation_of_transcription,NA,P60568,9388475,mNFATc complexed with AP-1 bound specifically to the murine IL-2 NFAT recognition sequence and activated transcription from the co-transfected IL-2 promoter in COS-7 cells
mNFATc,IL-2,Positive_regulation,NA,P60568,9388475,mNFATc complexed with AP-1 bound specifically to the murine IL-2 NFAT recognition sequence and activated transcription from the co-transfected IL-2 promoter in COS-7 cells
mNFATc,IL-2,Regulation_of_transcription,NA,P60568,9388475,mNFATc complexed with AP-1 bound specifically to the murine IL-2 NFAT recognition sequence and activated transcription from the co-transfected IL-2 promoter in COS-7 cells
mNFATc,IL-2,Positive_regulation,NA,P60568,9388475,mNFATc complexed with AP-1 bound specifically to the murine IL-2 NFAT recognition sequence and activated transcription from the co-transfected IL-2 promoter in COS-7 cells
IL-13,15-LO,Regulation_of_gene_expression,P35225,NA,23124025_71,Previously we reported the contribution of both Stat1 and Stat3 in controlling IL-13-stimulated 15-LO expression in human monocytes by using transcription factor decoy technology
IL-13,MAO-A,Regulation_of_gene_expression,P35225,NA,23124025_71,"To examine the involvement of Stat1 and Stat3 for other M2 gene expression in alternatively activated monocytes/macrophages by IL-13, we next checked the effect of both Stat1 and Stat3 decoy ODN treatment in regulating IL-13-induced MAO-A gene expression"
IL-13,MAO-A,Regulation_of_gene_expression,P35225,NA,23124025_71,Results from our Western blot analysis indicate that both Stat1 and Stat3 decoy ODNs significantly down-regulated the IL-13-mediated induction of MAO-A protein expression (*p<0
IL-13,MAO-A,Positive_regulation,P35225,NA,23124025_71,Results from our Western blot analysis indicate that both Stat1 and Stat3 decoy ODNs significantly down-regulated the IL-13-mediated induction of MAO-A protein expression (*p<0
IL-13,MAO-A,Regulation_of_gene_expression,P35225,NA,23124025_71,"7A and 7B, upper panels), whereas transfection of cells with either Stat1 or Stat3 mismatched ODNs (used as controls) essentially had no effect on IL-13-stimulated MAO-A protein expression (Fig"
IL-13,MAO-A,Positive_regulation,P35225,NA,23124025_71,"7A and 7B, upper panels), whereas transfection of cells with either Stat1 or Stat3 mismatched ODNs (used as controls) essentially had no effect on IL-13-stimulated MAO-A protein expression (Fig"
Pyk2,epidermal growth factor (EGF) receptors,Complex_formation,NA,P01133,10980697,"Pyk2 and FAK associate with adhesion-based complexes that contain epidermal growth factor (EGF) receptors, through their carboxy- and amino-terminal domains"
IL-6,Hsp90,Regulation,P05231,NA,24756126_46,"Stat3 was demonstrated to directly interact with Hsp90, and its activation was linked to Hsp90 following IL-6 stimulation"
Farp1,4,Out-of-scope,NA,P09919,23209303_15,The high degree of sequence similarity of the cytosolic FERM domain-binding motifs of SynCAMs 1-4 raised the possibility that Farp1 may bind more than one family member
FAK,3,Complex_formation,NA,Q99731,23209303_15,"Farp1 is the only known specific intracellular partner for SynCAM 1, in contrast to FAK, that binds both SynCAMs 1 and 3 (Fig"
2,Cyclin A,Complex_formation,P13500,NA,19192479,"Furthermore, Cdc25A activates both Cdk1-2/Cyclin A and Cdk1/Cyclin B complexes while Cdc25B seems to be involved only in activation of Cdk1/Cyclin B"
Cdc25A,2,Positive_regulation,NA,P13500,19192479,"Furthermore, Cdc25A activates both Cdk1-2/Cyclin A and Cdk1/Cyclin B complexes while Cdc25B seems to be involved only in activation of Cdk1/Cyclin B"
SLP-76,interleukin-2,Regulation_of_transcription,NA,P60568,10347175,"SLP-76 and Vav function in separate, but overlapping pathways to augment interleukin-2 promoter activity"
SLP-76,interleukin-2,Positive_regulation,NA,P60568,10347175,"SLP-76 and Vav function in separate, but overlapping pathways to augment interleukin-2 promoter activity"
SLP-76,IL-2,Regulation_of_transcription,NA,P60568,10347175,"Surprisingly, we find also that the interaction between SLP-76 and Vav is not required for their cooperation in augmenting IL-2 promoter activity, as the two molecules appear to function in different signaling pathways upstream of IL-2 gene expression"
SLP-76,IL-2,Positive_regulation,NA,P60568,10347175,"Surprisingly, we find also that the interaction between SLP-76 and Vav is not required for their cooperation in augmenting IL-2 promoter activity, as the two molecules appear to function in different signaling pathways upstream of IL-2 gene expression"
CD28,IL-2,Positive_regulation,NA,P60568,10347175,"Additionally, overexpression of Vav, but not SLP-76, augments CD28-induced IL-2 promoter activity"
SLP-76,IL-2,Regulation_of_gene_expression,NA,P60568,10347175,These findings suggest that the synergy between SLP-76 and Vav in regulating IL-2 gene expression reflects the cooperation between different signaling pathways
CD28,IL-2,Regulation_of_transcription,NA,P60568,10347175,"Additionally, overexpression of Vav, but not SLP-76, augments CD28-induced IL-2 promoter activity"
A,Rb,Catalysis_of_phosphorylation,Q14116,NA,31543423_26,"Although we showed that cyclin E/A-CDK activity levels in G1 are typically insufficient to hyperphosphorylate Rb in the presence of CDK4/6 inhibitors, it remained unclear whether a low level of cyclin E/A-CDK is necessary to hyperphosphorylate Rb"
CDK2,A,Negative_regulation,NA,Q14116,31543423_26,"We thus inhibited cyclin E/A-CDK with a CDK2 inhibitor and were surprised to observe no inhibition of Rb hyperphosphorylation (Figure 3I), suggesting that cyclin E-CDK2 activity is not required to sustain Rb hyperphosphorylation"
A,Rb,Catalysis_of_phosphorylation,Q14116,NA,31543423_26,"We thus inhibited cyclin E/A-CDK with a CDK2 inhibitor and were surprised to observe no inhibition of Rb hyperphosphorylation (Figure 3I), suggesting that cyclin E-CDK2 activity is not required to sustain Rb hyperphosphorylation"
6,Rb,Catalysis_of_phosphorylation,O95760,NA,31543423_26,"Control experiments showed that the knockout extinguished cyclin E/A-CDK activity (Figure 3J), yet we still observed CDK4/6-dependent Rb hyperphosphorylation to a similar degree as for the unfloxed condition"
6,Cdc6,Regulation_of_gene_expression,O95760,NA,31543423_26,"Furthermore, the E2F target Cdc6 was still expressed in a CDK4/6-dependent manner in the absence of E- and A-type cyclins (Figure 3K)"
6,Rb,Catalysis_of_phosphorylation,O95760,NA,31543423_26,"Taken together, these results are consistent with an interpretation that cyclin E/A-CDK activity is not required to sustain or substantially trigger Rb hyperphosphorylation in G1, while CDK4/6 is required to hyperphosphorylate Rb during this time window"
GR,p65,Complex_formation,P60568,NA,16380507_12,We confirmed previous data showing that Dex increased GR and HDAC2 association with the p65-NF-kappaB complex (Fig
OCT-1,TNF,Regulation_of_transcription,NA,P01374,10369255,"A polymorphism that affects OCT-1 binding to the TNF promoter region is associated with severe malaria [see comments] 
Genetic variation in cytokine promoter regions is postulated to influence susceptibility to infection, but the molecular mechanisms by which such polymorphisms might affect gene regulation are unknown"
OCT-1,TNF,Regulation_of_transcription,NA,P01374,10369255,"Through systematic DNA footprinting of the TNF (encoding tumour necrosis factor, TNF) promoter region, we have identified a single nucleotide polymorphism (SNP) that causes the helix-turn-helix transcription factor OCT-1 to bind to a novel region of complex protein-DNA interactions and alters gene expression in human monocytes"
NF-IL-2B,IL2,Regulation_of_transcription,P60568,Q8NEV9,8506326,"To determine whether the defect in the patient's T lymphocytes involved a trans-acting factor common to the affected lymphokine genes, we examined the ability of nuclear factors from the patient's T lymphocytes to bind response elements present in the regulatory region of IL2. Nuclear factor NF-kB, activation protein 1 (AP-1), OCT-1, and NF-IL-2B binding activity were normal"
OCT-1,IL2,Regulation_of_transcription,NA,Q8NEV9,8506326,"To determine whether the defect in the patient's T lymphocytes involved a trans-acting factor common to the affected lymphokine genes, we examined the ability of nuclear factors from the patient's T lymphocytes to bind response elements present in the regulatory region of IL2. Nuclear factor NF-kB, activation protein 1 (AP-1), OCT-1, and NF-IL-2B binding activity were normal"
IL2,CAT,Regulation_of_gene_expression,Q8NEV9,P14210,8506326,CAT expression directed by the IL2 regulatory region or by a multimer of the NF-AT-binding site was markedly lower in the patient relative to controls
OCT-1,CAT,Regulation_of_gene_expression,NA,P14210,8506326,"In contrast, CAT gene expression directed by a multimer of the OCT-1 proximal (OCT-1p)-binding site was equivalent in patient and controls"
Axin,adenomatous polyposis coli gene product,Complex_formation,P51671,NA,10698523,"Axin forms a complex with adenomatous polyposis coli gene product (APC), glycogen synthase kinase-3beta (GSK-3beta), and beta-catenin through different binding sites and downregulates beta-catenin"
Axin,glycogen synthase kinase-3beta,Complex_formation,P51671,NA,10698523,"Axin forms a complex with adenomatous polyposis coli gene product (APC), glycogen synthase kinase-3beta (GSK-3beta), and beta-catenin through different binding sites and downregulates beta-catenin"
Axin,beta-catenin,Complex_formation,P51671,NA,10698523,"Axin forms a complex with adenomatous polyposis coli gene product (APC), glycogen synthase kinase-3beta (GSK-3beta), and beta-catenin through different binding sites and downregulates beta-catenin"
Axin,beta-catenin,Negative_regulation,P51671,NA,10698523,"Axin forms a complex with adenomatous polyposis coli gene product (APC), glycogen synthase kinase-3beta (GSK-3beta), and beta-catenin through different binding sites and downregulates beta-catenin"
beta-catenin,Axin,Complex_formation,NA,P51671,10698523,GSK-3beta-dependent phosphorylation of adenomatous polyposis coli gene product can be modulated by beta-catenin and protein phosphatase 2A complexed with Axin
APC,Axin,Complex_formation,NA,P51671,10698523,"GSK-3beta-dependent phosphorylation of APC-(1211-2075) which has the Axin-binding site was facilitated by Axin, but that of APC-(959-1338) which lacks the Axin-binding site was not"
APC,Axin,Complex_formation,NA,P51671,10698523,"GSK-3beta-dependent phosphorylation of APC-(1211-2075) which has the Axin-binding site was facilitated by Axin, but that of APC-(959-1338) which lacks the Axin-binding site was not"
Axin,GSK-3beta,Complex_formation,P51671,NA,10698523,"Axin-(298-506) or Axin-(298-832), which has the GSK-3beta- and beta-catenin- but not APC-binding sites, did not enhance GSK-3beta-dependent phosphorylation of either APC-(1211-2075) or APC-(959-1338)"
Axin,beta-catenin,Complex_formation,P51671,NA,10698523,"Axin-(298-506) or Axin-(298-832), which has the GSK-3beta- and beta-catenin- but not APC-binding sites, did not enhance GSK-3beta-dependent phosphorylation of either APC-(1211-2075) or APC-(959-1338)"
Axin,GSK-3beta,Complex_formation,P51671,NA,10698523,"Axin-(298-506) or Axin-(298-832), which has the GSK-3beta- and beta-catenin- but not APC-binding sites, did not enhance GSK-3beta-dependent phosphorylation of either APC-(1211-2075) or APC-(959-1338)"
Axin,beta-catenin,Complex_formation,P51671,NA,10698523,"Axin-(298-506) or Axin-(298-832), which has the GSK-3beta- and beta-catenin- but not APC-binding sites, did not enhance GSK-3beta-dependent phosphorylation of either APC-(1211-2075) or APC-(959-1338)"
Axin,APC,Complex_formation,P51671,NA,10698523,"Axin-(298-506) or Axin-(298-832), which has the GSK-3beta- and beta-catenin- but not APC-binding sites, did not enhance GSK-3beta-dependent phosphorylation of either APC-(1211-2075) or APC-(959-1338)"
Axin,APC,Complex_formation,P51671,NA,10698523,"Axin-(298-506) or Axin-(298-832), which has the GSK-3beta- and beta-catenin- but not APC-binding sites, did not enhance GSK-3beta-dependent phosphorylation of either APC-(1211-2075) or APC-(959-1338)"
Axin,APC,Complex_formation,P51671,NA,10698523,"Consistent with these in vitro observations, expression of beta-catenin or Axin in COS cells promoted an SDS gel band shift of APC"
APC,Axin,Complex_formation,NA,P51671,10698523,These results indicate that APC complexed with Axin is effectively phosphorylated by GSK-3beta and that beta-catenin may modulate this phosphorylation
beta-catenin,Axin,Complex_formation,NA,P51671,10698523,"Taken together, these results suggest that GSK-3beta-dependent phosphorylation of APC can be modulated by beta-catenin and PP2A complexed with Axin"
PTP-SL,2,Complex_formation,NA,P13500,12583813,"Differential interaction of the tyrosine phosphatases PTP-SL, STEP and HePTP with the mitogen-activated protein kinases ERK1/2 and p38alpha is determined by a kinase specificity sequence and influenced by reducing agents"
STEP,2,Complex_formation,NA,P13500,12583813,"Differential interaction of the tyrosine phosphatases PTP-SL, STEP and HePTP with the mitogen-activated protein kinases ERK1/2 and p38alpha is determined by a kinase specificity sequence and influenced by reducing agents"
HePTP,2,Complex_formation,NA,P13500,12583813,"Differential interaction of the tyrosine phosphatases PTP-SL, STEP and HePTP with the mitogen-activated protein kinases ERK1/2 and p38alpha is determined by a kinase specificity sequence and influenced by reducing agents"
PTP-SL,2,Complex_formation,NA,P13500,12583813,"Under control conditions, PTP-SL bound preferentially to ERK1/2, whereas STEP and HePTP bound preferentially to p38alpha"
STEP,2,Out-of-scope,NA,P13500,12583813,"Under control conditions, PTP-SL bound preferentially to ERK1/2, whereas STEP and HePTP bound preferentially to p38alpha"
HePTP,2,Out-of-scope,NA,P13500,12583813,"Under control conditions, PTP-SL bound preferentially to ERK1/2, whereas STEP and HePTP bound preferentially to p38alpha"
2,HePTP,Complex_formation,P13500,NA,12583813,"On the other hand, the association of ERK1/2 with HePTP was increased under reducing conditions, whereas the association with STEP or PTP-SL was unaffected"
2,STEP,Complex_formation,P13500,NA,12583813,"On the other hand, the association of ERK1/2 with HePTP was increased under reducing conditions, whereas the association with STEP or PTP-SL was unaffected"
2,PTP-SL,Complex_formation,P13500,NA,12583813,"On the other hand, the association of ERK1/2 with HePTP was increased under reducing conditions, whereas the association with STEP or PTP-SL was unaffected"
PTP-SL,2,Regulation,NA,P13500,12583813,"In intact cells, PTP-SL and STEP distinctively regulated the kinase activity and the nuclear translocation of ERK1/2 and p38alpha"
STEP,2,Regulation,NA,P13500,12583813,"In intact cells, PTP-SL and STEP distinctively regulated the kinase activity and the nuclear translocation of ERK1/2 and p38alpha"
2,PTP-SL,Complex_formation,P13500,NA,12583813,"The protein tyrosine phosphatases (PTPs) PTP-SL, STEP and HePTP are mitogen-activated protein kinase (MAPK) substrates and regulators that bind to MAPKs through a kinase-interaction motif (KIM) located in their non-catalytic regulatory domains. We have found that the binding of these PTPs to the MAPKs extracellular-signal-regulated kinase 1 and 2 (ERK1/2), and p38alpha is differentially determined by the KIM-adjacent C-terminal regions of the PTPs, which have been termed kinase-specificity sequences, and is influenced by reducing agents"
STEP,2,Complex_formation,NA,P13500,12583813,"The protein tyrosine phosphatases (PTPs) PTP-SL, STEP and HePTP are mitogen-activated protein kinase (MAPK) substrates and regulators that bind to MAPKs through a kinase-interaction motif (KIM) located in their non-catalytic regulatory domains. We have found that the binding of these PTPs to the MAPKs extracellular-signal-regulated kinase 1 and 2 (ERK1/2), and p38alpha is differentially determined by the KIM-adjacent C-terminal regions of the PTPs, which have been termed kinase-specificity sequences, and is influenced by reducing agents"
HePTP,2,Complex_formation,NA,P13500,12583813,"The protein tyrosine phosphatases (PTPs) PTP-SL, STEP and HePTP are mitogen-activated protein kinase (MAPK) substrates and regulators that bind to MAPKs through a kinase-interaction motif (KIM) located in their non-catalytic regulatory domains. We have found that the binding of these PTPs to the MAPKs extracellular-signal-regulated kinase 1 and 2 (ERK1/2), and p38alpha is differentially determined by the KIM-adjacent C-terminal regions of the PTPs, which have been termed kinase-specificity sequences, and is influenced by reducing agents"
ATR,Chk1,Catalysis_of_phosphorylation,P39900,NA,11390642,"The phosphorylated form of Chk1 possessed higher intrinsic protein kinase activity and eluted more quickly on gel filtration columns. Serines 317 and 345 were identified as sites of phosphorylation in vivo, and ATR (the ATM- and Rad3-related protein kinase) phosphorylated both of these sites in vitro"
ATR,Chk1,Catalysis_of_phosphorylation,P39900,NA,11390642,"Furthermore, phosphorylation of Chk1 on serines 317 and 345 in vivo was ATR dependent"
ATR,Chk1,Catalysis_of_phosphorylation,P39900,NA,11390642,"Mutants of Chk1 containing alanine in place of serines 317 and 345 were poorly activated in response to replication blocks or genotoxic stress in vivo, were poorly phosphorylated by ATR in vitro, and were not found in faster-eluting fractions by gel filtration"
ATR,Chk1,Positive_regulation,P39900,NA,11390642,"In addition, this study implicates ATR as a direct upstream activator of Chk1 in human cells"
Met,c-Cbl,Complex_formation,P39900,NA,15123609,A conserved DpYR motif in the juxtamembrane domain of the Met receptor family forms an atypical c-Cbl/Cbl-b tyrosine kinase binding domain binding site required for suppression of oncogenic activation
Met,Cbl-b,Complex_formation,P39900,NA,15123609,A conserved DpYR motif in the juxtamembrane domain of the Met receptor family forms an atypical c-Cbl/Cbl-b tyrosine kinase binding domain binding site required for suppression of oncogenic activation
Met,hepatocyte growth factor,Catalysis_of_phosphorylation,P39900,P14210,15123609,"The activation and phosphorylation of Met, the receptor tyrosine kinase (RTK) for hepatocyte growth factor, initiates the recruitment of multiple signaling proteins, one of which is c-Cbl, a ubiquitin-protein ligase"
Met,c-Cbl,Complex_formation,P39900,NA,15123609,"The activation and phosphorylation of Met, the receptor tyrosine kinase (RTK) for hepatocyte growth factor, initiates the recruitment of multiple signaling proteins, one of which is c-Cbl, a ubiquitin-protein ligase"
c-Cbl,Met,Out-of-scope,NA,P39900,15123609,"c-Cbl promotes ubiquitination and enhances the down-modulation of the Met receptor and other RTKs, targeting them for lysosomal sorting and subsequent degradation"
c-Cbl,Met,Negative_regulation,NA,P39900,15123609,"c-Cbl promotes ubiquitination and enhances the down-modulation of the Met receptor and other RTKs, targeting them for lysosomal sorting and subsequent degradation"
c-Cbl,Met,Regulation_of_degradation,NA,P39900,15123609,"c-Cbl promotes ubiquitination and enhances the down-modulation of the Met receptor and other RTKs, targeting them for lysosomal sorting and subsequent degradation"
c-Cbl,Met,Catalysis_of_ubiquitination,NA,P39900,15123609,The ubiquitination of Met by c-Cbl requires the direct interaction of the c-Cbl tyrosine kinase binding (TKB) domain with tyrosine 1003 in the Met juxtamembrane domain
c-Cbl,Met,Complex_formation,NA,P39900,15123609,The ubiquitination of Met by c-Cbl requires the direct interaction of the c-Cbl tyrosine kinase binding (TKB) domain with tyrosine 1003 in the Met juxtamembrane domain
c-Cbl,Met,Complex_formation,NA,P39900,15123609,"Although a consensus for c-Cbl TKB domain binding has been established ((D/N)XpYXX(D/E0phi), this motif is not present in Met, suggesting that other c-Cbl TKB domain binding motifs may exist"
c-Cbl,Met,Complex_formation,NA,P39900,15123609,"By alanine-scanning mutagenesis, we have identified a DpYR motif including Tyr(1003) as being important for the direct recruitment of the c-Cbl TKB domain and for ubiquitination of the Met receptor"
c-Cbl,Met,Catalysis_of_ubiquitination,NA,P39900,15123609,"By alanine-scanning mutagenesis, we have identified a DpYR motif including Tyr(1003) as being important for the direct recruitment of the c-Cbl TKB domain and for ubiquitination of the Met receptor"
c-Cbl,Met,Complex_formation,NA,P39900,15123609,The substitution of Tyr(1003) with phenylalanine or substitution of either aspartate or arginine residues with alanine impairs c-Cbl-recruitment and ubiquitination of Met and results in the oncogenic activation of the Met receptor
c-Cbl,Met,Catalysis_of_ubiquitination,NA,P39900,15123609,The substitution of Tyr(1003) with phenylalanine or substitution of either aspartate or arginine residues with alanine impairs c-Cbl-recruitment and ubiquitination of Met and results in the oncogenic activation of the Met receptor
c-Cbl,Met,Negative_regulation,NA,P39900,15123609,The substitution of Tyr(1003) with phenylalanine or substitution of either aspartate or arginine residues with alanine impairs c-Cbl-recruitment and ubiquitination of Met and results in the oncogenic activation of the Met receptor
Cbl-b,Met,Complex_formation,NA,P39900,15123609,"We demonstrate that the TKB domain of Cbl-b, but not Cbl-3, binds to the Met receptor and requires an intact DpYR motif"
c-Cbl,Met,Complex_formation,NA,P39900,15123609,"The DpYR motif is conserved in other members of the Met RTK family but is not present in previously identified c-Cbl-binding proteins, identifying DpYR as a new binding motif for c-Cbl and Cbl-b"
Cbl-b,Met,Complex_formation,NA,P39900,15123609,"The DpYR motif is conserved in other members of the Met RTK family but is not present in previously identified c-Cbl-binding proteins, identifying DpYR as a new binding motif for c-Cbl and Cbl-b"
Tax,INK4A,Complex_formation,P51671,NA,9722600,"Although the exact mechanism by which HTLV-I contributes to leukemogenesis is still unclear, the Tax protein is thought to play a major role in this process. This 40-kDa polypeptide is able to interact with the tumor suppressor p16(INK4A)"
Tax,E2F-1,Positive_regulation,P51671,NA,9722600,"In addition, Tax also stimulates the transcription of the E2F-1 gene itself"
Tax,E2F-1,Regulation_of_transcription,P51671,NA,9722600,"In addition, Tax also stimulates the transcription of the E2F-1 gene itself"
Tax,E2F1,Regulation_of_transcription,P51671,NA,9722600,"Using Tax mutants that fail to activate either ATF- or NF-kappaB-dependent promoters and different 5' truncation mutants of the E2F-1 promoter, we show that the Tax-dependent transcriptional control of the E2F1 gene involves, at least in part, the ATF binding site located in the E2F-1 promoter"
Elongin B,C,Complex_formation,NA,Q14116,17439941,"Using hypoxia-inducible factor-1alpha (HIF-1alpha), a substrate of the Elongin B/C-Cul2-VHL ligase, we demonstrate the critical role of substrate binding to promote Cul2 neddylation in a manner that does not require substrate ubiquitination but may involve a conformational change"
C,Cul2,Complex_formation,Q14116,NA,17439941,"Using hypoxia-inducible factor-1alpha (HIF-1alpha), a substrate of the Elongin B/C-Cul2-VHL ligase, we demonstrate the critical role of substrate binding to promote Cul2 neddylation in a manner that does not require substrate ubiquitination but may involve a conformational change"
C,VHL,Complex_formation,Q14116,NA,17439941,"Using hypoxia-inducible factor-1alpha (HIF-1alpha), a substrate of the Elongin B/C-Cul2-VHL ligase, we demonstrate the critical role of substrate binding to promote Cul2 neddylation in a manner that does not require substrate ubiquitination but may involve a conformational change"
C,hypoxia-inducible factor-1alpha,Catalysis_of_ubiquitination,Q14116,NA,17439941,"Using hypoxia-inducible factor-1alpha (HIF-1alpha), a substrate of the Elongin B/C-Cul2-VHL ligase, we demonstrate the critical role of substrate binding to promote Cul2 neddylation in a manner that does not require substrate ubiquitination but may involve a conformational change"
CD40,lymphotoxin-alpha,Regulation_of_transcription,NA,P01374,9133417,"Deletion of this sequence abolishes the capacity of CD40 to induce expression of CD23, ICAM-1, and lymphotoxin-alpha genes in B cells"
CD40,lymphotoxin-alpha,Positive_regulation,NA,P01374,9133417,"Deletion of this sequence abolishes the capacity of CD40 to induce expression of CD23, ICAM-1, and lymphotoxin-alpha genes in B cells"
PEP,Lck,Catalysis_of_posttranslational_modification,P10145,NA,16461343,"These included three novel PTPN22 substrates (Vav, CD3epsilon, and valosin containing protein) and two known substrates of PEP, the mouse homolog of PTPN22 (Lck and Zap70)"
PEP,Zap70,Catalysis_of_posttranslational_modification,P10145,NA,16461343,"These included three novel PTPN22 substrates (Vav, CD3epsilon, and valosin containing protein) and two known substrates of PEP, the mouse homolog of PTPN22 (Lck and Zap70)"
Xin,filamin c,Complex_formation,P51671,NA,16631741,Unusual splicing events result in distinct Xin isoforms that associate differentially with filamin c and Mena/VASP
Xin,Mena,Complex_formation,P51671,NA,16631741,Unusual splicing events result in distinct Xin isoforms that associate differentially with filamin c and Mena/VASP
Xin,VASP,Complex_formation,P51671,NA,16631741,Unusual splicing events result in distinct Xin isoforms that associate differentially with filamin c and Mena/VASP
filamin c,Xin,Complex_formation,NA,P51671,16631741,"Here, we identify Xin, the protein encoded by the human gene 'cardiomyopathy associated 1' (CMYA1) as filamin c binding partner at these specialized structures where the ends of myofibrils are attached to the sarcolemma"
Xin,Mena,Complex_formation,P51671,NA,16631741,Xin directly binds the EVH1 domain proteins Mena and VASP
Xin,VASP,Complex_formation,P51671,NA,16631741,Xin directly binds the EVH1 domain proteins Mena and VASP
filamin c,Xin,Complex_formation,NA,P51671,16631741,The identification of the complex filamin c-Xin-Mena/VASP provides a first glance on the role of Xin in the molecular mechanisms involved in developmental and adaptive remodeling of the actin cytoskeleton during cardiac morphogenesis and sarcomere assembly
Xin,Mena,Complex_formation,P51671,NA,16631741,The identification of the complex filamin c-Xin-Mena/VASP provides a first glance on the role of Xin in the molecular mechanisms involved in developmental and adaptive remodeling of the actin cytoskeleton during cardiac morphogenesis and sarcomere assembly
Xin,VASP,Complex_formation,P51671,NA,16631741,The identification of the complex filamin c-Xin-Mena/VASP provides a first glance on the role of Xin in the molecular mechanisms involved in developmental and adaptive remodeling of the actin cytoskeleton during cardiac morphogenesis and sarcomere assembly
SNX9,transferrin,Regulation,NA,P14210,12952949,"Overexpression in both K562 and HeLa cells of truncated forms of SNX9 interfered with the uptake of transferrin, consistent with a role of SNX9 in endocytosis"
Elongins B,C,Complex_formation,NA,Q14116,17183367,"We report here that COMMD1 accelerates the ubiquitination and degradation of NF-kappaB subunits through its interaction with a multimeric ubiquitin ligase containing Elongins B and C, Cul2 and SOCS1 (ECS(SOCS1))"
C,Cul2,Complex_formation,Q14116,NA,17183367,"We report here that COMMD1 accelerates the ubiquitination and degradation of NF-kappaB subunits through its interaction with a multimeric ubiquitin ligase containing Elongins B and C, Cul2 and SOCS1 (ECS(SOCS1))"
C,SOCS1,Complex_formation,Q14116,NA,17183367,"We report here that COMMD1 accelerates the ubiquitination and degradation of NF-kappaB subunits through its interaction with a multimeric ubiquitin ligase containing Elongins B and C, Cul2 and SOCS1 (ECS(SOCS1))"
COMMD1,RelA,Negative_regulation,NA,O95760,17183367,"COMMD1-deficient cells demonstrate stabilization of RelA, greater nuclear accumulation of RelA after TNF stimulation, de-repression of several kappaB-responsive genes, and enhanced NF-kappaB-mediated cellular responses"
COMMD1,RelA,Negative_regulation,NA,O95760,17183367,"COMMD1-deficient cells demonstrate stabilization of RelA, greater nuclear accumulation of RelA after TNF stimulation, de-repression of several kappaB-responsive genes, and enhanced NF-kappaB-mediated cellular responses"
SOCS1,RelA,Complex_formation,NA,O95760,17183367,COMMD1 binds to Cul2 in a stimulus-dependent manner and serves to facilitate substrate binding to the ligase by stabilizing the interaction between SOCS1 and RelA
COMMD1,RelA,Positive_regulation,NA,O95760,17183367,COMMD1 binds to Cul2 in a stimulus-dependent manner and serves to facilitate substrate binding to the ligase by stabilizing the interaction between SOCS1 and RelA
CIN85,hepatocyte growth factor (HGF) receptor,Catalysis_of_ubiquitination,NA,P14210,11894096,"Upon ligand binding, hepatocyte growth factor (HGF) receptor (Met) is polyubiquitinated and degraded; however, the mechanisms underlying HGF receptor endocytosis are not yet known. Here we demonstrate that a complex involving endophilins, CIN85 and Cbl controls this process"
CIN85,hepatocyte growth factor (HGF) receptor,Regulation_of_degradation,NA,P14210,11894096,"Upon ligand binding, hepatocyte growth factor (HGF) receptor (Met) is polyubiquitinated and degraded; however, the mechanisms underlying HGF receptor endocytosis are not yet known. Here we demonstrate that a complex involving endophilins, CIN85 and Cbl controls this process"
CIN85,hepatocyte growth factor (HGF) receptor,Negative_regulation,NA,P14210,11894096,"Upon ligand binding, hepatocyte growth factor (HGF) receptor (Met) is polyubiquitinated and degraded; however, the mechanisms underlying HGF receptor endocytosis are not yet known. Here we demonstrate that a complex involving endophilins, CIN85 and Cbl controls this process"
CIN85,HGF receptor,Regulation,NA,P14210,11894096,"Cbl, in turn, binds and ubiquitinates activated HGF receptor, and by recruiting the endophilin-CIN85 complex, it regulates receptor internalization"
TRAF6,transforming growth factor-beta-activated kinase 1,Positive_regulation,NA,P14210,17135271,"Notably, we map the auto-ubiquitination site of TRAF6 to a single Lys residue, which if mutated renders TRAF6 unable to activate transforming growth factor-beta-activated kinase 1 and IKK and to cause spontaneous osteoclast differentiation"
DBC1,HSF1,Regulation,NA,P14210,23349863,The SIRT1 modulators AROS and DBC1 regulate HSF1 activity and the heat shock response
AROS,HSF1,Regulation,NA,P14210,23349863,The SIRT1 modulators AROS and DBC1 regulate HSF1 activity and the heat shock response
SIRT1,HSF1,Positive_regulation,NA,P14210,23349863,"SIRT1 has previously been shown to activate HSF1 by deacetylating it, leading to increased DNA binding ability"
SIRT1,HSF1,Catalysis_of_deacetylation,NA,P14210,23349863,"SIRT1 has previously been shown to activate HSF1 by deacetylating it, leading to increased DNA binding ability"
HSF1,hsp70,Regulation_of_transcription,P14210,NA,23349863,"Furthermore, we found that the SIRT1 modulators AROS and DBC1 have an impact on hsp70 transcription, HSF1 acetylation status, and HSF1 recruitment to the hsp70 promoter"
DBC1,HSF1,Out-of-scope,NA,P14210,23349863,"Furthermore, we found that the SIRT1 modulators AROS and DBC1 have an impact on hsp70 transcription, HSF1 acetylation status, and HSF1 recruitment to the hsp70 promoter"
AROS,HSF1,Out-of-scope,NA,P14210,23349863,"Furthermore, we found that the SIRT1 modulators AROS and DBC1 have an impact on hsp70 transcription, HSF1 acetylation status, and HSF1 recruitment to the hsp70 promoter"
DBC1,HSF1,Positive_regulation,NA,P14210,23349863,"Furthermore, we found that the SIRT1 modulators AROS and DBC1 have an impact on hsp70 transcription, HSF1 acetylation status, and HSF1 recruitment to the hsp70 promoter"
AROS,HSF1,Positive_regulation,NA,P14210,23349863,"Furthermore, we found that the SIRT1 modulators AROS and DBC1 have an impact on hsp70 transcription, HSF1 acetylation status, and HSF1 recruitment to the hsp70 promoter"
measles virus hemagglutinin,MCP,Regulation,NA,P13500,10657632,"That is, binding of MCP on human monocytes by measles virus hemagglutinin or cross-linking by an anti-MCP Ab resulted in IL-12 down-regulation, while binding to MCP by Neisseria on epithelial cells produced a calcium flux"
Lck,MCP,Catalysis_of_phosphorylation,NA,P13500,10657632,"In particular, the src kinase, Lck, is required for phosphorylation of MCP in the Jurkat T cell line"
rat hepatic lectins (RHL) 1,2,Complex_formation,NA,P13500,8943311,"Rat ASGP-R contains three subunits, designated rat hepatic lectins (RHL) 1, 2, and 3; human ASGP-R contains two subunits, HHL1 and HHL2"
2,3,Complex_formation,P13500,Q99731,8943311,"Rat ASGP-R contains three subunits, designated rat hepatic lectins (RHL) 1, 2, and 3; human ASGP-R contains two subunits, HHL1 and HHL2"
rat hepatic lectins (RHL) 1,3,Complex_formation,NA,Q99731,8943311,"Rat ASGP-R contains three subunits, designated rat hepatic lectins (RHL) 1, 2, and 3; human ASGP-R contains two subunits, HHL1 and HHL2"
Usp28,myc,Regulation,Q8NEV9,NA,17873522,Fbw7 and Usp28 regulate myc protein stability in response to DNA damage
Usp28,Fbw7alpha,Complex_formation,Q8NEV9,NA,17873522,"We have shown previously that the ubiquitin-specific protease Usp28, binds to the nucleoplasmic isoform of Fbw7, Fbw7alpha, and counteracts its function in mammalian cells"
Usp28,Fbw7alpha,Complex_formation,Q8NEV9,NA,17873522,"Usp28 dissociates from Fbw7alpha in response to UV irradiation, providing a mechanism how Fbw7-mediated degradation of Myc is enhanced upon DNA damage"
adenomatous polyposis coli,axin,Complex_formation,NA,P51671,10092233,"The adenomatous polyposis coli (APC) protein, axin, and glycogen synthase kinase 3beta form a Wnt-regulated signaling complex that mediates the phosphorylation-dependent degradation of beta-catenin"
axin,glycogen synthase kinase 3beta,Complex_formation,P51671,NA,10092233,"The adenomatous polyposis coli (APC) protein, axin, and glycogen synthase kinase 3beta form a Wnt-regulated signaling complex that mediates the phosphorylation-dependent degradation of beta-catenin"
axin,beta-catenin,Out-of-scope,P51671,NA,10092233,"The adenomatous polyposis coli (APC) protein, axin, and glycogen synthase kinase 3beta form a Wnt-regulated signaling complex that mediates the phosphorylation-dependent degradation of beta-catenin"
axin,beta-catenin,Negative_regulation,P51671,NA,10092233,"The adenomatous polyposis coli (APC) protein, axin, and glycogen synthase kinase 3beta form a Wnt-regulated signaling complex that mediates the phosphorylation-dependent degradation of beta-catenin"
IL-2,IRF-1,Positive_regulation,P60568,NA,10358173,"Furthermore, IL-2 and IL-12 synergistically induced IRF-1, whereas IFN-alpha and IL-12 did not"
IL-2,IRF-1,Out-of-scope,P60568,NA,10358173,"Furthermore, IL-2 and IL-12 synergistically induced IRF-1, whereas IFN-alpha and IL-12 did not"
CIN85,EGF receptors,Complex_formation,NA,P01133,12218189,Cbl-b and monoubiquitinated CIN85 are found in the complex with polyubiquitinated EGF receptors during prolonged EGF stimulation and are degraded together in the lysosome
Cbl-b,EGF receptors,Complex_formation,NA,P01133,12218189,Cbl-b and monoubiquitinated CIN85 are found in the complex with polyubiquitinated EGF receptors during prolonged EGF stimulation and are degraded together in the lysosome
CIN85,EGF receptor,Out-of-scope,NA,P01133,12218189,"Dominant interfering forms of CIN85, which have been shown previously to delay EGF receptor degradation, were also impaired in their monoubiquitination"
CIN85,EGF receptor,Regulation_of_degradation,NA,P01133,12218189,"Dominant interfering forms of CIN85, which have been shown previously to delay EGF receptor degradation, were also impaired in their monoubiquitination"
CIN85,EGF receptor,Negative_regulation,NA,P01133,12218189,"Dominant interfering forms of CIN85, which have been shown previously to delay EGF receptor degradation, were also impaired in their monoubiquitination"
beta,APC,Complex_formation,Q99731,NA,11972058,"Both CK2alpha- and beta-subunits were found to associate with APC in immunoprecipitates as well as in pull-down assays, with preferential interaction of APC with tetrameric CK2 holoenzyme"
IL-2Rbeta,IL-2,Complex_formation,P60568,P60568,9199305,The interleukin-2 IL-2 receptor beta-chain (IL-2Rbeta) is an essential component of the receptors for IL-2 and IL-15
IL-2Rbeta,IL-15,Complex_formation,P60568,P40933,9199305,The interleukin-2 IL-2 receptor beta-chain (IL-2Rbeta) is an essential component of the receptors for IL-2 and IL-15
Sp3,IL-2Rbeta,Regulation_of_transcription,NA,P60568,9199305,"We have now characterized factors that bind to an enhancer region located between nucleotides -170 and -139 of the human IL-2Rbeta promoter. Both Sp1 and Sp3 bound to the 5' portion of this region, whereas a PMA-inducible factor (PIF) mainly bound to its 3' portion and bound to the Sp binding motifs as well"
Sp1,IL-2Rbeta,Regulation_of_transcription,NA,P60568,9199305,"We have now characterized factors that bind to an enhancer region located between nucleotides -170 and -139 of the human IL-2Rbeta promoter. Both Sp1 and Sp3 bound to the 5' portion of this region, whereas a PMA-inducible factor (PIF) mainly bound to its 3' portion and bound to the Sp binding motifs as well"
PMA-inducible factor,IL-2Rbeta,Regulation_of_transcription,NA,P60568,9199305,"We have now characterized factors that bind to an enhancer region located between nucleotides -170 and -139 of the human IL-2Rbeta promoter. Both Sp1 and Sp3 bound to the 5' portion of this region, whereas a PMA-inducible factor (PIF) mainly bound to its 3' portion and bound to the Sp binding motifs as well"
Egr-1,IL-2Rbeta,Regulation_of_transcription,NA,P60568,9199305,"Thus, Sp1 and Egr-1 physically and functionally cooperate to mediate maximal IL-2Rbeta promoter activity"
Sp1,IL-2Rbeta,Regulation_of_transcription,NA,P60568,9199305,"Thus, Sp1 and Egr-1 physically and functionally cooperate to mediate maximal IL-2Rbeta promoter activity"
Egr-1,IL-2Rbeta,Positive_regulation,NA,P60568,9199305,"Thus, Sp1 and Egr-1 physically and functionally cooperate to mediate maximal IL-2Rbeta promoter activity"
Sp1,IL-2Rbeta,Positive_regulation,NA,P60568,9199305,"Thus, Sp1 and Egr-1 physically and functionally cooperate to mediate maximal IL-2Rbeta promoter activity"
Egr-1,IL-2Rbeta,Regulation_of_transcription,NA,P60568,9199305,"In this paper, we demonstrate that PIF is Egr-1 based on its recognition by anti-Egr-1 antisera in gel mobility shift assays, even though the IL-2Rbeta DNA binding motif differed substantially from the canonical Egr-1 binding site"
Egr-1,IL-2Rbeta,Regulation_of_transcription,NA,P60568,9199305,"In this paper, we demonstrate that PIF is Egr-1 based on its recognition by anti-Egr-1 antisera in gel mobility shift assays, even though the IL-2Rbeta DNA binding motif differed substantially from the canonical Egr-1 binding site. In addition, Egr-1 bound to the Sp binding site. In Jurkat cells, both sites were required for maximal IL-2Rbeta promoter activity, and in HeLaS3 cells, transfection of Egr-1 could drive activity of a reporter construct containing both sites"
IL-7,Foxo1,Negative_regulation,P13232,NA,22267219_9,Lowering of IL-7 concentration in the culture medium substantially induced the amounts of Foxo1 and Foxo3a proteins but not that of Foxo4 (Fig
IL-7,Foxo3a,Negative_regulation,P13232,NA,22267219_9,Lowering of IL-7 concentration in the culture medium substantially induced the amounts of Foxo1 and Foxo3a proteins but not that of Foxo4 (Fig
dinitrogenase reductase ADP-ribosyltransferase,dinitrogenase reductase,Catalysis_of_ADP-ribosylation,P14210,NA,15723223,"Post-translational control occurs through the reversible ADP-ribosylation of dinitrogenase reductase (Fe Protein), mediated by the dinitrogenase reductase ADP-ribosyltransferase (DraT) and dinitrogenase reductase glycohydrolase (DraG)"
C2,interleukin-2-receptor alpha-subunit,Regulation_of_transcription,P80098,NA,2302185,Both C1 and C2 proteins also bind to a similar sequence found in the interleukin-2-receptor alpha-subunit enhancer
C1,interleukin-2-receptor alpha-subunit,Regulation_of_transcription,P13500,NA,2302185,Both C1 and C2 proteins also bind to a similar sequence found in the interleukin-2-receptor alpha-subunit enhancer
Ras,RalGEF,Complex_formation,P09919,NA,25219551_61,"Upstream of Ral, both fly Ras and fly Rap bind RalGEF in yeast two-hybrid assays, consistent with their identical core effector binding regions"
12,4,Complex_formation,P39900,P09919,25588830,The SEPT12-based septin core complex was assembled as octameric filaments comprising the SEPT proteins 12-7-6-2-2-6-7-12 or 12-7-6-4-4-6-7-12
12,6,Complex_formation,P39900,O95760,25588830,The SEPT12-based septin core complex was assembled as octameric filaments comprising the SEPT proteins 12-7-6-2-2-6-7-12 or 12-7-6-4-4-6-7-12
12,7,Complex_formation,P39900,Q16552,25588830,The SEPT12-based septin core complex was assembled as octameric filaments comprising the SEPT proteins 12-7-6-2-2-6-7-12 or 12-7-6-4-4-6-7-12
7,6,Complex_formation,Q16552,O95760,25588830,The SEPT12-based septin core complex was assembled as octameric filaments comprising the SEPT proteins 12-7-6-2-2-6-7-12 or 12-7-6-4-4-6-7-12
7,4,Complex_formation,Q16552,P09919,25588830,The SEPT12-based septin core complex was assembled as octameric filaments comprising the SEPT proteins 12-7-6-2-2-6-7-12 or 12-7-6-4-4-6-7-12
6,4,Complex_formation,O95760,P09919,25588830,The SEPT12-based septin core complex was assembled as octameric filaments comprising the SEPT proteins 12-7-6-2-2-6-7-12 or 12-7-6-4-4-6-7-12
12,2,Complex_formation,P39900,P13500,25588830,The SEPT12-based septin core complex was assembled as octameric filaments comprising the SEPT proteins 12-7-6-2-2-6-7-12 or 12-7-6-4-4-6-7-12
12,6,Complex_formation,P39900,O95760,25588830,The SEPT12-based septin core complex was assembled as octameric filaments comprising the SEPT proteins 12-7-6-2-2-6-7-12 or 12-7-6-4-4-6-7-12
12,7,Complex_formation,P39900,Q16552,25588830,The SEPT12-based septin core complex was assembled as octameric filaments comprising the SEPT proteins 12-7-6-2-2-6-7-12 or 12-7-6-4-4-6-7-12
7,6,Complex_formation,Q16552,O95760,25588830,The SEPT12-based septin core complex was assembled as octameric filaments comprising the SEPT proteins 12-7-6-2-2-6-7-12 or 12-7-6-4-4-6-7-12
7,2,Complex_formation,Q16552,P13500,25588830,The SEPT12-based septin core complex was assembled as octameric filaments comprising the SEPT proteins 12-7-6-2-2-6-7-12 or 12-7-6-4-4-6-7-12
2,6,Complex_formation,P13500,O95760,25588830,The SEPT12-based septin core complex was assembled as octameric filaments comprising the SEPT proteins 12-7-6-2-2-6-7-12 or 12-7-6-4-4-6-7-12
12,2,Complex_formation,P39900,P13500,25588830,The SEPT12-based septin core complex was assembled as octameric filaments comprising the SEPT proteins 12-7-6-2-2-6-7-12 or 12-7-6-4-4-6-7-12
12,6,Complex_formation,P39900,O95760,25588830,The SEPT12-based septin core complex was assembled as octameric filaments comprising the SEPT proteins 12-7-6-2-2-6-7-12 or 12-7-6-4-4-6-7-12
12,7,Complex_formation,P39900,Q16552,25588830,The SEPT12-based septin core complex was assembled as octameric filaments comprising the SEPT proteins 12-7-6-2-2-6-7-12 or 12-7-6-4-4-6-7-12
12,12,Complex_formation,P39900,P39900,25588830,The SEPT12-based septin core complex was assembled as octameric filaments comprising the SEPT proteins 12-7-6-2-2-6-7-12 or 12-7-6-4-4-6-7-12
7,2,Complex_formation,Q16552,P13500,25588830,The SEPT12-based septin core complex was assembled as octameric filaments comprising the SEPT proteins 12-7-6-2-2-6-7-12 or 12-7-6-4-4-6-7-12
7,6,Complex_formation,Q16552,O95760,25588830,The SEPT12-based septin core complex was assembled as octameric filaments comprising the SEPT proteins 12-7-6-2-2-6-7-12 or 12-7-6-4-4-6-7-12
7,7,Complex_formation,Q16552,Q16552,25588830,The SEPT12-based septin core complex was assembled as octameric filaments comprising the SEPT proteins 12-7-6-2-2-6-7-12 or 12-7-6-4-4-6-7-12
7,12,Complex_formation,Q16552,P39900,25588830,The SEPT12-based septin core complex was assembled as octameric filaments comprising the SEPT proteins 12-7-6-2-2-6-7-12 or 12-7-6-4-4-6-7-12
6,2,Complex_formation,O95760,P13500,25588830,The SEPT12-based septin core complex was assembled as octameric filaments comprising the SEPT proteins 12-7-6-2-2-6-7-12 or 12-7-6-4-4-6-7-12
6,6,Complex_formation,O95760,O95760,25588830,The SEPT12-based septin core complex was assembled as octameric filaments comprising the SEPT proteins 12-7-6-2-2-6-7-12 or 12-7-6-4-4-6-7-12
6,7,Complex_formation,O95760,Q16552,25588830,The SEPT12-based septin core complex was assembled as octameric filaments comprising the SEPT proteins 12-7-6-2-2-6-7-12 or 12-7-6-4-4-6-7-12
6,12,Complex_formation,O95760,P39900,25588830,The SEPT12-based septin core complex was assembled as octameric filaments comprising the SEPT proteins 12-7-6-2-2-6-7-12 or 12-7-6-4-4-6-7-12
2,2,Complex_formation,P13500,P13500,25588830,The SEPT12-based septin core complex was assembled as octameric filaments comprising the SEPT proteins 12-7-6-2-2-6-7-12 or 12-7-6-4-4-6-7-12
2,6,Complex_formation,P13500,O95760,25588830,The SEPT12-based septin core complex was assembled as octameric filaments comprising the SEPT proteins 12-7-6-2-2-6-7-12 or 12-7-6-4-4-6-7-12
2,7,Complex_formation,P13500,Q16552,25588830,The SEPT12-based septin core complex was assembled as octameric filaments comprising the SEPT proteins 12-7-6-2-2-6-7-12 or 12-7-6-4-4-6-7-12
2,12,Complex_formation,P13500,P39900,25588830,The SEPT12-based septin core complex was assembled as octameric filaments comprising the SEPT proteins 12-7-6-2-2-6-7-12 or 12-7-6-4-4-6-7-12
12,4,Complex_formation,P39900,P09919,25588830,The SEPT12-based septin core complex was assembled as octameric filaments comprising the SEPT proteins 12-7-6-2-2-6-7-12 or 12-7-6-4-4-6-7-12
12,6,Complex_formation,P39900,O95760,25588830,The SEPT12-based septin core complex was assembled as octameric filaments comprising the SEPT proteins 12-7-6-2-2-6-7-12 or 12-7-6-4-4-6-7-12
12,7,Complex_formation,P39900,Q16552,25588830,The SEPT12-based septin core complex was assembled as octameric filaments comprising the SEPT proteins 12-7-6-2-2-6-7-12 or 12-7-6-4-4-6-7-12
12,12,Complex_formation,P39900,P39900,25588830,The SEPT12-based septin core complex was assembled as octameric filaments comprising the SEPT proteins 12-7-6-2-2-6-7-12 or 12-7-6-4-4-6-7-12
7,4,Complex_formation,Q16552,P09919,25588830,The SEPT12-based septin core complex was assembled as octameric filaments comprising the SEPT proteins 12-7-6-2-2-6-7-12 or 12-7-6-4-4-6-7-12
7,6,Complex_formation,Q16552,O95760,25588830,The SEPT12-based septin core complex was assembled as octameric filaments comprising the SEPT proteins 12-7-6-2-2-6-7-12 or 12-7-6-4-4-6-7-12
7,7,Complex_formation,Q16552,Q16552,25588830,The SEPT12-based septin core complex was assembled as octameric filaments comprising the SEPT proteins 12-7-6-2-2-6-7-12 or 12-7-6-4-4-6-7-12
7,12,Complex_formation,Q16552,P39900,25588830,The SEPT12-based septin core complex was assembled as octameric filaments comprising the SEPT proteins 12-7-6-2-2-6-7-12 or 12-7-6-4-4-6-7-12
6,4,Complex_formation,O95760,P09919,25588830,The SEPT12-based septin core complex was assembled as octameric filaments comprising the SEPT proteins 12-7-6-2-2-6-7-12 or 12-7-6-4-4-6-7-12
6,6,Complex_formation,O95760,O95760,25588830,The SEPT12-based septin core complex was assembled as octameric filaments comprising the SEPT proteins 12-7-6-2-2-6-7-12 or 12-7-6-4-4-6-7-12
6,7,Complex_formation,O95760,Q16552,25588830,The SEPT12-based septin core complex was assembled as octameric filaments comprising the SEPT proteins 12-7-6-2-2-6-7-12 or 12-7-6-4-4-6-7-12
6,12,Complex_formation,O95760,P39900,25588830,The SEPT12-based septin core complex was assembled as octameric filaments comprising the SEPT proteins 12-7-6-2-2-6-7-12 or 12-7-6-4-4-6-7-12
4,4,Complex_formation,P09919,P09919,25588830,The SEPT12-based septin core complex was assembled as octameric filaments comprising the SEPT proteins 12-7-6-2-2-6-7-12 or 12-7-6-4-4-6-7-12
4,6,Complex_formation,P09919,O95760,25588830,The SEPT12-based septin core complex was assembled as octameric filaments comprising the SEPT proteins 12-7-6-2-2-6-7-12 or 12-7-6-4-4-6-7-12
4,7,Complex_formation,P09919,Q16552,25588830,The SEPT12-based septin core complex was assembled as octameric filaments comprising the SEPT proteins 12-7-6-2-2-6-7-12 or 12-7-6-4-4-6-7-12
4,12,Complex_formation,P09919,P39900,25588830,The SEPT12-based septin core complex was assembled as octameric filaments comprising the SEPT proteins 12-7-6-2-2-6-7-12 or 12-7-6-4-4-6-7-12
SUMO-2,3,Out-of-scope,NA,Q99731,21554500,Mitotic kinase Aurora-B is regulated by SUMO-2/3 conjugation/deconjugation during mitosis
3,Aurora-B,Out-of-scope,Q99731,NA,21554500,"The E3 SUMO-protein ligase PIAS3 [protein inhibitor of activated STAT (signal transducer and activator of transcription)] dramatically enhanced poly-SUMO-2/3 conjugation of Aurora-B, whereas the SUMO-specific isopeptidase SENP2 (Sentrin/SUMO-specific protease) specifically deconjugated SUMO from Aurora-B"
3,Aurora-B,Out-of-scope,Q99731,NA,21554500,Mitotic kinase Aurora-B is regulated by SUMO-2/3 conjugation/deconjugation during mitosis
IFN-gamma,inducible NO synthase,Positive_regulation,P01579,NA,17982102,"The combination of IL-1beta and IFN-gamma, previously shown to strongly induce inducible NO synthase in human primary astrocytes, induced p38-dependent phosphorylation of acetyltransferase coactivator p300, but not p65, and subsequent association of p300 with p65"
IL-1beta,inducible NO synthase,Positive_regulation,P01584,NA,17982102,"The combination of IL-1beta and IFN-gamma, previously shown to strongly induce inducible NO synthase in human primary astrocytes, induced p38-dependent phosphorylation of acetyltransferase coactivator p300, but not p65, and subsequent association of p300 with p65"
IFN-gamma,p38,Positive_regulation,P01579,NA,17982102,"The combination of IL-1beta and IFN-gamma, previously shown to strongly induce inducible NO synthase in human primary astrocytes, induced p38-dependent phosphorylation of acetyltransferase coactivator p300, but not p65, and subsequent association of p300 with p65"
IL-1beta,p38,Positive_regulation,P01584,NA,17982102,"The combination of IL-1beta and IFN-gamma, previously shown to strongly induce inducible NO synthase in human primary astrocytes, induced p38-dependent phosphorylation of acetyltransferase coactivator p300, but not p65, and subsequent association of p300 with p65"
Vif,C,Complex_formation,NA,Q14116,14564014,"We report that Vif interacts with cellular proteins Cul5, elongins B and C, and Rbx1 to form an Skp1-cullin-F-box (SCF)-like complex"
Cul5,C,Complex_formation,NA,Q14116,14564014,"We report that Vif interacts with cellular proteins Cul5, elongins B and C, and Rbx1 to form an Skp1-cullin-F-box (SCF)-like complex"
elongins B,C,Complex_formation,NA,Q14116,14564014,"We report that Vif interacts with cellular proteins Cul5, elongins B and C, and Rbx1 to form an Skp1-cullin-F-box (SCF)-like complex"
C,Rbx1,Complex_formation,Q14116,NA,14564014,"We report that Vif interacts with cellular proteins Cul5, elongins B and C, and Rbx1 to form an Skp1-cullin-F-box (SCF)-like complex"
microsomal triglyceride transfer protein,apoB,Catalysis_of_lipidation,P14210,NA,11369260,"The first step is the co-and post-translational lipidation of apoB, forming pre-VLDL in the rough endoplasmic reticulum. The microsomal triglyceride transfer protein catalyzes this step"
RAG1,2,Complex_formation,NA,P13500,10490593,V(D)J recombination is initiated by the specific binding of the RAG1-RAG2 (RAG1/2) complex to the heptamer-nonamer recombination signal sequences (RSS)
RAG1,2,Complex_formation,NA,P13500,10490593,Several steps of the V(D)J recombination reaction can be reconstituted in vitro with only RAG1/2 plus the high-mobility-group protein HMG1 or HMG2
RAG1,2,Complex_formation,NA,P13500,10490593,"This interaction facilitates the binding of RAG1/2 to the RSS, mainly by promoting high-affinity binding to the nonamer motif"
RAG1,2,Complex_formation,NA,P13500,10490593,"Using circular-permutation assays, we found that the RAG1/2 complex bends the RSS DNA between the heptamer and nonamer motifs"
NFATp,TNF-alpha,Regulation_of_transcription,NA,P01375,8816436,"Furthermore, in T cells, two molecules of NFATp bind to the TNF-alpha promoter element kappa 3 in association with ATF-2 and Jun proteins bound to an immediately adjacent cyclic AMP response element (CRE) site"
NFATp,TNF-alpha,Regulation_of_transcription,NA,P01375,8816436,"Consistent with these results, quantitative DNase footprinting of the TNF-alpha promoter using increasing amounts of recombinant NFATp demonstrated that the -76 site binds to NFATp with a higher affinity than the kappa 3 site"
NFATp,TNF-alpha,Regulation_of_transcription,NA,P01375,8816436,Two other previously unrecognized NFATp-binding sites in the proximal TNF-alpha promoter were also identified by this analysis
NFATp,TNF-alpha,Regulation_of_transcription,NA,P01375,8816436,"Instead, ATF-2 and Jun proteins bind to the composite kappa 3/CRE site and NFATp binds to a newly identified second NFAT site centered at -76 nucleotides relative to the TNF-alpha transcription start site"
ATF-2,TNF-alpha,Regulation_of_transcription,NA,P01375,8816436,"Furthermore, in T cells, two molecules of NFATp bind to the TNF-alpha promoter element kappa 3 in association with ATF-2 and Jun proteins bound to an immediately adjacent cyclic AMP response element (CRE) site"
ATF-2,TNF-alpha,Regulation_of_transcription,NA,P01375,8816436,"Instead, ATF-2 and Jun proteins bind to the composite kappa 3/CRE site and NFATp binds to a newly identified second NFAT site centered at -76 nucleotides relative to the TNF-alpha transcription start site"
C4b,A,Complex_formation,NA,Q14116,17984207,"gonorrhoeae variants that predominantly expressed individual Opa proteins, we found that all Opa proteins tested (A, B, C, D, E, F, and I) bound C4b and C3b via amide and ester linkages, respectively"
C3b,A,Complex_formation,NA,Q14116,17984207,"gonorrhoeae variants that predominantly expressed individual Opa proteins, we found that all Opa proteins tested (A, B, C, D, E, F, and I) bound C4b and C3b via amide and ester linkages, respectively"
C4b,B,Complex_formation,NA,P14210,17984207,"gonorrhoeae variants that predominantly expressed individual Opa proteins, we found that all Opa proteins tested (A, B, C, D, E, F, and I) bound C4b and C3b via amide and ester linkages, respectively"
C4b,C,Complex_formation,NA,Q14116,17984207,"gonorrhoeae variants that predominantly expressed individual Opa proteins, we found that all Opa proteins tested (A, B, C, D, E, F, and I) bound C4b and C3b via amide and ester linkages, respectively"
C4b,D,Complex_formation,NA,Q14116,17984207,"gonorrhoeae variants that predominantly expressed individual Opa proteins, we found that all Opa proteins tested (A, B, C, D, E, F, and I) bound C4b and C3b via amide and ester linkages, respectively"
C4b,E,Complex_formation,NA,Q14116,17984207,"gonorrhoeae variants that predominantly expressed individual Opa proteins, we found that all Opa proteins tested (A, B, C, D, E, F, and I) bound C4b and C3b via amide and ester linkages, respectively"
C4b,F,Complex_formation,NA,Q14116,17984207,"gonorrhoeae variants that predominantly expressed individual Opa proteins, we found that all Opa proteins tested (A, B, C, D, E, F, and I) bound C4b and C3b via amide and ester linkages, respectively"
C4b,I,Complex_formation,NA,Q14116,17984207,"gonorrhoeae variants that predominantly expressed individual Opa proteins, we found that all Opa proteins tested (A, B, C, D, E, F, and I) bound C4b and C3b via amide and ester linkages, respectively"
C3b,B,Complex_formation,NA,P14210,17984207,"gonorrhoeae variants that predominantly expressed individual Opa proteins, we found that all Opa proteins tested (A, B, C, D, E, F, and I) bound C4b and C3b via amide and ester linkages, respectively"
C3b,C,Complex_formation,NA,Q14116,17984207,"gonorrhoeae variants that predominantly expressed individual Opa proteins, we found that all Opa proteins tested (A, B, C, D, E, F, and I) bound C4b and C3b via amide and ester linkages, respectively"
C3b,D,Complex_formation,NA,Q14116,17984207,"gonorrhoeae variants that predominantly expressed individual Opa proteins, we found that all Opa proteins tested (A, B, C, D, E, F, and I) bound C4b and C3b via amide and ester linkages, respectively"
C3b,E,Complex_formation,NA,Q14116,17984207,"gonorrhoeae variants that predominantly expressed individual Opa proteins, we found that all Opa proteins tested (A, B, C, D, E, F, and I) bound C4b and C3b via amide and ester linkages, respectively"
C3b,F,Complex_formation,NA,Q14116,17984207,"gonorrhoeae variants that predominantly expressed individual Opa proteins, we found that all Opa proteins tested (A, B, C, D, E, F, and I) bound C4b and C3b via amide and ester linkages, respectively"
C3b,I,Complex_formation,NA,Q14116,17984207,"gonorrhoeae variants that predominantly expressed individual Opa proteins, we found that all Opa proteins tested (A, B, C, D, E, F, and I) bound C4b and C3b via amide and ester linkages, respectively"
Eps15,EGFR,Regulation,NA,P01133,15465819,Both the ubiquitin ligase activity of c-Cbl and the UIM of Eps15 were necessary for plasma membrane recruitment of Eps15 and entry of ligand-bound EGFR into coated pits and vesicles containing Eps15
c-Cbl,EGFR,Regulation,NA,P01133,15465819,Both the ubiquitin ligase activity of c-Cbl and the UIM of Eps15 were necessary for plasma membrane recruitment of Eps15 and entry of ligand-bound EGFR into coated pits and vesicles containing Eps15
EGFR,Eps15,Complex_formation,P01133,NA,15465819,This is consistent with a scenario in which ubiquitin moieties appended to activated EGFR complexes act as docking sites for Eps15 and thereby recruit receptors into clathrin coated pits
Eps15,EGFR,Regulation,NA,P01133,15465819,This is consistent with a scenario in which ubiquitin moieties appended to activated EGFR complexes act as docking sites for Eps15 and thereby recruit receptors into clathrin coated pits
c-Cbl,EGFR,Regulation,NA,P01133,15465819,We find that c-Cbl can guide ligand-bound EGFR into the Eps15 internalization route by two distinct mechanisms
c-Cbl,EGFR,Complex_formation,NA,P01133,15465819,"These are either dependent on the phosphotyrosine binding domain of c-Cbl that directly binds to the EGFR or on the region C-terminal of the Ring finger, which allows for indirect binding to an alternative site on the receptor"
Eps15,EGFR,Complex_formation,NA,P01133,15465819,"Only in the phosphotyrosine binding-dependent pathway, the EGFR is ubiquitinated and may serve as a site of recruitment for Eps15"
GSK3beta,axin,Catalysis_of_phosphorylation,NA,P51671,10581160,A GSK3beta phosphorylation site in axin modulates interaction with beta-catenin and Tcf-mediated gene expression
axin,beta-catenin,Complex_formation,P51671,NA,10581160,A GSK3beta phosphorylation site in axin modulates interaction with beta-catenin and Tcf-mediated gene expression
Axin,beta-catenin,Complex_formation,P51671,NA,10581160,Axin is a scaffold protein which binds beta-catenin and GSK3beta (as well as several other proteins) and thus promotes the phosphorylation of beta-catenin
Axin,GSK3beta,Complex_formation,P51671,NA,10581160,Axin is a scaffold protein which binds beta-catenin and GSK3beta (as well as several other proteins) and thus promotes the phosphorylation of beta-catenin
Axin,beta-catenin,Out-of-scope,P51671,NA,10581160,Axin is a scaffold protein which binds beta-catenin and GSK3beta (as well as several other proteins) and thus promotes the phosphorylation of beta-catenin
GSK3beta,Axin,Catalysis_of_phosphorylation,NA,P51671,10581160,"Here we report that Axin is phosphorylated on Ser and Thr residues in several regions in vivo, while only one region (amino acids 600-672) is efficiently phosphorylated by GSK3beta in vitro"
GSK3beta,Axin,Catalysis_of_phosphorylation,NA,P51671,10581160,"Site-directed mutagenesis, together with in vitro and in vivo phosphorylation assays, demonstrates that Axin residues T609 and S614 are physiological GSK3beta targets"
Axin,beta-catenin,Complex_formation,P51671,NA,10581160,"Substitutions for one or more of these residues, which lie within a beta-catenin binding site, reduce the ability of Axin to modulate Wnt-induced signaling in a Lef/Tcf reporter assay"
Axin,beta-catenin,Complex_formation,P51671,NA,10581160,These amino acid substitutions also reduce the binding between Axin and beta-catenin
GSK3beta,Axin,Complex_formation,NA,P51671,10581160,"We propose a model in which inhibition of GSK3beta activity upon Wnt signaling leads to the dephosphorylation of GSK3beta sites in Axin, resulting in the release of beta-catenin from the phosphorylation complex"
beta-catenin,Axin,Complex_formation,NA,P51671,10581160,"We propose a model in which inhibition of GSK3beta activity upon Wnt signaling leads to the dephosphorylation of GSK3beta sites in Axin, resulting in the release of beta-catenin from the phosphorylation complex"
SETD6,RelA,Out-of-scope,NA,O95760,21131967_18,"To investigate potential roles for SETD6 and SETD6-RelA interplay in cellular transformation, U2OS cells were established that stably expressed shRNAs targeting SETD6 alone, RelA alone, SETD6 and RelA, or a control shRNA, and tested for cell transformation-associated properties (Fig"
ATR,ATRIP,Complex_formation,P39900,NA,20965415_49,RPA-ssDNA complexes recruits the ATR/ATRIP complex through direct interaction with ATRIP to localize it to the fork (Figure 1B)
RPA,ATR,Complex_formation,NA,P39900,20965415_49,RPA-ssDNA complexes recruits the ATR/ATRIP complex through direct interaction with ATRIP to localize it to the fork (Figure 1B)
5,RFC2,Complex_formation,P09919,NA,20965415_49,"Furthermore, it stimulates binding and activation of the RAD17-RFC2-5 clamp loader, which loads the PCNA-related RAD9-HUS1-RAD1 (9-1-1) heterotrimer bound to the ATR-activating TOPBP1 protein, and stimulates ATR kinase activity"
5,RAD17,Complex_formation,P09919,NA,20965415_49,"Furthermore, it stimulates binding and activation of the RAD17-RFC2-5 clamp loader, which loads the PCNA-related RAD9-HUS1-RAD1 (9-1-1) heterotrimer bound to the ATR-activating TOPBP1 protein, and stimulates ATR kinase activity"
RPA,5,Positive_regulation,NA,P09919,20965415_49,"RPA-ssDNA complexes recruits the ATR/ATRIP complex through direct interaction with ATRIP to localize it to the fork (Figure 1B). Furthermore, it stimulates binding and activation of the RAD17-RFC2-5 clamp loader, which loads the PCNA-related RAD9-HUS1-RAD1 (9-1-1) heterotrimer bound to the ATR-activating TOPBP1 protein, and stimulates ATR kinase activity"
TOPBP1,ATR,Positive_regulation,NA,P39900,20965415_49,"Furthermore, it stimulates binding and activation of the RAD17-RFC2-5 clamp loader, which loads the PCNA-related RAD9-HUS1-RAD1 (9-1-1) heterotrimer bound to the ATR-activating TOPBP1 protein, and stimulates ATR kinase activity"
RPA,ATR,Positive_regulation,NA,P39900,20965415_49,"RPA-ssDNA complexes recruits the ATR/ATRIP complex through direct interaction with ATRIP to localize it to the fork (Figure 1B). Furthermore, it stimulates binding and activation of the RAD17-RFC2-5 clamp loader, which loads the PCNA-related RAD9-HUS1-RAD1 (9-1-1) heterotrimer bound to the ATR-activating TOPBP1 protein, and stimulates ATR kinase activity"
UHRF1,DNA methyltransferase 1,Out-of-scope,NA,P14210,18772889,The preferential affinity of UHRF1 for hemi-methylated DNA over symmetrically methylated DNA by means of its SET and RING-associated (SRA) domain and its association with the maintenance DNA methyltransferase 1 (DNMT1) suggests a role in replication of the epigenetic code
interferon gamma,CIITA,Positive_regulation,P01579,NA,9177217,"However, these plasmids produced transcriptional activity in HeLa cells only in conjunction with interferon gamma stimulation, a condition in which expression of both CIITA and class II major histocompatibility complex surface proteins are induced"
interferon gamma,CIITA,Regulation_of_gene_expression,P01579,NA,9177217,"However, these plasmids produced transcriptional activity in HeLa cells only in conjunction with interferon gamma stimulation, a condition in which expression of both CIITA and class II major histocompatibility complex surface proteins are induced"
NEDD4-2,3,Complex_formation,NA,Q99731,15496141,"Moreover, NEDD4-2 bound to TGF-beta-specific R-Smads, Smads 2 and 3, in a ligand-dependent manner, and induced degradation of Smad2, but not Smad3"
2,Smad7,Complex_formation,P13500,NA,15496141,"NEDD4-2 functions like Smurfs 1 and 2 in that it associates with TGF-beta type I receptor via Smad7, and induces its ubiquitin-dependent degradation"
2,TGF-beta type I receptor,Complex_formation,P13500,NA,15496141,"NEDD4-2 functions like Smurfs 1 and 2 in that it associates with TGF-beta type I receptor via Smad7, and induces its ubiquitin-dependent degradation"
2,TGF-beta type I receptor,Negative_regulation,P13500,NA,15496141,"NEDD4-2 functions like Smurfs 1 and 2 in that it associates with TGF-beta type I receptor via Smad7, and induces its ubiquitin-dependent degradation"
2,TGF-beta type I receptor,Regulation_of_degradation,P13500,NA,15496141,"NEDD4-2 functions like Smurfs 1 and 2 in that it associates with TGF-beta type I receptor via Smad7, and induces its ubiquitin-dependent degradation"
Dicer,7,Complex_formation,NA,Q16552,23882114_10,"We further demonstrate that Dicer's dsRBD binds importins beta, 7, and 8"
Dicer,8,Complex_formation,NA,Q14116,23882114_10,"We further demonstrate that Dicer's dsRBD binds importins beta, 7, and 8"
2,Dma1,Positive_regulation,P13500,NA,29742018_12,"Taken together, these data indicate that the C-termini of Hhp1/2 are dispensable for their SPB localization and function during the Dma1-mediated mitotic checkpoint"
Cullin-2,C,Complex_formation,NA,Q14116,27222660,"Cullin-2 is a member of the Cullin family, and it serves as a scaffold protein for Elongin B and C, Rbx1 and various substrate recognition receptors to form E3 ubiquitin ligases"
Ci,hh,Negative_regulation,Q14116,NA,9215627,"Although Ci is thought to have roles as a transcription factor repressing hh expression and activating target genes, it localizes in the cytoplasm of anterior cells"
Ci,hh,Regulation_of_gene_expression,Q14116,NA,9215627,"Although Ci is thought to have roles as a transcription factor repressing hh expression and activating target genes, it localizes in the cytoplasm of anterior cells"
Smc5,6,Complex_formation,NA,O95760,24385939,"While meiotic functions of the cohesin and condensin complexes have been delineated, the role of the third SMC complex, Smc5/6, remains enigmatic"
Smc5,6,Complex_formation,NA,O95760,24385939,"Here we identify specific, essential meiotic functions for the Smc5/6 complex in homologous recombination and the regulation of cohesin"
Smc5,6,Complex_formation,NA,O95760,24385939,"We show that Smc5/6 is enriched at centromeres and cohesin-association sites where it regulates sister-chromatid cohesion and the timely removal of cohesin from chromosomal arms, respectively"
Smc5,6,Complex_formation,NA,O95760,24385939,"Smc5/6 also localizes to recombination hotspots, where it promotes normal formation and resolution of a subset of joint-molecule intermediates"
Smc5,6,Complex_formation,NA,O95760,24385939,"In this regard, Smc5/6 functions independently of the major crossover pathway defined by the MutLgamma complex"
Smc5,6,Complex_formation,NA,O95760,24385939,"Furthermore, we show that Smc5/6 is required for stable chromosomal localization of the XPF-family endonuclease, Mus81-Mms4(Eme1)"
6,Mus81,Regulation,O95760,NA,24385939,"Furthermore, we show that Smc5/6 is required for stable chromosomal localization of the XPF-family endonuclease, Mus81-Mms4(Eme1)"
Smc5,6,Complex_formation,NA,O95760,24385939,"Our data suggest that the Smc5/6 complex is required for specific recombination and chromosomal processes throughout meiosis and that in its absence, attempts at cell division with unresolved joint molecules and residual cohesin lead to severe recombination-induced meiotic catastrophe"
Smc5,6,Complex_formation,NA,O95760,24385939,Smc5/6 coordinates formation and resolution of joint molecules with chromosome morphology to ensure meiotic divisions
MRN,ATR,Complex_formation,NA,P39900,22977173_37,We next investigated the MRN-ATR-Chk1 arm of the replication checkpoint
ATR,Chk1,Complex_formation,P39900,NA,22977173_37,We next investigated the MRN-ATR-Chk1 arm of the replication checkpoint
ATR,MRN,Regulation,P39900,NA,22977173_37,MRN functions in checkpoint activation both as an upstream damage sensor and a downstream target of ATR
ATR,RPA32,Catalysis_of_phosphorylation,P39900,NA,22977173_37,"We reported that MRN co-localizes with RPA in cells treated with UV, HU and etoposide, the MRN-RPA interaction is regulated by phosphorylation and dephosphorylation of these complexes, that an RPA-MRN interaction followed by RPA32 phosphorylation was required for etoposide-induced G2/M arrest, and that HU-induced phosphorylation of RPA32 by ATR requires NBS1"
NBS1,ATR,Out-of-scope,NA,P39900,22977173_37,"We reported that MRN co-localizes with RPA in cells treated with UV, HU and etoposide, the MRN-RPA interaction is regulated by phosphorylation and dephosphorylation of these complexes, that an RPA-MRN interaction followed by RPA32 phosphorylation was required for etoposide-induced G2/M arrest, and that HU-induced phosphorylation of RPA32 by ATR requires NBS1"
ATR,RPA32,Catalysis_of_phosphorylation,P39900,NA,22977173_37,"NBS1 also has an important role in etoposide-induced, ATR-dependent RPA32 hyperphosphorylation and PPA2-mediated RPA32 dephosphorylation of RPA32 Thr21 and Ser33 is required for checkpoint release and cell cycle re-entry"
TopBP1,ATR,Complex_formation,NA,P39900,22977173_37,"Full ATR activation depends on its interaction with TopBP1, and specifically on phosphorylation of PIKK consensus sites in TopBP1's ATR activation domain"
ATR,TopBP1,Catalysis_of_phosphorylation,P39900,NA,22977173_37,"Full ATR activation depends on its interaction with TopBP1, and specifically on phosphorylation of PIKK consensus sites in TopBP1's ATR activation domain"
ATR,TopBP1,Positive_regulation,P39900,NA,22977173_37,"Full ATR activation depends on its interaction with TopBP1, and specifically on phosphorylation of PIKK consensus sites in TopBP1's ATR activation domain"
MZF-1,CAT,Negative_regulation,NA,P14210,7579328,MZF-1 represses CAT reporter gene expression via GAL4 binding sites in the nonhematopoietic cell lines NIH 3T3 and 293
MZF-1,CAT,Regulation_of_transcription,NA,P14210,7579328,MZF-1 represses CAT reporter gene expression via GAL4 binding sites in the nonhematopoietic cell lines NIH 3T3 and 293
MZF-1,CAT,Positive_regulation,NA,P14210,7579328,"In contrast, MZF-1 activates CAT reporter gene expression in the hematopoietic cell lines K562 and Jurkat"
MZF-1,CAT,Regulation_of_transcription,NA,P14210,7579328,"In contrast, MZF-1 activates CAT reporter gene expression in the hematopoietic cell lines K562 and Jurkat"
TAFs 80,31,Complex_formation,NA,P09919,7667268,"Because TAFs 80, 31, and 20 show sequence similarities to histones H4, H3, and H2B, as well as some parallel interactions, this subset of TAFs may form a related core structure within TFIID"
31,20,Complex_formation,P09919,P13725,7667268,"Because TAFs 80, 31, and 20 show sequence similarities to histones H4, H3, and H2B, as well as some parallel interactions, this subset of TAFs may form a related core structure within TFIID"
TAFs 80,20,Complex_formation,NA,P13725,7667268,"Because TAFs 80, 31, and 20 show sequence similarities to histones H4, H3, and H2B, as well as some parallel interactions, this subset of TAFs may form a related core structure within TFIID"
Pyk2,IL-7Ralpha,Complex_formation,NA,P13232,10702271,"Interleukin (IL)-7 induces rapid activation of Pyk2, which is bound to Janus kinase 1 and IL-7Ralpha"
Interleukin-7 (IL-7) receptor,Jak1,Positive_regulation,P13232,NA,10702271,"Interleukin-7 (IL-7) receptor signaling begins with activation of the Janus tyrosine kinases Jak1 and Jak3, which are associated with the receptor complex"
Interleukin-7 (IL-7) receptor,Jak3,Positive_regulation,P13232,NA,10702271,"Interleukin-7 (IL-7) receptor signaling begins with activation of the Janus tyrosine kinases Jak1 and Jak3, which are associated with the receptor complex"
IL-7,Pyk2,Positive_regulation,P13232,NA,10702271,"We demonstrate that stimulation of D1 (or normal pro-T) cells by IL-7 rapidly increased tyrosine phosphorylation and enzymatic activity of Pyk2, with kinetics slightly lagging that of Jak1 and Jak3 phosphorylation"
IL-7,Pyk2,Regulation,P13232,NA,10702271,"Conversely, IL-7 withdrawal resulted in a marked decrease of Pyk2 phosphorylation"
Pyk2,IL-7Ralpha,Complex_formation,NA,P13232,10702271,Pyk2 was found to be physically associated with Jak1 prior to IL-7 stimulation and to increase its association with IL-7Ralpha chain following IL-7 stimulation
IL-7,Jak1,Regulation,P13232,NA,10702271,"We demonstrate that stimulation of D1 (or normal pro-T) cells by IL-7 rapidly increased tyrosine phosphorylation and enzymatic activity of Pyk2, with kinetics slightly lagging that of Jak1 and Jak3 phosphorylation"
IL-7,Jak3,Regulation,P13232,NA,10702271,"We demonstrate that stimulation of D1 (or normal pro-T) cells by IL-7 rapidly increased tyrosine phosphorylation and enzymatic activity of Pyk2, with kinetics slightly lagging that of Jak1 and Jak3 phosphorylation"
IL-7,Pyk2,Regulation,P13232,NA,10702271,Pyk2 was found to be physically associated with Jak1 prior to IL-7 stimulation and to increase its association with IL-7Ralpha chain following IL-7 stimulation
IL-7,Pyk2,Regulation,P13232,NA,10702271,Pyk2 was found to be physically associated with Jak1 prior to IL-7 stimulation and to increase its association with IL-7Ralpha chain following IL-7 stimulation
LKP2,CO,Complex_formation,NA,P09919,15937324,The LKP2-binding site in CO or COL1 was near the center of each protein
CO,LKP2,Complex_formation,P09919,NA,15937324,The CCT motif in CO or COL1 was not sufficient for interaction with LKP2
LKP2,CO,Complex_formation,NA,P09919,15937324,"LKP2 recognized CO with F-box and kelch repeat-containing regions, while it recognized COL1 with an LOV domain"
syntenin,proTGF-alpha,Complex_formation,NA,P01135,11434923,"It encodes a protein containing two PDZ domains that mediates the binding of syntenin to proteins such as syndecan, proTGF-alpha, beta-ephrins and neurofascin"
syntenin,neurofascin,Complex_formation,NA,P10147,11434923,"It encodes a protein containing two PDZ domains that mediates the binding of syntenin to proteins such as syndecan, proTGF-alpha, beta-ephrins and neurofascin"
Hsp90,GR,Complex_formation,NA,P60568,10066374,"The search for the amino acid sequence(s) in Hsp90 involved in interaction with the human GR has been carried out by mutational deletion analysis in whole cells, studying the effects of interaction on the nucleocytoplasmic distributions of transiently expressed Hsp90 and GR derivatives in COS-7 cells"
Hsp90,GR,Complex_formation,NA,P60568,10066374,"Using a recently developed confocal microscopic immunofluorescence method that allows quantification of the nucleocytoplasmic ratios of the proteins in individual cells and statistical comparison of cell populations, two subregions of the Hsp90 molecule have been defined that allow interaction with GR (residues 206-291 and 446-581)"
GR,Hsp90,Complex_formation,P60568,NA,10066374,"The latter region may play a fundamental role in the interaction, while the former may merely stabilize the binding to GR of the intact Hsp90 molecule"
Hsp90,GR,Complex_formation,NA,P60568,10066374,"The search for the amino acid sequence(s) in Hsp90 involved in interaction with the human GR has been carried out by mutational deletion analysis in whole cells, studying the effects of interaction on the nucleocytoplasmic distributions of transiently expressed Hsp90 and GR derivatives in COS-7 cells"
Sp1,IL-2,Regulation_of_transcription,NA,P60568,7673240,Here we describe a novel regulatory element within the IL-2 promoter located immediately upstream of the nuclear factor of activated T cell (NFAT) domain. This region (termed the zinc finger protein binding region (ZIP)) serves as binding site for two differently regulated zinc finger proteins: the constitutively expressed transcription factor Sp1 and the inducible early growth response protein EGR-1
EGR-1,IL-2,Regulation_of_transcription,NA,P60568,7673240,Here we describe a novel regulatory element within the IL-2 promoter located immediately upstream of the nuclear factor of activated T cell (NFAT) domain. This region (termed the zinc finger protein binding region (ZIP)) serves as binding site for two differently regulated zinc finger proteins: the constitutively expressed transcription factor Sp1 and the inducible early growth response protein EGR-1
Sp1,IL-2,Regulation_of_transcription,NA,P60568,7673240,"Here we describe a novel regulatory element within the IL-2 promoter located immediately upstream of the nuclear factor of activated T cell (NFAT) domain. This region (termed the zinc finger protein binding region (ZIP)) serves as binding site for two differently regulated zinc finger proteins: the constitutively expressed transcription factor Sp1 and the inducible early growth response protein EGR-1. In unstimulated cells which do not secrete IL-2, only Sp1 binds to this region, while in stimulated IL-2 secreting cells the inducible EGR-1 protein recognizes this element"
EGR-1,IL-2,Regulation_of_transcription,NA,P60568,7673240,"Here we describe a novel regulatory element within the IL-2 promoter located immediately upstream of the nuclear factor of activated T cell (NFAT) domain. This region (termed the zinc finger protein binding region (ZIP)) serves as binding site for two differently regulated zinc finger proteins: the constitutively expressed transcription factor Sp1 and the inducible early growth response protein EGR-1. In unstimulated cells which do not secrete IL-2, only Sp1 binds to this region, while in stimulated IL-2 secreting cells the inducible EGR-1 protein recognizes this element"
mixed-lineage leukemia (MLL) 2,3,Complex_formation,NA,Q99731,17761849,"Moreover, UTX associates with mixed-lineage leukemia (MLL) 2/3 complexes, and during retinoic acid signaling events, the recruitment of the UTX complex to HOX genes results in H3K27 demethylation and a concomitant methylation of H3K4"
UTX,3,Complex_formation,NA,Q99731,17761849,"Moreover, UTX associates with mixed-lineage leukemia (MLL) 2/3 complexes, and during retinoic acid signaling events, the recruitment of the UTX complex to HOX genes results in H3K27 demethylation and a concomitant methylation of H3K4"
MLL2,3,Complex_formation,NA,Q99731,17761849,Our results suggest a concerted mechanism for transcriptional activation in which cycles of H3K4 methylation by MLL2/3 are linked with the demethylation of H3K27 through UTX
3,H3K4,Catalysis_of_methylation,Q99731,NA,17761849,Our results suggest a concerted mechanism for transcriptional activation in which cycles of H3K4 methylation by MLL2/3 are linked with the demethylation of H3K27 through UTX
c-Rel,IL-6,Regulation_of_gene_expression,NA,P05231,1372388,"In particular, the c-Rel homodimer has a high affinity for interleukin-6 (IL-6) and beta interferon kappa B sites"
IL-6 kappa B binding factor II,IL-6,Negative_regulation,P05231,P05231,1372388,We also present evidence that IL-6 kappa B binding factor II functions as a repressor specific for IL-6 kappa B-related kappa B motifs in lymphoid cells
IL-6 kappa B binding factor II,IL-6,Regulation_of_gene_expression,P05231,P05231,1372388,We also present evidence that IL-6 kappa B binding factor II functions as a repressor specific for IL-6 kappa B-related kappa B motifs in lymphoid cells
IL-6 kappa B binding factor II,IL-6,Regulation_of_gene_expression,P05231,P05231,1372388,"In spite of its association with p50 in vitro, however, we found a lymphoid cell-specific nuclear factor in vivo that contains c-Rel but not p50 epitopes; this factor, termed IL-6 kappa B binding factor II, appears to contain the c-Rel homodimer and preferentially recognizes several IL-6 kappa B-related kappa B motifs"
3,Borealin,Out-of-scope,Q99731,NA,18946085,"We show that Borealin is preferentially modified by SUMO2/3 and demonstrate that the modification is dynamically regulated during mitotic progression, peaking in early mitosis"
SOST,6,Complex_formation,NA,O95760,23850456_32,Recent studies have pinpointed the interaction of SOST with LRP5/6 to a linear stretch of residues within the wrist region of SOST
IL-37,IL-6,Negative_regulation,NA,P05231,24481253,"In IL-37-expressing mice, neutralizing IL-37 antibodies reversed the suppression of LPS-induced serum IL-6"
TNF-alpha,p105,Regulation_of_degradation,P01375,NA,12482991,"This phosphorylation is essential for TNF-alpha to trigger p105 degradation, which releases the associated Rel/NF-kappaB subunits to translocate into the nucleus and regulate target gene transcription"
TNF-alpha,p105,Negative_regulation,P01375,NA,12482991,"In this study, TNF-alpha-induced p105 proteolysis was revealed to additionally require the phosphorylation of serine 932"
TNF-alpha,p105,Regulation_of_degradation,P01375,NA,12482991,"In this study, TNF-alpha-induced p105 proteolysis was revealed to additionally require the phosphorylation of serine 932"
TNF-alpha,p105,Negative_regulation,P01375,NA,12482991,"This phosphorylation is essential for TNF-alpha to trigger p105 degradation, which releases the associated Rel/NF-kappaB subunits to translocate into the nucleus and regulate target gene transcription"
TNF-alpha,p105,Out-of-scope,P01375,NA,12482991,Experiments with IKK1(-/-) and IKK2(-/-) double knockout embryonic fibroblasts demonstrate that the IKK complex is essential for TNF-alpha to stimulate phosphorylation on p105 serines 927 and 932
TNF-alpha,p105,Regulation_of_degradation,P01375,NA,12482991,"IKK-mediated p105 phosphorylation generates a binding site for betaTrCP, the receptor subunit of an SCF-type ubiquitin E3 ligase, and depletion of betaTrCP by RNA interference blocks TNF-alpha-induced p105 ubiquitination and proteolysis"
TNF-alpha,p105,Negative_regulation,P01375,NA,12482991,"IKK-mediated p105 phosphorylation generates a binding site for betaTrCP, the receptor subunit of an SCF-type ubiquitin E3 ligase, and depletion of betaTrCP by RNA interference blocks TNF-alpha-induced p105 ubiquitination and proteolysis"
TNF-alpha,p105,Negative_regulation,P01375,NA,12482991,"Thus, it appears that reduced p105 recruitment of betaTrCP and subsequent ubiquitination may contribute to delayed p105 proteolysis after TNF-alpha stimulation relative to that for IkappaBalpha"
TNF-alpha,p105,Regulation_of_degradation,P01375,NA,12482991,"Thus, it appears that reduced p105 recruitment of betaTrCP and subsequent ubiquitination may contribute to delayed p105 proteolysis after TNF-alpha stimulation relative to that for IkappaBalpha"
betaTrCP,TNF-alpha,Regulation,NA,P01375,12482991,"IKK-mediated p105 phosphorylation generates a binding site for betaTrCP, the receptor subunit of an SCF-type ubiquitin E3 ligase, and depletion of betaTrCP by RNA interference blocks TNF-alpha-induced p105 ubiquitination and proteolysis"
caveolin-1,VEGFR2,Complex_formation,NA,P01133,15692085,The egress of VEGFR2 from caveolae/lipid rafts is contemporaneous with the tyrosine phosphorylation of caveolin-1 (Tyr14) and VEGFR2 and with their association with each other
TLR2,1,Complex_formation,NA,Q14116,23155421_7,"Interestingly, such a hypothesis is also supported by the fact that for the two pairs of heterodimeric TLRs (TLR2/1, TLR2/6), the transmembrane domain sequences of TLR1 and TLR6 are almost identical (Table 1) due to recent evolutionary divergence, suggesting that their TMD regions possibly contribute to their association with TLR2"
TLR2,6,Complex_formation,NA,O95760,23155421_7,"Interestingly, such a hypothesis is also supported by the fact that for the two pairs of heterodimeric TLRs (TLR2/1, TLR2/6), the transmembrane domain sequences of TLR1 and TLR6 are almost identical (Table 1) due to recent evolutionary divergence, suggesting that their TMD regions possibly contribute to their association with TLR2"
Malt1,IL-2,Regulation,NA,P60568,17948050,Malt1 mutants that lack C-terminal ubiquitin acceptor lysines are impaired in rescuing NF-kappaB signaling and IL-2 production in Malt1-/- T cells
c-ErbB2,Neu,Out-of-scope,NA,P10145,12239347,Chaperone-dependent E3 ubiquitin ligase CHIP mediates a degradative pathway for c-ErbB2/Neu
CHIP,Neu,Regulation_of_degradation,NA,P10145,12239347,Chaperone-dependent E3 ubiquitin ligase CHIP mediates a degradative pathway for c-ErbB2/Neu
tax,Sp1,Complex_formation,P51671,NA,9341193,The tax protein of human T-cell leukemia virus type 1 mediates the transactivation of the c-sis/platelet-derived growth factor-B promoter through interactions with the zinc finger transcription factors Sp1 and NGFI-A/Egr-1
tax,NGFI-A,Complex_formation,P51671,NA,9341193,The tax protein of human T-cell leukemia virus type 1 mediates the transactivation of the c-sis/platelet-derived growth factor-B promoter through interactions with the zinc finger transcription factors Sp1 and NGFI-A/Egr-1
Tax,Sp1,Complex_formation,P51671,NA,9341193,"Finally, co-immunoprecipitation analysis revealed that Tax is able to stably bind to both Sp1 and NGFI-A/Egr-1"
Tax,NGFI-A,Complex_formation,P51671,NA,9341193,"Finally, co-immunoprecipitation analysis revealed that Tax is able to stably bind to both Sp1 and NGFI-A/Egr-1"
Tax,PDGF-B,Positive_regulation,P51671,NA,9341193,Transcriptional up-regulation of the c-sis/platelet-derived growth factor-B (PDGF-B) proto-oncogene by the Tax protein of human T-cell leukemia virus type 1 has been implicated as one possible mechanism of cellular transformation by human T-cell leukemia virus type 1
Tax,Egr-1,Complex_formation,P51671,NA,9341193,"Interestingly, co-immunoprecipitation analysis also revealed that Tax mutant IEXC29S is unable to interact with NGFI-A/Egr-1, whereas Tax mutant IEXL320G is able to interact with NGFI-A/Egr-1"
Tax,NGFI-A,Complex_formation,P51671,NA,9341193,"Interestingly, co-immunoprecipitation analysis also revealed that Tax mutant IEXC29S is unable to interact with NGFI-A/Egr-1, whereas Tax mutant IEXL320G is able to interact with NGFI-A/Egr-1"
tax,c-sis,Regulation_of_transcription,P51671,NA,9341193,The tax protein of human T-cell leukemia virus type 1 mediates the transactivation of the c-sis/platelet-derived growth factor-B promoter through interactions with the zinc finger transcription factors Sp1 and NGFI-A/Egr-1
tax,c-sis,Positive_regulation,P51671,NA,9341193,The tax protein of human T-cell leukemia virus type 1 mediates the transactivation of the c-sis/platelet-derived growth factor-B promoter through interactions with the zinc finger transcription factors Sp1 and NGFI-A/Egr-1
Tax,PDGF-B,Regulation_of_transcription,P51671,NA,9341193,Transcriptional up-regulation of the c-sis/platelet-derived growth factor-B (PDGF-B) proto-oncogene by the Tax protein of human T-cell leukemia virus type 1 has been implicated as one possible mechanism of cellular transformation by human T-cell leukemia virus type 1
Tax,PDGF-B,Regulation_of_transcription,P51671,NA,9341193,"In previous work, we identified an essential site in the c-sis/PDGF-B promoter, Tax-responsive element 1 (TRE1), necessary for transactivation by Tax"
Tax,PDGF-B,Positive_regulation,P51671,NA,9341193,"In previous work, we identified an essential site in the c-sis/PDGF-B promoter, Tax-responsive element 1 (TRE1), necessary for transactivation by Tax"
Tax,c-sis,Regulation_of_transcription,P51671,NA,9341193,"In the present work, we have investigated the mechanism(s) whereby Tax transactivates the c-sis/PDGF-B proto-oncogene"
Tax,c-sis,Positive_regulation,P51671,NA,9341193,"In the present work, we have investigated the mechanism(s) whereby Tax transactivates the c-sis/PDGF-B proto-oncogene"
Tax,c-sis,Positive_regulation,P51671,NA,9341193,In vitro transcription assays showed that Tax was able to significantly increase the transcriptional activity of a template containing the -257 to +74 region of the c-sis/PDGF-B promoter
Tax,Sp1,Positive_regulation,P51671,NA,9341193,Electrophoretic mobility shift assay analysis showed that Tax increased the DNA binding activity of both Sp1 and NGFI-A/Egr-1 using a TRE1 probe
Tax,NGFI-A,Positive_regulation,P51671,NA,9341193,Electrophoretic mobility shift assay analysis showed that Tax increased the DNA binding activity of both Sp1 and NGFI-A/Egr-1 using a TRE1 probe
Tax,c-sis,Positive_regulation,P51671,NA,9341193,"Analysis of Tax mutants showed that two mutants, IEXC29S and IEXL320G, were unable to significantly transactivate the c-sis/PDGF-B promoter"
Tax,c-sis,Regulation_of_transcription,P51671,NA,9341193,"Analysis of Tax mutants showed that two mutants, IEXC29S and IEXL320G, were unable to significantly transactivate the c-sis/PDGF-B promoter"
alpha,beta-tubulin,Complex_formation,P01375,NA,10793159,"The systematic tub1 mutations were placed, along with the comparable set of tub2 mutations previously described, onto a model of the yeast alpha-beta-tubulin dimer based on the three-dimensional structure of bovine tubulin"
beta,alpha,Complex_formation,Q99731,P01375,10793159,"Finally, the positions of the mutations suggest that proximity to the alpha-beta interface may account for the finding of synthetic lethality of five viable tub1 alleles with the benomyl-resistant but otherwise entirely viable tub2-201 allele"
Tax,HsN3,Complex_formation,P51671,NA,8797708,We identified a physical interaction between Tax and the HsN3 subunit of the human proteasome
HsN3,Tax,Complex_formation,NA,P51671,8797708,This raises the intriguing possibility that physical association of the HsN3 proteasome subunit with HTLV-I Tax coupled with the independent interaction of Tax with either p100 or p65-I kappa B alpha targets these cytoplasmic NF-kappa B/Rel complexes to the proteasome for processing
Tax,p100,Complex_formation,P51671,NA,8797708,This raises the intriguing possibility that physical association of the HsN3 proteasome subunit with HTLV-I Tax coupled with the independent interaction of Tax with either p100 or p65-I kappa B alpha targets these cytoplasmic NF-kappa B/Rel complexes to the proteasome for processing
Tax,p65,Complex_formation,P51671,NA,8797708,This raises the intriguing possibility that physical association of the HsN3 proteasome subunit with HTLV-I Tax coupled with the independent interaction of Tax with either p100 or p65-I kappa B alpha targets these cytoplasmic NF-kappa B/Rel complexes to the proteasome for processing
Tax,I kappa B alpha,Complex_formation,P51671,NA,8797708,This raises the intriguing possibility that physical association of the HsN3 proteasome subunit with HTLV-I Tax coupled with the independent interaction of Tax with either p100 or p65-I kappa B alpha targets these cytoplasmic NF-kappa B/Rel complexes to the proteasome for processing
SphK1,EGFR,Regulation_of_transcription,NA,P01133,16636149_38,"Moreover, although both SphK1- and SphK2-siRNA caused a decrease in the basal SphK activity, only SphK1-siRNA that inhibited E2-induced SphK1 activity was able to block the EGFR transactivation"
SphK1,EGFR,Positive_regulation,NA,P01133,16636149_38,"Moreover, although both SphK1- and SphK2-siRNA caused a decrease in the basal SphK activity, only SphK1-siRNA that inhibited E2-induced SphK1 activity was able to block the EGFR transactivation"
SphK1,EGFR,Regulation_of_transcription,NA,P01133,16636149_38,"These results not only suggest a specific role for the SphK1 isoenzyme but also strongly indicate that the activation of SphK1, rather than its baseline activity, is critical for the E2-induced EGFR transactivation"
SphK1,EGFR,Positive_regulation,NA,P01133,16636149_38,"These results not only suggest a specific role for the SphK1 isoenzyme but also strongly indicate that the activation of SphK1, rather than its baseline activity, is critical for the E2-induced EGFR transactivation"
USP28,Chk2,Positive_regulation,Q8NEV9,NA,16901786,"Using a human cell line that faithfully recapitulated the Chk2-p53-PUMA pathway, we show that USP28 is required to stabilize Chk2 and 53BP1 in response to DNA damage"
USP28,53BP1,Positive_regulation,Q8NEV9,NA,16901786,"Using a human cell line that faithfully recapitulated the Chk2-p53-PUMA pathway, we show that USP28 is required to stabilize Chk2 and 53BP1 in response to DNA damage"
USP28,p53,Positive_regulation,Q8NEV9,NA,16901786,"In this cell line, both USP28 and Chk2 are required for DNA-damage-induced apoptosis, and they accomplish this in part through regulation of the p53 induction of proapoptotic genes like PUMA"
ETA,elongation factor-2,Catalysis_of_ADP-ribosylation,Q99731,NA,14527407,"We demonstrate that DESR1 is required for the first step in the posttranslational modification of elongation factor-2 at His(715) that yields diphthamide, the target site for ADP ribosylation by DT and ETA"
SETD6,RelA,Catalysis_of_methylation,NA,O95760,21131967,Lysine methylation of the NF-kappaB subunit RelA by SETD6 couples activity of the histone methyltransferase GLP at chromatin to tonic repression of NF-kappaB signaling
SETD6,RelA,Catalysis_of_methylation,NA,O95760,21131967,We screened over 40 candidate PKMTs and identified SETD6 as a methyltransferase that monomethylated chromatin-associated transcription factor NF-kappaB subunit RelA at Lys310 (RelAK310me1)
SETD6,RelA,Catalysis_of_methylation,NA,O95760,21131967,"SETD6-mediated methylation rendered RelA inert and attenuated RelA-driven transcriptional programs, including inflammatory responses in primary immune cells"
SETD6,RelA,Negative_regulation,NA,O95760,21131967,"SETD6-mediated methylation rendered RelA inert and attenuated RelA-driven transcriptional programs, including inflammatory responses in primary immune cells"
protein kinase C-zeta,RelA,Catalysis_of_phosphorylation,NA,O95760,21131967,NF-kappaB-activation-linked phosphorylation of RelA at Ser311 by protein kinase C-zeta (PKC-zeta) blocked the binding of GLP to RelAK310me1 and relieved repression of the target gene
vitamin D3 receptor,IL-2,Negative_regulation,NA,P60568,7565732,"We report here that 1,25(OH)2D3-mediated repression in Jurkat cells is cycloheximide resistant, suggesting that it is a direct transcriptional repressive effect on IL-2 expression by the vitamin D3 receptor (VDR)"
vitamin D3 receptor,IL-2,Regulation_of_gene_expression,NA,P60568,7565732,"We report here that 1,25(OH)2D3-mediated repression in Jurkat cells is cycloheximide resistant, suggesting that it is a direct transcriptional repressive effect on IL-2 expression by the vitamin D3 receptor (VDR)"
VDR,IL-2,Out-of-scope,NA,P60568,7565732,"VDR DNA-binding mutants were unable to either bind to this element in vitro or repress in vivo; the VDR DNA-binding domain alone, however, bound the element but also could not repress IL-2 expression"
VDR,IL-2,Regulation_of_gene_expression,NA,P60568,7565732,These results indicate that DNA binding by VDR is necessary but not sufficient to mediate IL-2 repression
NFATp,IL-2,Regulation_of_transcription,NA,P60568,7565732,Order of addition and off-rate experiments indicate that the VDR-retinoid X receptor heterodimer blocks NFATp/AP-1 complex formation and then stably associates with the NF-AT-1 element. This direct inhibition by a nuclear hormone receptor of transcriptional activators of the IL-2 gene may provide a mechanistic explanation of how vitamin derivatives can act as potent immunosuppressive agents
NFATp,IL-2,Positive_regulation,NA,P60568,7565732,Order of addition and off-rate experiments indicate that the VDR-retinoid X receptor heterodimer blocks NFATp/AP-1 complex formation and then stably associates with the NF-AT-1 element. This direct inhibition by a nuclear hormone receptor of transcriptional activators of the IL-2 gene may provide a mechanistic explanation of how vitamin derivatives can act as potent immunosuppressive agents
protein inhibitor of activated STAT-3,PR,Negative_regulation,NA,Q99731,17020914,"In the present study, we demonstrated that in the presence of progesterone, protein inhibitor of activated STAT-3 (PIAS3) significantly inhibited the PR transcriptional activity and the expression of progesterone-responsive genes"
PIAS3,PR,Negative_regulation,NA,Q99731,17020914,Reduction of endogenous PIAS3 by PIAS3 small-interfering RNA enhanced PR transactivation in a ligand-dependent manner
PIAS3,PR,Complex_formation,NA,Q99731,17020914,PIAS3 interacted with PR both in vitro and in vivo and the interaction was enhanced by progesterone
PIAS3,PR,Negative_regulation,NA,Q99731,17020914,"Finally, we demonstrated that PIAS3 inhibited the DNA-binding activity of PR and influenced its nuclear export as well as PR transactivation"
PIAS3,PR,Regulation,NA,Q99731,17020914,"Finally, we demonstrated that PIAS3 inhibited the DNA-binding activity of PR and influenced its nuclear export as well as PR transactivation"
PIAS3,PR,Regulation,NA,Q99731,17020914,"Taken together, these data strongly suggested that PIAS3 played an important physiological role in PR function"
PIAS3,PR,Regulation_of_transcription,NA,Q99731,17020914,Reduction of endogenous PIAS3 by PIAS3 small-interfering RNA enhanced PR transactivation in a ligand-dependent manner
PIAS3,PR,Regulation_of_transcription,NA,Q99731,17020914,"Finally, we demonstrated that PIAS3 inhibited the DNA-binding activity of PR and influenced its nuclear export as well as PR transactivation"
Cul3,Ci,Out-of-scope,NA,Q14116,19955409,Multiple Ser/Thr-rich degrons mediate the degradation of Ci/Gli by the Cul3-HIB/SPOP E3 ubiquitin ligase
HIB,Ci,Out-of-scope,P22301,Q14116,19955409,Multiple Ser/Thr-rich degrons mediate the degradation of Ci/Gli by the Cul3-HIB/SPOP E3 ubiquitin ligase
SPOP,Ci,Out-of-scope,NA,Q14116,19955409,Multiple Ser/Thr-rich degrons mediate the degradation of Ci/Gli by the Cul3-HIB/SPOP E3 ubiquitin ligase
Cul3,HIB,Complex_formation,NA,P22301,19955409,Multiple Ser/Thr-rich degrons mediate the degradation of Ci/Gli by the Cul3-HIB/SPOP E3 ubiquitin ligase
HIB,SPOP,Complex_formation,P22301,NA,19955409,Multiple Ser/Thr-rich degrons mediate the degradation of Ci/Gli by the Cul3-HIB/SPOP E3 ubiquitin ligase
Ci,HIB,Complex_formation,Q14116,P22301,19955409,Ci uses multiple Ser/Thr (S/T)-rich motifs that bind HIB cooperatively to mediate its degradation
HIB,Ci,Complex_formation,P22301,Q14116,19955409,"We provide evidence that both HIB and Ci form dimers/oligomers and engage in multivalent interactions, which underlies the in vivo cooperativity among individual HIB-binding sites"
HIB,SPOP,Complex_formation,P22301,NA,19955409,Our results provide a mechanistic insight into how HIB/SPOP recognizes its substrates and have important implications for the genome-wide prediction of substrates for Cul3-based E3 ligases
Cul3,Ci,Negative_regulation,NA,Q14116,19955409,Multiple Ser/Thr-rich degrons mediate the degradation of Ci/Gli by the Cul3-HIB/SPOP E3 ubiquitin ligase
HIB,Ci,Negative_regulation,P22301,Q14116,19955409,Multiple Ser/Thr-rich degrons mediate the degradation of Ci/Gli by the Cul3-HIB/SPOP E3 ubiquitin ligase
SPOP,Ci,Negative_regulation,NA,Q14116,19955409,Multiple Ser/Thr-rich degrons mediate the degradation of Ci/Gli by the Cul3-HIB/SPOP E3 ubiquitin ligase
S,M protein,Complex_formation,P14210,NA,20580052,"Surprisingly, however, palmitoylation of S was not required for interaction with SARS-CoV M protein"
p50,interleukin-2 receptor (IL-2R) alpha chain,Regulation_of_transcription,NA,P60568,7843230,Only p50 NF-kappa B protein bound the kappa B element of interleukin-2 receptor (IL-2R) alpha chain promoter on resting T cells
TNF-alpha,p65,Regulation,P01375,NA,7843230,"TNF-alpha, therefore, emerges as the main factor responsible for a second phase of NF-kappa B regulation, controlling both translocation of p65 and c-rel, and new mRNA synthesis for c-rel and p105/p50"
TNF-alpha,c-rel,Regulation,P01375,NA,7843230,"TNF-alpha, therefore, emerges as the main factor responsible for a second phase of NF-kappa B regulation, controlling both translocation of p65 and c-rel, and new mRNA synthesis for c-rel and p105/p50"
TNF-alpha,c-rel,Regulation_of_transcription,P01375,NA,7843230,"TNF-alpha, therefore, emerges as the main factor responsible for a second phase of NF-kappa B regulation, controlling both translocation of p65 and c-rel, and new mRNA synthesis for c-rel and p105/p50"
TNF-alpha,p105,Regulation_of_transcription,P01375,NA,7843230,"TNF-alpha, therefore, emerges as the main factor responsible for a second phase of NF-kappa B regulation, controlling both translocation of p65 and c-rel, and new mRNA synthesis for c-rel and p105/p50"
TNF-alpha,CD3,Regulation,P01375,NA,7843230,"These results indicate that the regulation of NF-kappa B activation during T cell activation by TcR/CD3 signals is biphasic: TcR/CD3 triggers its immediate translocation, which is transient if no TNF-alpha is present"
CK2 alpha,beta,Complex_formation,NA,Q99731,23873864,"Moreover, CK2 alpha and beta' subunits interact with RNA polymerase II, whose binding to G1 promoters is positively regulated by the CK2 holoenzyme"
ASPP1,2,Complex_formation,NA,P13500,23644657_5,"First, we observed a specific interaction between ASPP1/2 and Siah1/2 using ectopically expressed proteins (Figure 1a; supplementary Figure S1c)"
2,Siah1,Complex_formation,P13500,NA,23644657_5,"First, we observed a specific interaction between ASPP1/2 and Siah1/2 using ectopically expressed proteins (Figure 1a; supplementary Figure S1c)"
2,2,Complex_formation,P13500,P13500,23644657_5,"First, we observed a specific interaction between ASPP1/2 and Siah1/2 using ectopically expressed proteins (Figure 1a; supplementary Figure S1c)"
ASPP1,2,Complex_formation,NA,P13500,23644657_5,"Of interest, the in vitro analysis for ASPP1/2-Siah1/2 interaction was higher using immunoprecipitated ASPP1 and ASPP2, (Figure 1b; supplementary Figure S1d and S1e), suggesting that ASPP1/2 may be subject to post-translational modification required for efficient interaction with Siah2"
2,Siah1,Complex_formation,P13500,NA,23644657_5,"Of interest, the in vitro analysis for ASPP1/2-Siah1/2 interaction was higher using immunoprecipitated ASPP1 and ASPP2, (Figure 1b; supplementary Figure S1d and S1e), suggesting that ASPP1/2 may be subject to post-translational modification required for efficient interaction with Siah2"
2,2,Complex_formation,P13500,P13500,23644657_5,"Of interest, the in vitro analysis for ASPP1/2-Siah1/2 interaction was higher using immunoprecipitated ASPP1 and ASPP2, (Figure 1b; supplementary Figure S1d and S1e), suggesting that ASPP1/2 may be subject to post-translational modification required for efficient interaction with Siah2"
2,Siah2,Complex_formation,P13500,NA,23644657_5,"Of interest, the in vitro analysis for ASPP1/2-Siah1/2 interaction was higher using immunoprecipitated ASPP1 and ASPP2, (Figure 1b; supplementary Figure S1d and S1e), suggesting that ASPP1/2 may be subject to post-translational modification required for efficient interaction with Siah2"
2,Siah2,Complex_formation,P13500,NA,23644657_5,"Notably, specific interaction between endogenous ASPP1/2 and Siah2 was also detected, albeit, in the presence of the proteasome inhibitor, implying that inhibition of proteasome-dependent degradation of ASPP1/2 upon association with Siah2 increases the available pool of ASPP1/2 for interacting with Siah2 (Figure 1c; supplementary Figure S1f)"
2,Siah2,Complex_formation,P13500,NA,23644657_5,"Notably, specific interaction between endogenous ASPP1/2 and Siah2 was also detected, albeit, in the presence of the proteasome inhibitor, implying that inhibition of proteasome-dependent degradation of ASPP1/2 upon association with Siah2 increases the available pool of ASPP1/2 for interacting with Siah2 (Figure 1c; supplementary Figure S1f)"
2,Siah2,Complex_formation,P13500,NA,23644657_5,"Notably, specific interaction between endogenous ASPP1/2 and Siah2 was also detected, albeit, in the presence of the proteasome inhibitor, implying that inhibition of proteasome-dependent degradation of ASPP1/2 upon association with Siah2 increases the available pool of ASPP1/2 for interacting with Siah2 (Figure 1c; supplementary Figure S1f)"
SF-1,StAR,Regulation,P14210,NA,19015234,Analysis of the StAR promoter indicates that blockade of SF-1 SUMOylation leads to an increase in overall promoter occupancy but does not alter the oscillatory recruitment dynamics in response to ACTH
SF-1,CDK7,Complex_formation,P14210,NA,19015234,"Notably, we find that CDK7 binds preferentially to the SUMOylation-deficient form of SF-1 and that CDK7 inhibition reduces phosphorylation of SF-1"
CDK7,SF-1,Catalysis_of_phosphorylation,NA,P14210,19015234,"Based on these observations, we propose a coordinated modification model in which inhibition of SF-1-mediated transcription by SUMOylation in adrenocortical cancer cells is mediated through reduced CDK7-induced phosphorylation of SF-1"
CDK7,SF-1,Out-of-scope,NA,P14210,19015234,"Notably, we find that CDK7 binds preferentially to the SUMOylation-deficient form of SF-1 and that CDK7 inhibition reduces phosphorylation of SF-1"
RanBP2,-6,Catalysis_of_SUMOylation,NA,P05231,12032081,"Moreover, the modification depends on the presence of an intact nuclear localization signal and is catalysed by the nuclear pore complex (NPC) RanBP2 protein, a factor newly identified as a SUMO E3 ligase. These findings suggest that sumoylation of HDAC4 takes place at the NPC and is coupled to its nuclear import. Finally, modification experiments indicate that the MEF2-interacting transcription repressor (MITR) as well as HDAC1 and -6 are similarly SUMO modified, indicating that sumoylation may be an important regulatory mechanism for the control of transcriptional repression mediated by both class I and II HDACs"
mSin3A,2,Regulation,NA,P13500,11909966,The mammalian corepressors mSin3A and mSin3B have been shown to play a key role in this process by tethering HDACs 1 and 2 to promoter-bound transcription factors
mSin3B,2,Regulation,NA,P13500,11909966,The mammalian corepressors mSin3A and mSin3B have been shown to play a key role in this process by tethering HDACs 1 and 2 to promoter-bound transcription factors
mSin3B,2,Complex_formation,NA,P13500,11909966,The mammalian corepressors mSin3A and mSin3B have been shown to play a key role in this process by tethering HDACs 1 and 2 to promoter-bound transcription factors
mSin3A,2,Complex_formation,NA,P13500,11909966,The mammalian corepressors mSin3A and mSin3B have been shown to play a key role in this process by tethering HDACs 1 and 2 to promoter-bound transcription factors
HIB,Ci,Negative_regulation,P22301,Q14116,16740475,"Overexpressing HIB down regulates Ci and blocks Hh signaling, whereas inactivating HIB results in Ci accumulation and enhanced pathway activity"
HIB,Ci,Negative_regulation,P22301,Q14116,16740475,"Overexpressing HIB down regulates Ci and blocks Hh signaling, whereas inactivating HIB results in Ci accumulation and enhanced pathway activity"
HIB,Ci,Complex_formation,P22301,Q14116,16740475,"HIB binds the N- and C-terminal regions of Ci, both of which mediate Ci degradation"
HIB,Ci,Out-of-scope,P22301,Q14116,16740475,"HIB binds the N- and C-terminal regions of Ci, both of which mediate Ci degradation"
HIB,Ci,Negative_regulation,P22301,Q14116,16740475,"HIB binds the N- and C-terminal regions of Ci, both of which mediate Ci degradation"
HIB,Cul3,Complex_formation,P22301,NA,16740475,"HIB forms a complex with Cul3, a scaffold for modular ubiquitin ligases, and promotes Ci ubiquitination and degradation through Cul3"
Cul3,Ci,Out-of-scope,NA,Q14116,16740475,"HIB forms a complex with Cul3, a scaffold for modular ubiquitin ligases, and promotes Ci ubiquitination and degradation through Cul3"
Cul3,Ci,Regulation_of_degradation,NA,Q14116,16740475,"HIB forms a complex with Cul3, a scaffold for modular ubiquitin ligases, and promotes Ci ubiquitination and degradation through Cul3"
Cul3,Ci,Negative_regulation,NA,Q14116,16740475,"HIB forms a complex with Cul3, a scaffold for modular ubiquitin ligases, and promotes Ci ubiquitination and degradation through Cul3"
HIB,Ci,Negative_regulation,P22301,Q14116,16740475,"HIB forms a complex with Cul3, a scaffold for modular ubiquitin ligases, and promotes Ci ubiquitination and degradation through Cul3"
HIB,Ci,Out-of-scope,P22301,Q14116,16740475,"Furthermore, HIB-mediated Ci degradation is stimulated by Hh and inhibited by Suppressor of Fused (Sufu)"
HIB,Ci,Negative_regulation,P22301,Q14116,16740475,"Furthermore, HIB-mediated Ci degradation is stimulated by Hh and inhibited by Suppressor of Fused (Sufu)"
Suppressor of Fused,Ci,Positive_regulation,NA,Q14116,16740475,"Furthermore, HIB-mediated Ci degradation is stimulated by Hh and inhibited by Suppressor of Fused (Sufu)"
L1,ezrin,Complex_formation,P01584,NA,12070130_15,"The cytoplasmic domain of L1, with the RSLE alternatively spliced sequence, with a truncation at amino acid 1,182, or with serine1194 mutated to leucine, bound to ezrin"
L1,ezrin,Complex_formation,P01584,NA,12070130_15,"The cytoplasmic domain of L1, with the RSLE alternatively spliced sequence, with a truncation at amino acid 1,182, or with serine1194 mutated to leucine, bound to ezrin. Baits: L1+RSLE (L1 COOH terminus with the RSLE alternatively spliced sequence), L1-RSLE (L1 COOH terminus without RSLE), L1DeltaY (L1 COOH terminus with tyrosine adjacent to RSLE motif mutated to phenylalanine), L1trunc (L1 COOH terminus truncated at amino acid residue 1,182, E of the RSLE motif), L1RSLEDeltaS (containing RSLE but with serine1194 of the rat sequence mutated to leucine). Trapped clones: ezrin, ankyrin, AP2"
L1,ankyrin,Complex_formation,P01584,NA,12070130_15,"The cytoplasmic domain of L1, with the RSLE alternatively spliced sequence, with a truncation at amino acid 1,182, or with serine1194 mutated to leucine, bound to ezrin. Baits: L1+RSLE (L1 COOH terminus with the RSLE alternatively spliced sequence), L1-RSLE (L1 COOH terminus without RSLE), L1DeltaY (L1 COOH terminus with tyrosine adjacent to RSLE motif mutated to phenylalanine), L1trunc (L1 COOH terminus truncated at amino acid residue 1,182, E of the RSLE motif), L1RSLEDeltaS (containing RSLE but with serine1194 of the rat sequence mutated to leucine). Trapped clones: ezrin, ankyrin, AP2"
L1,AP2,Complex_formation,P01584,NA,12070130_15,"The cytoplasmic domain of L1, with the RSLE alternatively spliced sequence, with a truncation at amino acid 1,182, or with serine1194 mutated to leucine, bound to ezrin. Baits: L1+RSLE (L1 COOH terminus with the RSLE alternatively spliced sequence), L1-RSLE (L1 COOH terminus without RSLE), L1DeltaY (L1 COOH terminus with tyrosine adjacent to RSLE motif mutated to phenylalanine), L1trunc (L1 COOH terminus truncated at amino acid residue 1,182, E of the RSLE motif), L1RSLEDeltaS (containing RSLE but with serine1194 of the rat sequence mutated to leucine). Trapped clones: ezrin, ankyrin, AP2"
HSF1,TM,Regulation_of_transcription,P14210,NA,18599869,We further identified the pathway by which statins increase binding of HSF1 to heat shock elements in the TM promoter
HSF1,heat shock protein 90,Complex_formation,P14210,NA,18599869,"Specifically, statins caused NO-dependent dissociation of HSF1 from heat shock protein 90, nuclear translocation of HSF1, and binding to heat shock elements in the TM promoter"
HSF1,TM,Positive_regulation,P14210,NA,18599869,"In addition to reducing TM upregulation, inhibition of HSF1 reduced statin-induced upregulation of tissue plasminogen activator, whereas downregulation of thrombomospondin, plasminogen activator inhibitor 1, or connective tissue growth factor was unaffected"
HSF1,TM,Regulation,P14210,NA,18599869,These data demonstrate that HSF1 is involved in statin-induced regulation of TM
HSF1,TM,Regulation_of_transcription,P14210,NA,18599869,"Specifically, statins caused NO-dependent dissociation of HSF1 from heat shock protein 90, nuclear translocation of HSF1, and binding to heat shock elements in the TM promoter"
14-3-3beta,HSF1,Positive_regulation,NA,P14210,18599869,Statins also decreased nuclear content of the HSF1 chaperone 14-3-3beta
HSF1,tissue plasminogen activator,Positive_regulation,P14210,NA,18599869,"In addition to reducing TM upregulation, inhibition of HSF1 reduced statin-induced upregulation of tissue plasminogen activator, whereas downregulation of thrombomospondin, plasminogen activator inhibitor 1, or connective tissue growth factor was unaffected"
NF-ATp,IL-4,Regulation_of_transcription,NA,P05112,8605348,"Because the primed T cells contain higher levels of nuclear NF-ATp, capable of binding to P elements of the IL-4 and IL-13 promoters, than do freshly-isolated T cells, the NF-AT-binding P elements are attractive candidates to mediate the coordinate expression of these two cytokine genes"
NF-ATp,IL-13,Regulation_of_transcription,NA,P35225,8605348,"Because the primed T cells contain higher levels of nuclear NF-ATp, capable of binding to P elements of the IL-4 and IL-13 promoters, than do freshly-isolated T cells, the NF-AT-binding P elements are attractive candidates to mediate the coordinate expression of these two cytokine genes"
NF-ATp,IL-4,Regulation_of_transcription,NA,P05112,8605348,"Oligonucleotides containing the IL-13 or IL-4 P element sites specifically bound the transcriptional activator protein, nuclear factor-activated T cells, preformed (NF-ATp), when incubated with nuclear protein extracts from activated T cells"
NF-ATp,IL-13,Regulation_of_transcription,NA,P35225,8605348,"Oligonucleotides containing the IL-13 or IL-4 P element sites specifically bound the transcriptional activator protein, nuclear factor-activated T cells, preformed (NF-ATp), when incubated with nuclear protein extracts from activated T cells"
von Hippel-Lindau tumor suppressor protein,alpha,Regulation_of_degradation,NA,P01375,10823831,"The von Hippel-Lindau tumor suppressor protein (pVHL) has emerged as a key factor in cellular responses to oxygen availability, being required for the oxygen-dependent proteolysis of alpha subunits of hypoxia inducible factor-1 (HIF)"
STAT3,IL-2Ralpha,Regulation_of_transcription,NA,P60568,10068671,"When we analyzed the nature of STAT proteins capable of binding to IL-2Ralpha, pim-1, and IRF-1 GAS elements after cytokine stimulation, we observed IFN-alpha-induced binding of STAT1, STAT3, and STAT4, but not STAT5 to all of these elements"
STAT1,IL-2Ralpha,Regulation_of_transcription,NA,P60568,10068671,"When we analyzed the nature of STAT proteins capable of binding to IL-2Ralpha, pim-1, and IRF-1 GAS elements after cytokine stimulation, we observed IFN-alpha-induced binding of STAT1, STAT3, and STAT4, but not STAT5 to all of these elements"
STAT4,IL-2Ralpha,Regulation_of_transcription,NA,P60568,10068671,"When we analyzed the nature of STAT proteins capable of binding to IL-2Ralpha, pim-1, and IRF-1 GAS elements after cytokine stimulation, we observed IFN-alpha-induced binding of STAT1, STAT3, and STAT4, but not STAT5 to all of these elements"
IL-15,IL-2Ralpha,Regulation_of_gene_expression,P40933,P60568,10068671,"Treatment of T lymphocytes with IFN-alpha, IL-2, IL-12, and IL-15 upregulated IL-2Ralpha, c-myc, and pim-1 gene expression"
IL-2,IL-2Ralpha,Regulation_of_gene_expression,P60568,P60568,10068671,"Treatment of T lymphocytes with IFN-alpha, IL-2, IL-12, and IL-15 upregulated IL-2Ralpha, c-myc, and pim-1 gene expression"
IL-15,c-myc,Regulation_of_gene_expression,P40933,NA,10068671,"Treatment of T lymphocytes with IFN-alpha, IL-2, IL-12, and IL-15 upregulated IL-2Ralpha, c-myc, and pim-1 gene expression"
IL-2,pim-1,Regulation_of_gene_expression,P60568,NA,10068671,"Treatment of T lymphocytes with IFN-alpha, IL-2, IL-12, and IL-15 upregulated IL-2Ralpha, c-myc, and pim-1 gene expression"
IFN-alpha,IL-2Ralpha,Regulation_of_gene_expression,NA,P60568,10068671,"Treatment of T lymphocytes with IFN-alpha, IL-2, IL-12, and IL-15 upregulated IL-2Ralpha, c-myc, and pim-1 gene expression"
IL-15,IL-2Ralpha,Positive_regulation,P40933,P60568,10068671,"Treatment of T lymphocytes with IFN-alpha, IL-2, IL-12, and IL-15 upregulated IL-2Ralpha, c-myc, and pim-1 gene expression"
IL-15,c-myc,Positive_regulation,P40933,NA,10068671,"Treatment of T lymphocytes with IFN-alpha, IL-2, IL-12, and IL-15 upregulated IL-2Ralpha, c-myc, and pim-1 gene expression"
IL-15,pim-1,Positive_regulation,P40933,NA,10068671,"Treatment of T lymphocytes with IFN-alpha, IL-2, IL-12, and IL-15 upregulated IL-2Ralpha, c-myc, and pim-1 gene expression"
IL-2,IL-2Ralpha,Positive_regulation,P60568,P60568,10068671,"Treatment of T lymphocytes with IFN-alpha, IL-2, IL-12, and IL-15 upregulated IL-2Ralpha, c-myc, and pim-1 gene expression"
IL-2,c-myc,Positive_regulation,P60568,NA,10068671,"Treatment of T lymphocytes with IFN-alpha, IL-2, IL-12, and IL-15 upregulated IL-2Ralpha, c-myc, and pim-1 gene expression"
IL-2,pim-1,Positive_regulation,P60568,NA,10068671,"Treatment of T lymphocytes with IFN-alpha, IL-2, IL-12, and IL-15 upregulated IL-2Ralpha, c-myc, and pim-1 gene expression"
IFN-alpha,IL-2Ralpha,Positive_regulation,NA,P60568,10068671,"Treatment of T lymphocytes with IFN-alpha, IL-2, IL-12, and IL-15 upregulated IL-2Ralpha, c-myc, and pim-1 gene expression"
IL-2,STAT5,Positive_regulation,P60568,NA,10068671,IL-12 induced STAT4 and IL-2 and IL-15 induced STAT5 binding to the GAS elements
IL-15,STAT5,Positive_regulation,P40933,NA,10068671,IL-12 induced STAT4 and IL-2 and IL-15 induced STAT5 binding to the GAS elements
Interferon-alpha,IL-2Ralpha,Positive_regulation,NA,P60568,10068671,"Interferon-alpha activates multiple STAT proteins and upregulates proliferation-associated IL-2Ralpha, c-myc, and pim-1 genes in human T cells"
InlB,Met,Positive_regulation,NA,P39900,16113677,"Remarkably, the ubiquitin ligase Cbl is rapidly recruited to InlB-activated Met"
O-GlcNAc Transferase,Receptor-Interacting Serine/Threonine-Protein Kinase 3,Regulation,P14210,NA,30770249,O-GlcNAc Transferase Suppresses Inflammation and Necroptosis by Targeting Receptor-Interacting Serine/Threonine-Protein Kinase 3
NF1,KRAS,Out-of-scope,O43508,NA,23171796_30,"Similarly, an NF1 mutation might be expected to function as an alternative mechanism of activating KRAS, and also potentiate the effects of these BRAF mutants"
NF1,BRAF,Out-of-scope,O43508,NA,23171796_30,"Similarly, an NF1 mutation might be expected to function as an alternative mechanism of activating KRAS, and also potentiate the effects of these BRAF mutants"
PAR-3,-2,Regulation,NA,P60568,15951850_32,"Immunofluorescence studies revealed ~50% more GPR-1/-2 protein on the posterior cortex; this asymmetric cortical distribution of GPR-1/-2 is dependent on PAR-3 function, and nicely correlates with Grill's calculation of ~50% more force generators at the posterior cortex (described above), suggesting that GPR-1/-2 may specify motor localization and/or directly transact a function required for force generation on astral microtubules during chromosomal segregation"
TRPM7,TNF,Out-of-scope,NA,P01374,24316671,"Furthermore, we identified that TRPM7 (transient receptor potential melastatin related 7) is a MLKL downstream target for the mediation of Ca(2+) influx and TNF-induced necroptosis"
MLKL,TNF,Out-of-scope,NA,P01374,24316671,"Hence, our study reveals a crucial mechanism of MLKL-mediated TNF-induced necroptosis"
Ca2+/calmodulin-dependent protein kinase kinase alpha,IV,Catalysis_of_phosphorylation,NA,P14210,9875237,"In the present study, we show that this protein phosphatase also catalyzed dephosphorylation of Ca2+/calmodulin-dependent protein kinases I (CaMKI) and IV (CaMKIV) which had been phosphorylated and activated by Ca2+/calmodulin-dependent protein kinase kinase alpha, resulting in reversible deactivation of the enzymes"
Ca2+/calmodulin-dependent protein kinase kinase alpha,IV,Positive_regulation,NA,P14210,9875237,"In the present study, we show that this protein phosphatase also catalyzed dephosphorylation of Ca2+/calmodulin-dependent protein kinases I (CaMKI) and IV (CaMKIV) which had been phosphorylated and activated by Ca2+/calmodulin-dependent protein kinase kinase alpha, resulting in reversible deactivation of the enzymes"
diphtheria toxin,heparin binding epidermal growth factor precursor,Complex_formation,NA,P01133,22069710_6,"The native R-domain (residues 432-535) mediates the binding of diphtheria toxin to its cell surface receptor, a heparin binding epidermal growth factor precursor (hb-EGF)"
Ato,rho,Out-of-scope,P14210,NA,20478292_5,"In abdominal segments, for example, a set of five Ato-positive primary (1degrees) SOP cells (C1-C5) activate rho, secrete Spi, and thereby induce three secondary (2degrees) SOP cells and a cluster of oenocytes"
C,E,Complex_formation,Q14116,Q14116,9265649_58,", C and E (in the case of FDbeta) or C, D, and E (in the case of FAbeta and FBalpha) (Fig"
C,D,Complex_formation,Q14116,Q14116,9265649_58,", C and E (in the case of FDbeta) or C, D, and E (in the case of FAbeta and FBalpha) (Fig"
D,E,Complex_formation,Q14116,Q14116,9265649_58,", C and E (in the case of FDbeta) or C, D, and E (in the case of FAbeta and FBalpha) (Fig"
C,E,Complex_formation,Q14116,Q14116,9265649_58,", C and E (in the case of FDbeta) or C, D, and E (in the case of FAbeta and FBalpha) (Fig"
D,E,Complex_formation,Q14116,Q14116,9265649_58,"5 A and 6 B, asterisk) and has been shown to contain cofactors D, E, and beta-tubulin"
GroEL,ES,Complex_formation,NA,P60568,11054122,"While protein disulfide isomerase (PDI), GroEL/ES or DnaK/J/GrpE suppressed aggregation during refolding of p40, only DnaK/J/GrpE and PDI enhanced p40 dimerization"
DnaK,J,Complex_formation,NA,P13500,11054122,"While protein disulfide isomerase (PDI), GroEL/ES or DnaK/J/GrpE suppressed aggregation during refolding of p40, only DnaK/J/GrpE and PDI enhanced p40 dimerization"
J,GrpE,Complex_formation,P13500,NA,11054122,"While protein disulfide isomerase (PDI), GroEL/ES or DnaK/J/GrpE suppressed aggregation during refolding of p40, only DnaK/J/GrpE and PDI enhanced p40 dimerization"
ES,p40,Positive_regulation,P60568,NA,11054122,"While protein disulfide isomerase (PDI), GroEL/ES or DnaK/J/GrpE suppressed aggregation during refolding of p40, only DnaK/J/GrpE and PDI enhanced p40 dimerization"
J,p40,Positive_regulation,P13500,NA,11054122,"While protein disulfide isomerase (PDI), GroEL/ES or DnaK/J/GrpE suppressed aggregation during refolding of p40, only DnaK/J/GrpE and PDI enhanced p40 dimerization"
DnaK,J,Complex_formation,NA,P13500,11054122,"While protein disulfide isomerase (PDI), GroEL/ES or DnaK/J/GrpE suppressed aggregation during refolding of p40, only DnaK/J/GrpE and PDI enhanced p40 dimerization"
J,GrpE,Complex_formation,P13500,NA,11054122,"While protein disulfide isomerase (PDI), GroEL/ES or DnaK/J/GrpE suppressed aggregation during refolding of p40, only DnaK/J/GrpE and PDI enhanced p40 dimerization"
J,p40,Positive_regulation,P13500,NA,11054122,"While protein disulfide isomerase (PDI), GroEL/ES or DnaK/J/GrpE suppressed aggregation during refolding of p40, only DnaK/J/GrpE and PDI enhanced p40 dimerization"
Ran,Ran binding protein 1,Complex_formation,P09919,NA,9214382_7,"In addition to importin-beta, a number of other Ran-binding proteins are detectable in eukaryotic cells, e.g., in overlay blots using Ran gamma-[32P]GTP as a probe. These can be grouped into two classes: first, those with a RanBP1 homology domain including the Ran binding protein 1 (RanBP1) itself and the nuclear pore protein RanBP2, which has four RanBP1 homology domains"
Ran,RanBP2,Complex_formation,P09919,NA,9214382_7,"In addition to importin-beta, a number of other Ran-binding proteins are detectable in eukaryotic cells, e.g., in overlay blots using Ran gamma-[32P]GTP as a probe. These can be grouped into two classes: first, those with a RanBP1 homology domain including the Ran binding protein 1 (RanBP1) itself and the nuclear pore protein RanBP2, which has four RanBP1 homology domains"
Ran,RanBP1,Complex_formation,P09919,NA,9214382_7,Their binding to Ran can be competed by RanBP1
Ran,RanBP1,Complex_formation,P09919,NA,9214382_7,"Second, importin-beta and so far unidentified protein(s) of ~120 kD whose Ran-binding is competed by importin-beta but not by excess of RanBP1"
Ran,RanBP1,Complex_formation,P09919,NA,9214382_7,"Both RanBP1 and importin-beta inhibit the nucleotide exchange on RanGTP. However, they do not cross-compete with each other for Ran binding but instead bind to different, nonoverlapping sites on Ran"
AT,FIX,Regulation,P14210,NA,26023895_5,These results suggest that the improved activation of FIX-G317E by the FVIIa-TF complex together with its dramatically poor reactivity with AT may be responsible for the less severe bleeding phenotype of the hemophilia B patient carrying this mutation
c-fos,IL-2,Out-of-scope,NA,P60568,8468462,Enhanced IL-2 transcription correlates with increased c-fos synthesis and increased Fos content of AP-1
c-fos,IL-2,Regulation_of_transcription,NA,P60568,8468462,"We therefore examined the effects of EC on T cell nuclear factors known to regulate IL-2 transcription, including c-jun and c-fos-two components of the transcription factor AP-1, NFAT, and others"
PHF8,2,Catalysis_of_demethylation,NA,P13500,20622854,"Here we report that the PHD and Jumonji C (JmjC) domain-containing protein, PHF8, while using multiple substrates, including H3K9me1/2 and H3K27me2, also functions as an H4K20me1 demethylase"
PHF8,3,Complex_formation,NA,Q99731,20622854,"PHF8 is recruited to promoters by its PHD domain based on interaction with H3K4me2/3 and controls G1-S transition in conjunction with E2F1, HCF-1 (also known as HCFC1) and SET1A (also known as SETD1A), at least in part, by removing the repressive H4K20me1 mark from a subset of E2F1-regulated gene promoters"
Fyn,IL-4,Positive_regulation,NA,P05112,23593269_56,"While some have reported that Fyn KO mice have impaired IL-4 production, others demonstrated that Fyn KO T cells preferentially differentiate into Th2 cells"
Fyn,IL-4,Regulation,NA,P05112,23593269_56,"In fact, it is possible that Fyn is involved in the secretion of both IL-4 and IFN-gamma"
Fyn,IFN-gamma,Regulation,NA,P01579,23593269_56,"In fact, it is possible that Fyn is involved in the secretion of both IL-4 and IFN-gamma"
IL-4,IgG1,Positive_regulation,P05112,NA,23593269_56,"While IL-4 promotes IgG1 and IgE class switching, IFN-gamma induces IgG2a production"
IFN-gamma,IgG2a,Positive_regulation,P01579,NA,23593269_56,"While IL-4 promotes IgG1 and IgE class switching, IFN-gamma induces IgG2a production"
Fyn,IFN-gamma,Positive_regulation,NA,P01579,23593269_56,"Here we demonstrate that Fyn-KO mice have dramatically reduced basal and antigen-specific IgG2c levels, consistent with IFN-gamma production being impaired in Fyn-KO mice"
Fyn,IL-4,Regulation,NA,P05112,23593269_56,"In addition to contributing to the regulation of IL-4 in T cells, our results suggest that Fyn also regulates antibody production in a B cell-intrinsic manner, as Fyn-deficient B cells showed defective antibody production following in vitro stimulation"
NFAT1,IL-4,Regulation_of_transcription,NA,P05112,10069428,Evidence for suppressed activity of the transcription factor NFAT1 at its proximal binding element P0 in the IL-4 promoter associated with enhanced IL-4 gene transcription in T cells of atopic patients
NFAT1,IL-4,Positive_regulation,NA,P05112,10069428,Evidence for suppressed activity of the transcription factor NFAT1 at its proximal binding element P0 in the IL-4 promoter associated with enhanced IL-4 gene transcription in T cells of atopic patients
NFAT1,IL-4,Regulation_of_gene_expression,NA,P05112,10069428,"IL-4 gene regulation in general involves the nuclear factor of activated T cells (NFAT) family of transcription factors, of which NFAT1 and NFAT2 are most prominent in peripheral T cells"
NFAT2,IL-4,Regulation_of_gene_expression,NA,P05112,10069428,"IL-4 gene regulation in general involves the nuclear factor of activated T cells (NFAT) family of transcription factors, of which NFAT1 and NFAT2 are most prominent in peripheral T cells"
NFAT1,IL-4,Negative_regulation,NA,P05112,10069428,"Recently, a unique inhibitory role of NFAT1 in IL-4 gene control was shown in the mouse"
NFAT1,IL-4,Negative_regulation,NA,P05112,10069428,These findings suggest that high-level IL-4 production in atopic Th2 cells is associated with selective reduction of suppressive NFAT1 activity at the IL-4 P0 element and that some patients with this multifactorial disease may have a putative systemic disorder at this level
NFAT1,IL-4,Regulation_of_transcription,NA,P05112,10069428,These findings suggest that high-level IL-4 production in atopic Th2 cells is associated with selective reduction of suppressive NFAT1 activity at the IL-4 P0 element and that some patients with this multifactorial disease may have a putative systemic disorder at this level
NFAT1,IL-4,Regulation_of_gene_expression,NA,P05112,10069428,"Recently, a unique inhibitory role of NFAT1 in IL-4 gene control was shown in the mouse"
RabGAP-5,EGF,Negative_regulation,NA,P01133,17562788_46,"Although RabGAP-5 does block EGF and transferrin trafficking, it has no effect on the transport of Shiga toxin to the Golgi (Fig"
RabGAP-5,transferrin,Negative_regulation,NA,P14210,17562788_46,"Although RabGAP-5 does block EGF and transferrin trafficking, it has no effect on the transport of Shiga toxin to the Golgi (Fig"
RabGAP-5,EGF,Negative_regulation,NA,P01133,17562788_46,"In contrast, EGF trafficking is blocked by both RabGAP-5 and Rab5Q79A (Figs"
Rab5Q79A,EGF,Negative_regulation,NA,P01133,17562788_46,"In contrast, EGF trafficking is blocked by both RabGAP-5 and Rab5Q79A (Figs"
IL-4,STAT-6,Regulation_of_gene_expression,P05112,NA,10228008,"Electrophoretic mobility shift assays showed that p50/p65/c-Rel and STAT-6 are effectively induced by CD40L and IL-4, respectively, and bind to specific DNA motifs within the ECS"
IL-4,c-Rel,Regulation_of_gene_expression,P05112,NA,10228008,"Electrophoretic mobility shift assays showed that p50/p65/c-Rel and STAT-6 are effectively induced by CD40L and IL-4, respectively, and bind to specific DNA motifs within the ECS"
IL-4,p65,Regulation_of_gene_expression,P05112,NA,10228008,"Electrophoretic mobility shift assays showed that p50/p65/c-Rel and STAT-6 are effectively induced by CD40L and IL-4, respectively, and bind to specific DNA motifs within the ECS"
IL-4,p50,Regulation_of_gene_expression,P05112,NA,10228008,"Electrophoretic mobility shift assays showed that p50/p65/c-Rel and STAT-6 are effectively induced by CD40L and IL-4, respectively, and bind to specific DNA motifs within the ECS"
IL-4,C gamma 3,Regulation_of_transcription,P05112,NA,10228008,"Thus, the gamma 3 ECS is an inducible promoter containing cis elements that critically mediate CD40L and IL-4-triggered transcriptional activation of the human C gamma 3 gene"
IL-4,Ig heavy chain S gamma 3,Regulation_of_transcription,P05112,NA,10228008,The evolutionarily conserved sequence upstream of the human Ig heavy chain S gamma 3 region is an inducible promoter: synergistic activation by CD40 ligand and IL-4 via cooperative NF-kappa B and STAT-6 binding sites
IL-4,Ig heavy chain S gamma 3,Positive_regulation,P05112,NA,10228008,The evolutionarily conserved sequence upstream of the human Ig heavy chain S gamma 3 region is an inducible promoter: synergistic activation by CD40 ligand and IL-4 via cooperative NF-kappa B and STAT-6 binding sites
IL-4,STAT-6,Positive_regulation,P05112,NA,10228008,"Electrophoretic mobility shift assays showed that p50/p65/c-Rel and STAT-6 are effectively induced by CD40L and IL-4, respectively, and bind to specific DNA motifs within the ECS"
IL-4,c-Rel,Positive_regulation,P05112,NA,10228008,"Electrophoretic mobility shift assays showed that p50/p65/c-Rel and STAT-6 are effectively induced by CD40L and IL-4, respectively, and bind to specific DNA motifs within the ECS"
IL-4,p65,Positive_regulation,P05112,NA,10228008,"Electrophoretic mobility shift assays showed that p50/p65/c-Rel and STAT-6 are effectively induced by CD40L and IL-4, respectively, and bind to specific DNA motifs within the ECS"
IL-4,p50,Positive_regulation,P05112,NA,10228008,"Electrophoretic mobility shift assays showed that p50/p65/c-Rel and STAT-6 are effectively induced by CD40L and IL-4, respectively, and bind to specific DNA motifs within the ECS"
IL-4,C gamma 3,Positive_regulation,P05112,NA,10228008,"Thus, the gamma 3 ECS is an inducible promoter containing cis elements that critically mediate CD40L and IL-4-triggered transcriptional activation of the human C gamma 3 gene"
Arg,Glutathione peroxidase 1,Regulation,P04141,NA,12893824,Glutathione peroxidase 1 is regulated by the c-Abl and Arg tyrosine kinases
Arg,glutathione peroxidase 1,Complex_formation,P04141,NA,12893824,The present studies demonstrate that c-Abl and Arg associate with glutathione peroxidase 1 (GPx1) and that this interaction is regulated by intracellular oxidant levels
Arg,GPx1,Complex_formation,P04141,NA,12893824,The c-Abl and Arg SH3 domains bind directly to a proline-rich site in GPx1 at amino acids 132-145
Arg,GPx1,Catalysis_of_phosphorylation,P04141,NA,12893824,GPx1 also functions as a substrate for c-Abl- and Arg-mediated phosphorylation on Tyr-96
Arg,GPx,Positive_regulation,P04141,NA,12893824,The results further show that c-Abl and Arg stimulate GPx activity and that these kinases contribute to GPx-mediated protection of cells against oxidative stress
Arg,GPx,Regulation,P04141,NA,12893824,The results further show that c-Abl and Arg stimulate GPx activity and that these kinases contribute to GPx-mediated protection of cells against oxidative stress
p50,GM-CSF,Regulation_of_transcription,NA,P04141,1911548,The purified NF-GM2 consists of 50 (p50) and 65 kDa (p65) polypeptides and has a binding activity specific for both the GM-CSF and immunoglobulin kappa (GGAAAGTCCC) enhancers
p65,GM-CSF,Regulation_of_transcription,NA,P04141,1911548,The purified NF-GM2 consists of 50 (p50) and 65 kDa (p65) polypeptides and has a binding activity specific for both the GM-CSF and immunoglobulin kappa (GGAAAGTCCC) enhancers
lectin,granulocyte-macrophage colony-stimulating factor,Positive_regulation,NA,P04141,1911548,"Activation of T cells by antigen, lectin, or a combination of phorbol-12-myristate acetate (PMA) and calcium ionophore (A23187) leads to the induction of genes for a set of lymphokines, including granulocyte-macrophage colony-stimulating factor (GM-CSF)"
lectin,granulocyte-macrophage colony-stimulating factor,Regulation_of_gene_expression,NA,P04141,1911548,"Activation of T cells by antigen, lectin, or a combination of phorbol-12-myristate acetate (PMA) and calcium ionophore (A23187) leads to the induction of genes for a set of lymphokines, including granulocyte-macrophage colony-stimulating factor (GM-CSF)"
CBP,RelA,Catalysis_of_acetylation,NA,O95760,12456660,"We now demonstrate that the p300 and CBP acetyltransferases play a major role in the in vivo acetylation of RelA, principally targeting lysines 218, 221 and 310 for modification"
p300,RelA,Catalysis_of_acetylation,NA,O95760,12456660,"We now demonstrate that the p300 and CBP acetyltransferases play a major role in the in vivo acetylation of RelA, principally targeting lysines 218, 221 and 310 for modification"
p300,RelA,Catalysis_of_acetylation,NA,O95760,12456660,Analysis of the functional properties of hypoacetylated RelA mutants containing lysine-to-arginine substitutions at these sites and of wild-type RelA co-expressed in the presence of a dominantly interfering mutant of p300 reveals that acetylation at lysine 221 in RelA enhances DNA binding and impairs assembly with IkappaBalpha
RelA,IkappaBalpha,Complex_formation,O95760,NA,12456660,Analysis of the functional properties of hypoacetylated RelA mutants containing lysine-to-arginine substitutions at these sites and of wild-type RelA co-expressed in the presence of a dominantly interfering mutant of p300 reveals that acetylation at lysine 221 in RelA enhances DNA binding and impairs assembly with IkappaBalpha
p300,RelA,Positive_regulation,NA,O95760,12456660,Analysis of the functional properties of hypoacetylated RelA mutants containing lysine-to-arginine substitutions at these sites and of wild-type RelA co-expressed in the presence of a dominantly interfering mutant of p300 reveals that acetylation at lysine 221 in RelA enhances DNA binding and impairs assembly with IkappaBalpha
RelA,IkappaBalpha,Complex_formation,O95760,NA,12456660,"Conversely, acetylation of lysine 310 is required for full transcriptional activity of RelA in the absence of effects on DNA binding and IkappaBalpha assembly"
SHP2,SIT,Complex_formation,NA,P78380,10209036,"However, binding of SHP2 to SIT is not required for inhibition of NF-AT induction, suggesting that SIT not only regulates NF-AT activity but also controls NF-AT unrelated pathways of T cell activation involving SHP2"
syk,SIT,Catalysis_of_phosphorylation,NA,P78380,10209036,After tyrosine phosphorylation by src and possibly syk protein tyrosine kinases SIT recruits the SH2 domain-containing tyrosine phosphatase SHP2 via an immunoreceptor tyrosine-based inhibition motif
SIT,SHP2,Complex_formation,P78380,NA,10209036,After tyrosine phosphorylation by src and possibly syk protein tyrosine kinases SIT recruits the SH2 domain-containing tyrosine phosphatase SHP2 via an immunoreceptor tyrosine-based inhibition motif
Tuberin,transforming growth factor (TGF)-beta1,Out-of-scope,NA,P14210,15066998,"Tuberin strongly augments transforming growth factor (TGF)-beta1 signal transduction pathways, including SMAD activation"
Stat6,IL-4,Regulation_of_transcription,NA,P05112,9845517,We report here that Stat6 interacts with three binding sites in the human IL-4 promoter by electrophoretic mobility shift assays
Stat6,interleukin-4,Negative_regulation,NA,P05112,9845517,Stat6 inhibits human interleukin-4 promoter activity in T cells
Stat6,interleukin-4,Regulation_of_transcription,NA,P05112,9845517,Stat6 inhibits human interleukin-4 promoter activity in T cells
signal transducer and activator of transcription 6,IL-4,Regulation_of_transcription,NA,P05112,9845517,"The molecular mechanisms by which IL-4 induces expression of the IL-4 gene are not known, although the IL-4-activated transcription factor signal transducer and activator of transcription 6 (Stat6) is required for this effect"
Stat6,IL-4,Regulation_of_transcription,NA,P05112,9845517,"To investigate the role of Stat6 in regulating IL-4 transcription, we used Stat6-deficient Jurkat T cells with different intact IL-4 promoter constructs in cotransfection assays"
Stat6,IL-4,Positive_regulation,NA,P05112,9845517,We conclude that the function of Stat6 is highly dependent on promoter context and that this factor promotes IL-4 gene expression in an indirect manner
Stat6,IL-4,Regulation_of_gene_expression,NA,P05112,9845517,We conclude that the function of Stat6 is highly dependent on promoter context and that this factor promotes IL-4 gene expression in an indirect manner
PU.1,M-CSF receptor,Regulation_of_transcription,NA,P14210,8264604,1 and PU.1 from nuclear extracts bind to a specific site in the M-CSF receptor promoter just upstream from the major transcription initiation site
PU.1,M-CSF receptor,Regulation_of_transcription,NA,P14210,8264604,Here we demonstrate that both in vitro-translated PU.1 and PU.1 from nuclear extracts bind to a specific site in the M-CSF receptor promoter just upstream from the major transcription initiation site
PU.1,M-CSF receptor,Regulation_of_transcription,NA,P14210,8264604,"Furthermore, PU.1 transactivates the M-CSF receptor promoter in nonmacrophage cells"
PU.1,M-CSF receptor,Positive_regulation,NA,P14210,8264604,Mutations in this site which eliminate PU.1 binding decrease M-CSF receptor promoter activity significantly in macrophage cell lines only
PU.1,M-CSF receptor,Regulation_of_transcription,NA,P14210,8264604,Mutations in this site which eliminate PU.1 binding decrease M-CSF receptor promoter activity significantly in macrophage cell lines only
PU.1,M-CSF receptor,Positive_regulation,NA,P14210,8264604,"Furthermore, PU.1 transactivates the M-CSF receptor promoter in nonmacrophage cells"
IL-27p28,IL-6,Negative_regulation,P60568,P05231,21057510_13,"Since IL-27p28 can antagonize the ability of IL-6 to promote TH17 differentiation or IL-10 production, we initially hypothesized that IL-27p28 alone could act in a manner analogous to IL-27 and induce STAT signaling to mediate these effects"
IL-6,IL-10,Positive_regulation,P05231,P22301,21057510_13,"Since IL-27p28 can antagonize the ability of IL-6 to promote TH17 differentiation or IL-10 production, we initially hypothesized that IL-27p28 alone could act in a manner analogous to IL-27 and induce STAT signaling to mediate these effects"
IL-6,STAT1,Positive_regulation,P05231,NA,21057510_13,"As IL-6 and IL-27 primarily activate STAT1 and STAT3, the ability of IL-27p28 to induce phosphorylation of these proteins in CD4+ T cells was assessed"
IL-6,STAT3,Positive_regulation,P05231,NA,21057510_13,"As IL-6 and IL-27 primarily activate STAT1 and STAT3, the ability of IL-27p28 to induce phosphorylation of these proteins in CD4+ T cells was assessed"
IL-6,gp130,Complex_formation,P05231,NA,21057510_13,"As IL-6 and IL-27 signal through gp130, an alternative explanation for the inhibitory effects of IL-27p28 is competition with IL-6 for binding to gp130"
IL-27p28,gp130,Complex_formation,P60568,NA,21057510_13,"As IL-6 and IL-27 signal through gp130, an alternative explanation for the inhibitory effects of IL-27p28 is competition with IL-6 for binding to gp130"
IL-27p28,IL-6,Negative_regulation,P60568,P05231,21057510_13,"As IL-6 and IL-27 signal through gp130, an alternative explanation for the inhibitory effects of IL-27p28 is competition with IL-6 for binding to gp130"
IL-6,gp130,Complex_formation,P05231,NA,21057510_13,"As IL-6 and IL-27 signal through gp130, an alternative explanation for the inhibitory effects of IL-27p28 is competition with IL-6 for binding to gp130"
IL-4,STAT6,Positive_regulation,P05112,NA,12242343,Expression of the suppressor of cytokine signaling-5 (SOCS5) negatively regulates IL-4-dependent STAT6 activation and Th2 differentiation
IL-4Ralpha chain,SOCS5,Complex_formation,P05112,NA,12242343,SOCS5 protein was preferentially expressed in committed Th1 cells and interacted with the cytoplasmic region of the IL-4Ralpha chain irrespective of receptor tyrosine phosphorylation
IL-4,signal transducer and activator of transcription-6,Positive_regulation,P05112,NA,12242343,This unconventional interaction of SOCS5 protein with the IL-4R resulted in the inhibition of IL-4-mediated signal transducer and activator of transcription-6 activation
MOR,GPR177,Complex_formation,P14210,NA,20214800_12,The interaction between full-length MOR and GPR177 was verified in co-immunoprecipitation (CoIP) experiments
MOR,GPR177,Out-of-scope,P14210,NA,20214800_12,"To demonstrate interaction, we tested the ability of an anti-MOR antibody to coimmunoprecipitate GPR177 from lysates prepared from HEK293 cells stably expressing FLAG-tagged MORs (293-MOR cells) and transiently transfected with a FLAG/6x His-tagged GPR177 construct"
H3K9,IL-6,Out-of-scope,NA,P05231,22178396,"Interestingly, induction of IL-6 and IL-8, major players of the senescence-associated secretory phenotype (SASP), correlated with a decline of H3K9 dimethylation around the respective gene promoters and knockdown of Cdh1 abolished IL-6/IL-8 expression in senescent cells, suggesting that the APC/C(Cdh1)-G9a/GLP axis plays crucial roles in aspects of senescent phenotype"
Cdh1,IL-6,Regulation_of_gene_expression,NA,P05231,22178396,"Interestingly, induction of IL-6 and IL-8, major players of the senescence-associated secretory phenotype (SASP), correlated with a decline of H3K9 dimethylation around the respective gene promoters and knockdown of Cdh1 abolished IL-6/IL-8 expression in senescent cells, suggesting that the APC/C(Cdh1)-G9a/GLP axis plays crucial roles in aspects of senescent phenotype"
Cdh1,IL-6,Positive_regulation,NA,P05231,22178396,"Interestingly, induction of IL-6 and IL-8, major players of the senescence-associated secretory phenotype (SASP), correlated with a decline of H3K9 dimethylation around the respective gene promoters and knockdown of Cdh1 abolished IL-6/IL-8 expression in senescent cells, suggesting that the APC/C(Cdh1)-G9a/GLP axis plays crucial roles in aspects of senescent phenotype"
Capicua,EGFR,Out-of-scope,NA,P01133,17255944,"Our results are consistent with a model whereby Capicua is the main nuclear effector of the Torso pathway, but only one of different effectors responding to EGFR signaling"
EGFR,Capicua,Out-of-scope,P01133,NA,17255944,"Finally, we describe differences in the modes of Capicua downregulation by Torso and EGFR signaling, raising the possibility that such differences contribute to the tissue specificity of both signals"
DEP-1,FLT3,Out-of-scope,NA,P49771,21262971,"Out of 20 PTP tested, expressed in hematopoietic cells, or presumed to be involved in oncogenesis or tumor suppression, DEP-1 (PTPRJ) was identified as a PTP negatively regulating FLT3 phosphorylation and signaling"
FLT3 ligand,FLT3,Positive_regulation,P49771,P49771,21262971,"In particular, the sites pTyr-589, pTyr-591, and pTyr-842 involved in the FLT3 ligand (FL)-mediated activation of FLT3 were hyperphosphorylated the most"
DEP-1,FLT3,Complex_formation,NA,P49771,21262971,"Direct interaction of DEP-1 and FLT3 was demonstrated by ""substrate trapping"" experiments showing association of DEP-1 D1205A or C1239S mutant proteins with FLT3 by co-immunoprecipitation"
DEP-1,FLT3,Complex_formation,NA,P49771,21262971,"Direct interaction of DEP-1 and FLT3 was demonstrated by ""substrate trapping"" experiments showing association of DEP-1 D1205A or C1239S mutant proteins with FLT3 by co-immunoprecipitation"
DEP-1,FLT3,Catalysis_of_dephosphorylation,NA,P49771,21262971,"Moreover, activated FLT3 could be dephosphorylated by recombinant DEP-1 in vitro"
FL,STAT5,Positive_regulation,Q99731,NA,21262971,This transforming effect of DEP-1 knockdown was consistent with a moderately increased activation of STAT5 upon FL stimulation but did not translate into myeloproliferative disease formation in the 32D-C3H/HeJ mouse model
HSF1,IL1B,Regulation_of_gene_expression,P14210,NA,10328874,"As HSF1 can function as both an activator of heat shock genes and a repressor of non-heat shock genes such as IL1B and c- fos, we have examined the potential role of HSF1 in the effects of NSAIDs on gene expression in a human monocytic cell line THP-1"
HSF1,c- fos,Regulation_of_gene_expression,P14210,NA,10328874,"As HSF1 can function as both an activator of heat shock genes and a repressor of non-heat shock genes such as IL1B and c- fos, we have examined the potential role of HSF1 in the effects of NSAIDs on gene expression in a human monocytic cell line THP-1"
HSF1,IL1B,Regulation_of_gene_expression,P14210,NA,10328874,"We found that two members of the NSAIDs, sodium salicylate and sulindac repress the IL1B promoter to similar degree to heat shock or HSF1 overexpression"
HSF1,IL1B,Negative_regulation,P14210,NA,10328874,"As HSF1 can function as both an activator of heat shock genes and a repressor of non-heat shock genes such as IL1B and c- fos, we have examined the potential role of HSF1 in the effects of NSAIDs on gene expression in a human monocytic cell line THP-1"
HSF1,c- fos,Negative_regulation,P14210,NA,10328874,"As HSF1 can function as both an activator of heat shock genes and a repressor of non-heat shock genes such as IL1B and c- fos, we have examined the potential role of HSF1 in the effects of NSAIDs on gene expression in a human monocytic cell line THP-1"
HSF1,IL1B,Positive_regulation,P14210,NA,10328874,"We found that two members of the NSAIDs, sodium salicylate and sulindac repress the IL1B promoter to similar degree to heat shock or HSF1 overexpression"
HSF1,IL1B,Regulation_of_transcription,P14210,NA,10328874,"At least in the case of the IL1B promoter, repression did not seem to involve another factor whose activity is affected by the NSAIDs, NFkappaB as the IL1B promoter fragment used in our studies is not NFkappaB responsive and binds specifically to HSF1"
2,rat hepatic lectins (RHL) 1,Complex_formation,P13500,NA,7673174,"Rat hepatic asialoglycoprotein receptors (ASGP-Rs) are hetero-oligomers composed of three homologous glycoprotein subunits, designated rat hepatic lectins (RHL) 1, 2, and 3"
3,2,Complex_formation,Q99731,P13500,7673174,"Rat hepatic asialoglycoprotein receptors (ASGP-Rs) are hetero-oligomers composed of three homologous glycoprotein subunits, designated rat hepatic lectins (RHL) 1, 2, and 3"
3,rat hepatic lectins (RHL) 1,Complex_formation,Q99731,NA,7673174,"Rat hepatic asialoglycoprotein receptors (ASGP-Rs) are hetero-oligomers composed of three homologous glycoprotein subunits, designated rat hepatic lectins (RHL) 1, 2, and 3"
Axin,GSK-3,Complex_formation,P51671,NA,10684251_43,The demonstration that Axin binds GSK-3 and beta-catenin and promotes GSK-3 phosphorylation of beta-catenin suggested that Axin might be the target of the dnXgsk-3
Axin,beta-catenin,Complex_formation,P51671,NA,10684251_43,The demonstration that Axin binds GSK-3 and beta-catenin and promotes GSK-3 phosphorylation of beta-catenin suggested that Axin might be the target of the dnXgsk-3
dnXgsk-3,Axin,Regulation,NA,P51671,10684251_43,The demonstration that Axin binds GSK-3 and beta-catenin and promotes GSK-3 phosphorylation of beta-catenin suggested that Axin might be the target of the dnXgsk-3
GSK-3,Axin,Complex_formation,NA,P51671,10684251_43,"A different GSK-3 kinase mutant, GSK-3Y>F also coimmunoprecipitates less Axin than wild-type GSK-3 in mammalian cells (Yuan et al"
GSK-3Y>F,Axin,Complex_formation,NA,P51671,10684251_43,"A different GSK-3 kinase mutant, GSK-3Y>F also coimmunoprecipitates less Axin than wild-type GSK-3 in mammalian cells (Yuan et al"
Axin,GSK-3,Complex_formation,P51671,NA,10684251_43,"Furthermore, Akt, which inhibits GSK-3 by phosphorylating it, reduces the amount of Axin coimmunoprecipitated by GSK-3 (Yuan et al"
Xgsk-3,Axin,Complex_formation,NA,P51671,10684251_43,"However, we show here that the dominant-negative Xgsk-3 and wild-type Xgsk-3 bind Axin equally well in vivo"
Xgsk-3,Axin,Complex_formation,NA,P51671,10684251_43,"However, we show here that the dominant-negative Xgsk-3 and wild-type Xgsk-3 bind Axin equally well in vivo"
Axin,Xgsk-3,Complex_formation,P51671,NA,10684251_43,This is consistent with a model in which overexpressed kinase-deficient Xgsk-3 acts as a dominant- negative either by displacing endogenous Xgsk-3 already bound to Axin or by preventing endogenous Xgsk-3 from binding Axin as new complexes form
Xgsk-3,Axin,Complex_formation,NA,P51671,10684251_43,This is consistent with a model in which overexpressed kinase-deficient Xgsk-3 acts as a dominant- negative either by displacing endogenous Xgsk-3 already bound to Axin or by preventing endogenous Xgsk-3 from binding Axin as new complexes form
Axin,Xgsk-3,Complex_formation,P51671,NA,10684251_43,This is consistent with a model in which overexpressed kinase-deficient Xgsk-3 acts as a dominant- negative either by displacing endogenous Xgsk-3 already bound to Axin or by preventing endogenous Xgsk-3 from binding Axin as new complexes form
Axin,Xgsk-3,Complex_formation,P51671,NA,10684251_43,"In either case, endogenous Xgsk-3 is prevented from phosphorylating beta-catenin by the dominant-negative Xgsk-3 because it is prevented from associating with Axin"
GSK-3,Axin,Complex_formation,NA,P51671,10684251_43,It is unclear why a more severe mutation in a mammalian GSK-3 than that of Ikeda et al. 1998 apparently retains its ability to bind Axin in vitro (Sakanaka et al
beta-catenin,axin,Complex_formation,NA,P51671,10330189,"We have introduced a small deletion within beta-catenin (Delta19) that disrupts binding to LEF-1, E-cadherin, and APC but not axin"
ZDHHC2,S,Out-of-scope,NA,P14210,34528721,"Overexpression of ZDHHC2, ZDHHC3, ZDHHC4, ZDHHC5, ZDHHC8, ZDHHC9, ZDHHC11, ZDHHC14, ZDHHC16, ZDHHC19, and ZDHHC20 promoted the palmitoylation of S"
ZDHHC3,S,Out-of-scope,NA,P14210,34528721,"Overexpression of ZDHHC2, ZDHHC3, ZDHHC4, ZDHHC5, ZDHHC8, ZDHHC9, ZDHHC11, ZDHHC14, ZDHHC16, ZDHHC19, and ZDHHC20 promoted the palmitoylation of S"
ZDHHC4,S,Out-of-scope,NA,P14210,34528721,"Overexpression of ZDHHC2, ZDHHC3, ZDHHC4, ZDHHC5, ZDHHC8, ZDHHC9, ZDHHC11, ZDHHC14, ZDHHC16, ZDHHC19, and ZDHHC20 promoted the palmitoylation of S"
ZDHHC5,S,Out-of-scope,NA,P14210,34528721,"Overexpression of ZDHHC2, ZDHHC3, ZDHHC4, ZDHHC5, ZDHHC8, ZDHHC9, ZDHHC11, ZDHHC14, ZDHHC16, ZDHHC19, and ZDHHC20 promoted the palmitoylation of S"
ZDHHC8,S,Out-of-scope,NA,P14210,34528721,"Overexpression of ZDHHC2, ZDHHC3, ZDHHC4, ZDHHC5, ZDHHC8, ZDHHC9, ZDHHC11, ZDHHC14, ZDHHC16, ZDHHC19, and ZDHHC20 promoted the palmitoylation of S"
ZDHHC9,S,Out-of-scope,NA,P14210,34528721,"Overexpression of ZDHHC2, ZDHHC3, ZDHHC4, ZDHHC5, ZDHHC8, ZDHHC9, ZDHHC11, ZDHHC14, ZDHHC16, ZDHHC19, and ZDHHC20 promoted the palmitoylation of S"
ZDHHC11,S,Out-of-scope,P13500,P14210,34528721,"Overexpression of ZDHHC2, ZDHHC3, ZDHHC4, ZDHHC5, ZDHHC8, ZDHHC9, ZDHHC11, ZDHHC14, ZDHHC16, ZDHHC19, and ZDHHC20 promoted the palmitoylation of S"
ZDHHC14,S,Out-of-scope,P80075,P14210,34528721,"Overexpression of ZDHHC2, ZDHHC3, ZDHHC4, ZDHHC5, ZDHHC8, ZDHHC9, ZDHHC11, ZDHHC14, ZDHHC16, ZDHHC19, and ZDHHC20 promoted the palmitoylation of S"
ZDHHC16,S,Out-of-scope,NA,P14210,34528721,"Overexpression of ZDHHC2, ZDHHC3, ZDHHC4, ZDHHC5, ZDHHC8, ZDHHC9, ZDHHC11, ZDHHC14, ZDHHC16, ZDHHC19, and ZDHHC20 promoted the palmitoylation of S"
ZDHHC19,S,Out-of-scope,NA,P14210,34528721,"Overexpression of ZDHHC2, ZDHHC3, ZDHHC4, ZDHHC5, ZDHHC8, ZDHHC9, ZDHHC11, ZDHHC14, ZDHHC16, ZDHHC19, and ZDHHC20 promoted the palmitoylation of S"
ZDHHC20,S,Out-of-scope,NA,P14210,34528721,"Overexpression of ZDHHC2, ZDHHC3, ZDHHC4, ZDHHC5, ZDHHC8, ZDHHC9, ZDHHC11, ZDHHC14, ZDHHC16, ZDHHC19, and ZDHHC20 promoted the palmitoylation of S"
Tax,RelA,Regulation,P51671,O95760,16424386,We found that cytoplasmic ubiquitylation of Tax C-terminal lysines is critical for Tax binding to the IkappaB kinase complex and subsequent nuclear translocation of RelA
RelA,Tax,Out-of-scope,O95760,P51671,16424386,"Conversely, we demonstrate that the same lysines are sumoylated in the nucleus, an event required for the formation of RelA/p300-enriched Tax nuclear bodies and full NF-kappaB transcriptional activation"
IL-2,IL-2R alpha,Regulation_of_transcription,P60568,P60568,8943338,"However, none of these proximal regions account for the induction of IL-2R alpha transcription by IL-2"
IL-2,Stat5a,Positive_regulation,P60568,NA,8943338,IL-2 induced the binding of Stat5a and b proteins to the human GASd element
IL-2,b,Positive_regulation,P60568,P14210,8943338,IL-2 induced the binding of Stat5a and b proteins to the human GASd element
IL-2,IL-2R alpha,Positive_regulation,P60568,P60568,8943338,"Interleukin 2 (IL-2) stimulates IL-2R alpha transcription, thereby amplifying expression of its own high-affinity receptor"
IL-2,IL-2R alpha,Regulation_of_transcription,P60568,P60568,8943338,"Interleukin 2 (IL-2) stimulates IL-2R alpha transcription, thereby amplifying expression of its own high-affinity receptor"
IL-2,IL-2R alpha,Positive_regulation,P60568,P60568,8943338,"However, none of these proximal regions account for the induction of IL-2R alpha transcription by IL-2"
Elf-1,IL-2R alpha,Regulation_of_transcription,NA,P60568,8943338,Our data demonstrate a major role of the GASd/EBSd element in IL-2R alpha regulation and suggest that the T-cell-specific Elf-1 factor can serve as a transcriptional repressor
Elf-1,IL-2R alpha,Negative_regulation,NA,P60568,8943338,Our data demonstrate a major role of the GASd/EBSd element in IL-2R alpha regulation and suggest that the T-cell-specific Elf-1 factor can serve as a transcriptional repressor
Elf-1,IL-2R alpha,Regulation_of_transcription,NA,P60568,8943338,"IL-2R alpha transcription is at least in part controlled by two positive regulatory regions, PRRI and PRRII. PRRI is an inducible proximal enhancer, located between nucleotides -276 and -244, which contains NF-kappaB and SRE/CArG motifs. PRRII is a T-cell-specific enhancer, located between nucleotides -137 and -64, which binds the T-cell-specific Ets protein Elf-1 and HMG-I(Y) proteins"
HMG-I(Y),IL-2R alpha,Regulation_of_transcription,NA,P60568,8943338,"IL-2R alpha transcription is at least in part controlled by two positive regulatory regions, PRRI and PRRII. PRRI is an inducible proximal enhancer, located between nucleotides -276 and -244, which contains NF-kappaB and SRE/CArG motifs. PRRII is a T-cell-specific enhancer, located between nucleotides -137 and -64, which binds the T-cell-specific Ets protein Elf-1 and HMG-I(Y) proteins"
Elf-1,IL-2R alpha,Positive_regulation,NA,P60568,8943338,"IL-2R alpha transcription is at least in part controlled by two positive regulatory regions, PRRI and PRRII. PRRI is an inducible proximal enhancer, located between nucleotides -276 and -244, which contains NF-kappaB and SRE/CArG motifs. PRRII is a T-cell-specific enhancer, located between nucleotides -137 and -64, which binds the T-cell-specific Ets protein Elf-1 and HMG-I(Y) proteins"
HMG-I(Y),IL-2R alpha,Positive_regulation,NA,P60568,8943338,"IL-2R alpha transcription is at least in part controlled by two positive regulatory regions, PRRI and PRRII. PRRI is an inducible proximal enhancer, located between nucleotides -276 and -244, which contains NF-kappaB and SRE/CArG motifs. PRRII is a T-cell-specific enhancer, located between nucleotides -137 and -64, which binds the T-cell-specific Ets protein Elf-1 and HMG-I(Y) proteins"
GlcNAc-6-sulfotransferase,GlyCAM-1,Catalysis_of_posttranslational_modification,P14210,NA,10330415,"We now report the cloning of a Gal-6-sulfotransferase and a GlcNAc-6-sulfotransferase, which can modify GlyCAM-1 and CD34"
GlcNAc-6-sulfotransferase,CD34,Catalysis_of_posttranslational_modification,P14210,NA,10330415,"We now report the cloning of a Gal-6-sulfotransferase and a GlcNAc-6-sulfotransferase, which can modify GlyCAM-1 and CD34"
Gal-6-sulfotransferase,GlyCAM-1,Catalysis_of_posttranslational_modification,P14210,NA,10330415,"We now report the cloning of a Gal-6-sulfotransferase and a GlcNAc-6-sulfotransferase, which can modify GlyCAM-1 and CD34"
Gal-6-sulfotransferase,CD34,Catalysis_of_posttranslational_modification,P14210,NA,10330415,"We now report the cloning of a Gal-6-sulfotransferase and a GlcNAc-6-sulfotransferase, which can modify GlyCAM-1 and CD34"
L-selectin,fucosyltransferase VII,Complex_formation,NA,P14210,10330415,"Expression of either enzyme in Chinese hamster ovary cells, along with CD34 and fucosyltransferase VII, results in ligand activity, as detected by binding of an L-selectin/IgM chimera"
microsomal triglyceride transfer protein,Apoprotein B100,Regulation,P14210,NA,9843958,Apoprotein B100 has a prolonged interaction with the translocon during which its lipidation and translocation change from dependence on the microsomal triglyceride transfer protein to independence
dinitrogenase reductase ADP-ribosyltransferase,dinitrogenase reductase,Catalysis_of_ADP-ribosylation,P14210,NA,10049407,"In Rhodospirillum rubrum, nitrogenase activity is regulated posttranslationally through the ADP-ribosylation of dinitrogenase reductase by dinitrogenase reductase ADP-ribosyltransferase (DRAT)"
Flt4,VEGF-related protein,Complex_formation,NA,P01133,8700872,"This protein, designated VEGF-related protein (VRP), specifically binds to the extracellular domain of Flt4, stimulates the tyrosine phosphorylation of Flt4 expressed in mammalian cells, and promotes the mitogenesis of human lung endothelial cells"
VEGF-related protein,Flt4,Out-of-scope,P01133,NA,8700872,"This protein, designated VEGF-related protein (VRP), specifically binds to the extracellular domain of Flt4, stimulates the tyrosine phosphorylation of Flt4 expressed in mammalian cells, and promotes the mitogenesis of human lung endothelial cells"
EGF,PTEN,Out-of-scope,P01133,NA,26183061_18,"The ubiquitination of endogenous PTEN was considerably increased 24 h after EGF treatment, with simultaneous activation of the pAKT/MKRN1 axis (Fig"
EGF,PTEN,Out-of-scope,P01133,NA,26183061_18,"Notably, PTEN ubiquitination decreased upon AKT or MKRN1 ablation, indicating that EGF-driven PTEN ubiquitination is pAKT- and MKRN1 dependent (Fig"
c-jun,IL-2,Regulation_of_transcription,NA,P60568,9428992,"We used reverse transcriptase-polymerase chain reaction to examine both fetal and term neonatal cord bloods for mRNA expression of three transcription factors implicated in T-cell activation: c-jun, c-fos, and NF kappa B (p50 subunit). We demonstrate that mRNAs for all three of these regulatory factors are expressed in fetal blood cells by the 27th week of gestation and in term cord bloods. Activation of term infant cord blood mononuclear cells with anti-CD3 monoclonal antibodies resulted in up-regulation of both c-jun and c-fos mRNAs within 15 min of stimulation. However, secretion of IL-2 by anti-CD3-stimulated cord blood mononuclear cells was still blunted compared with control cells from adults. We conclude that fetal nucleated blood cells constitutively express important genes for cytokine regulation and are able to increase intracellular accumulation of the mRNAs for these factors in response to anti-CD3 stimulation. Thus, qualitative differences in the capacity to regulate these factors could not be shown in fetal blood cells. Quantitative experiments comparing binding of these transcription factors to the IL-2 promoter are currently under investigation"
c-fos,IL-2,Regulation_of_transcription,NA,P60568,9428992,"We used reverse transcriptase-polymerase chain reaction to examine both fetal and term neonatal cord bloods for mRNA expression of three transcription factors implicated in T-cell activation: c-jun, c-fos, and NF kappa B (p50 subunit). We demonstrate that mRNAs for all three of these regulatory factors are expressed in fetal blood cells by the 27th week of gestation and in term cord bloods. Activation of term infant cord blood mononuclear cells with anti-CD3 monoclonal antibodies resulted in up-regulation of both c-jun and c-fos mRNAs within 15 min of stimulation. However, secretion of IL-2 by anti-CD3-stimulated cord blood mononuclear cells was still blunted compared with control cells from adults. We conclude that fetal nucleated blood cells constitutively express important genes for cytokine regulation and are able to increase intracellular accumulation of the mRNAs for these factors in response to anti-CD3 stimulation. Thus, qualitative differences in the capacity to regulate these factors could not be shown in fetal blood cells. Quantitative experiments comparing binding of these transcription factors to the IL-2 promoter are currently under investigation"
mCSF-1,mCSF-1R,Complex_formation,P14210,P14210,22153499_7,"A recent structural study of mCSF-1 in complex with the first three extracellular domains of mCSF-1R (mCSF-1RD1-D3) revealed unexpected monovalent binding of mCSF-1 to one mCSF-1RD1-D3 molecule leading to a binary complex, in contrast to predictions based on earlier studies of the homologous murine and human c-kit receptors in complex with Stem Cell Factor (SCF)"
transforming growth factor-beta 1,ADAMTS-2,Regulation,P14210,NA,12646579,"Here we demonstrate that ADAMTS-2 can, like the procollagen C-proteinases, be regulated by transforming growth factor-beta 1 (TGF-beta 1), with implications for mechanisms whereby this growth factor effects net increases in formation of extracellular matrix"
Izumo 1,3,Out-of-scope,NA,Q99731,19658160_2,"Electrophoresis under mildly denaturing conditions, followed by Western blot analysis, showed that Izumo 1, 3, and 4 formed protein complexes on sperm, Izumo 1 forming several larger complexes and Izumo 3 and 4 forming a single larger complex"
Izumo 1,4,Out-of-scope,NA,P09919,19658160_2,"Electrophoresis under mildly denaturing conditions, followed by Western blot analysis, showed that Izumo 1, 3, and 4 formed protein complexes on sperm, Izumo 1 forming several larger complexes and Izumo 3 and 4 forming a single larger complex"
3,4,Out-of-scope,Q99731,P09919,19658160_2,"Electrophoresis under mildly denaturing conditions, followed by Western blot analysis, showed that Izumo 1, 3, and 4 formed protein complexes on sperm, Izumo 1 forming several larger complexes and Izumo 3 and 4 forming a single larger complex"
VEGF165,VEGFR-2,Regulation,P01133,P01133,11948691,VEGF165 mediates formation of complexes containing VEGFR-2 and neuropilin-1 that enhance VEGF165-receptor binding
VEGF165,neuropilin-1,Regulation,P01133,NA,11948691,VEGF165 mediates formation of complexes containing VEGFR-2 and neuropilin-1 that enhance VEGF165-receptor binding
VEGFR-2,VEGF165,Regulation,P01133,P01133,11948691,VEGF165 mediates formation of complexes containing VEGFR-2 and neuropilin-1 that enhance VEGF165-receptor binding
neuropilin-1,VEGF165,Regulation,NA,P01133,11948691,VEGF165 mediates formation of complexes containing VEGFR-2 and neuropilin-1 that enhance VEGF165-receptor binding
KDR,VEGF165,Complex_formation,NA,P01133,11948691,Co-expression of NRP1 and (VEGFR-2) KDR on the surface of endothelial cells (EC) enhances VEGF165 binding to KDR and EC chemotaxis in response to VEGF165
NRP1,VEGF165,Regulation,NA,P01133,11948691,Co-expression of NRP1 and (VEGFR-2) KDR on the surface of endothelial cells (EC) enhances VEGF165 binding to KDR and EC chemotaxis in response to VEGF165
VEGFR-2,VEGF165,Regulation,P01133,P01133,11948691,Co-expression of NRP1 and (VEGFR-2) KDR on the surface of endothelial cells (EC) enhances VEGF165 binding to KDR and EC chemotaxis in response to VEGF165
NRP1,VEGF121,Out-of-scope,NA,P01133,11948691,"In contrast, VEGF121, which does not bind to NRP1, did not support complex formation"
NRP1,VEGF165,Complex_formation,NA,P01133,11948691,"Complexes containing VEGF165, NRP1, and KDR were also formed in an intercellular fashion by co-culture of EC expressing KDR only, with cells expressing NRP1 only, for example, breast carcinoma cells"
KDR,VEGF165,Complex_formation,NA,P01133,11948691,"Complexes containing VEGF165, NRP1, and KDR were also formed in an intercellular fashion by co-culture of EC expressing KDR only, with cells expressing NRP1 only, for example, breast carcinoma cells"
VEGF165,NRP1,Regulation,P01133,NA,11948691,"VEGF165 also mediated the binding of a soluble NRP1 dimer to cells expressing KDR only, confirming the formation of such complexes"
VEGF165,KDR,Complex_formation,P01133,NA,11948691,"Furthermore, the formation of complexes containing KDR and NRP1 markedly increased 125I-VEGF165 binding to KDR"
NRP1,VEGF165,Regulation,NA,P01133,11948691,"Furthermore, the formation of complexes containing KDR and NRP1 markedly increased 125I-VEGF165 binding to KDR"
KDR,VEGF165,Regulation,NA,P01133,11948691,"Furthermore, the formation of complexes containing KDR and NRP1 markedly increased 125I-VEGF165 binding to KDR"
KDR,VEGF165,Complex_formation,NA,P01133,11948691,"Our results suggest that formation of a ternary complex of VEGF165, KDR, and NRP1 potentiates VEGF165 binding to KDR"
NRP1,VEGF165,Complex_formation,NA,P01133,11948691,"Our results suggest that formation of a ternary complex of VEGF165, KDR, and NRP1 potentiates VEGF165 binding to KDR"
VEGF165,KDR,Complex_formation,P01133,NA,11948691,"Our results suggest that formation of a ternary complex of VEGF165, KDR, and NRP1 potentiates VEGF165 binding to KDR"
NRP1,VEGF165,Regulation,NA,P01133,11948691,"Our results suggest that formation of a ternary complex of VEGF165, KDR, and NRP1 potentiates VEGF165 binding to KDR"
KDR,VEGF165,Regulation,NA,P01133,11948691,"Our results suggest that formation of a ternary complex of VEGF165, KDR, and NRP1 potentiates VEGF165 binding to KDR"
VEGF165,VEGF165,Regulation,P01133,P01133,11948691,"Our results suggest that formation of a ternary complex of VEGF165, KDR, and NRP1 potentiates VEGF165 binding to KDR"
VEGFR-2,neuropilin-1,Complex_formation,P01133,NA,11948691,VEGF165 mediates formation of complexes containing VEGFR-2 and neuropilin-1 that enhance VEGF165-receptor binding
Met,Hrs,Out-of-scope,P39900,NA,16227611,Met/Hepatocyte growth factor receptor ubiquitination suppresses transformation and is required for Hrs phosphorylation
Met,MEK1/,Positive_regulation,P39900,NA,16227611,Fusion of monoubiquitin to Met Y1003F is sufficient to decrease Met receptor stability and prevent sustained MEK1/2 activation
Met,2,Positive_regulation,P39900,P13500,16227611,Fusion of monoubiquitin to Met Y1003F is sufficient to decrease Met receptor stability and prevent sustained MEK1/2 activation
P,N-acetyl-L-glutamate kinase,Complex_formation,P14210,NA,15165234,The Synechococcus elongatus P signal transduction protein controls arginine synthesis by complex formation with N-acetyl-L-glutamate kinase
c-Rel,IL-2R alpha,Regulation_of_transcription,NA,P60568,7929104,"This activation was due to the translocation of p65 and c-Rel NF.kappa B proteins from cytoplasmic stores to the nucleus, where they bound the kappa B sequence of the IL-2R alpha promoter either as p50"
p65,IL-2R alpha,Regulation_of_transcription,NA,P60568,7929104,"This activation was due to the translocation of p65 and c-Rel NF.kappa B proteins from cytoplasmic stores to the nucleus, where they bound the kappa B sequence of the IL-2R alpha promoter either as p50"
p65,IL-2R alpha,Positive_regulation,NA,P60568,7929104,"This activation was due to the translocation of p65 and c-Rel NF.kappa B proteins from cytoplasmic stores to the nucleus, where they bound the kappa B sequence of the IL-2R alpha promoter either as p50"
c-Rel,IL-2R alpha,Positive_regulation,NA,P60568,7929104,"This activation was due to the translocation of p65 and c-Rel NF.kappa B proteins from cytoplasmic stores to the nucleus, where they bound the kappa B sequence of the IL-2R alpha promoter either as p50"
TNF alpha,IL-2R alpha chain,Regulation_of_gene_expression,NA,P60568,7929104,"Those results indicate that, in resting T cells, PKC activation has only a triggering role, whereas the endogenously secreted TNF alpha plays an essential role in the quantitative control of the expression of IL-2R alpha chain or NF"
p50,IL-2R alpha,Regulation_of_transcription,NA,P60568,7929104,"kappa B proteins from cytoplasmic stores to the nucleus, where they bound the kappa B sequence of the IL-2R alpha promoter either as p50"
p65,IL-2R alpha,Regulation_of_transcription,NA,P60568,7929104,"kappa B proteins from cytoplasmic stores to the nucleus, where they bound the kappa B sequence of the IL-2R alpha promoter either as p50.p65 or as p50"
p50,IL-2R alpha,Regulation_of_transcription,NA,P60568,7929104,"kappa B proteins from cytoplasmic stores to the nucleus, where they bound the kappa B sequence of the IL-2R alpha promoter either as p50.p65 or as p50"
c-Rel,IL-2R alpha,Regulation_of_transcription,NA,P60568,7929104,"kappa B proteins from cytoplasmic stores to the nucleus, where they bound the kappa B sequence of the IL-2R alpha promoter either as p50.p65 or as p50.c-Rel heterodimers"
p50,IL-2R alpha,Positive_regulation,NA,P60568,7929104,"kappa B proteins from cytoplasmic stores to the nucleus, where they bound the kappa B sequence of the IL-2R alpha promoter either as p50"
p65,IL-2R alpha,Positive_regulation,NA,P60568,7929104,"kappa B proteins from cytoplasmic stores to the nucleus, where they bound the kappa B sequence of the IL-2R alpha promoter either as p50.p65 or as p50"
p50,IL-2R alpha,Positive_regulation,NA,P60568,7929104,"kappa B proteins from cytoplasmic stores to the nucleus, where they bound the kappa B sequence of the IL-2R alpha promoter either as p50.p65 or as p50"
c-Rel,IL-2R alpha,Positive_regulation,NA,P60568,7929104,"kappa B proteins from cytoplasmic stores to the nucleus, where they bound the kappa B sequence of the IL-2R alpha promoter either as p50.p65 or as p50.c-Rel heterodimers"
TNF alpha,IL-2R alpha,Positive_regulation,NA,P60568,7929104,"The addition of either TNF alpha or IL-2 partially recovered cyclosporin A-induced IL-2R alpha inhibition, but only TNF alpha completely recovered NF"
IL-2,IL-2R alpha,Positive_regulation,P60568,P60568,7929104,"The addition of either TNF alpha or IL-2 partially recovered cyclosporin A-induced IL-2R alpha inhibition, but only TNF alpha completely recovered NF"
Scl,Vegfa,Complex_formation,NA,P01133,27137657,A combinatorial interaction between Scl and Vegfa/Flk1 sets in motion the first wave of primitive hematopoiesis
HEB,3,Complex_formation,NA,Q99731,27137657,"SCL activates transcription by recruiting a core complex on DNA that necessarily includes E2A/HEB, GATA1-3, LIM-only proteins LMO1/2, LDB1, and an extended complex comprising ETO2, RUNX1, ERG, or FLI1"
HEB,2,Complex_formation,NA,P13500,27137657,"SCL activates transcription by recruiting a core complex on DNA that necessarily includes E2A/HEB, GATA1-3, LIM-only proteins LMO1/2, LDB1, and an extended complex comprising ETO2, RUNX1, ERG, or FLI1"
GATA1,3,Complex_formation,NA,Q99731,27137657,"SCL activates transcription by recruiting a core complex on DNA that necessarily includes E2A/HEB, GATA1-3, LIM-only proteins LMO1/2, LDB1, and an extended complex comprising ETO2, RUNX1, ERG, or FLI1"
GATA1,2,Complex_formation,NA,P13500,27137657,"SCL activates transcription by recruiting a core complex on DNA that necessarily includes E2A/HEB, GATA1-3, LIM-only proteins LMO1/2, LDB1, and an extended complex comprising ETO2, RUNX1, ERG, or FLI1"
3,LMO1,Complex_formation,Q99731,NA,27137657,"SCL activates transcription by recruiting a core complex on DNA that necessarily includes E2A/HEB, GATA1-3, LIM-only proteins LMO1/2, LDB1, and an extended complex comprising ETO2, RUNX1, ERG, or FLI1"
3,2,Complex_formation,Q99731,P13500,27137657,"SCL activates transcription by recruiting a core complex on DNA that necessarily includes E2A/HEB, GATA1-3, LIM-only proteins LMO1/2, LDB1, and an extended complex comprising ETO2, RUNX1, ERG, or FLI1"
3,LDB1,Complex_formation,Q99731,NA,27137657,"SCL activates transcription by recruiting a core complex on DNA that necessarily includes E2A/HEB, GATA1-3, LIM-only proteins LMO1/2, LDB1, and an extended complex comprising ETO2, RUNX1, ERG, or FLI1"
LMO1,2,Complex_formation,NA,P13500,27137657,"SCL activates transcription by recruiting a core complex on DNA that necessarily includes E2A/HEB, GATA1-3, LIM-only proteins LMO1/2, LDB1, and an extended complex comprising ETO2, RUNX1, ERG, or FLI1"
2,LDB1,Complex_formation,P13500,NA,27137657,"SCL activates transcription by recruiting a core complex on DNA that necessarily includes E2A/HEB, GATA1-3, LIM-only proteins LMO1/2, LDB1, and an extended complex comprising ETO2, RUNX1, ERG, or FLI1"
Rfc2,5,Complex_formation,NA,P09919,14624239_14,"Coimmunoprecipitate of Rfc2-5 was not observed with preimmune serum, nor when the anti-Rad17 Ab was preincubated with the Rad17 peptide that was used as the antigen, indicating that recovery of the precipitated proteins required the epitope recognized by the Ab (data not shown)"
LAT,Grb2,Complex_formation,P09919,NA,10209041,"Moreover, tyrosine-phosphorylated LAT/pp36/38 in detergent lysates prepared from anti-CD3 stimulated T cells associated with Grb2 but not GrpL"
LAT,GrpL,Out-of-scope,P09919,NA,10209041,"Moreover, tyrosine-phosphorylated LAT/pp36/38 in detergent lysates prepared from anti-CD3 stimulated T cells associated with Grb2 but not GrpL"
SirT1,H1,Complex_formation,NA,O14625,15469825,"Using an inducible system directing expression of SirT1 fused to the Gal4-DNA binding domain and a Gal4-reporter integrated in euchromatin, Gal4-SirT1 expression resulted in the deacetylation of H4-K16 and H3-K9, recruitment of H1 within the promoter vicinity, drastically reduced reporter expression, and loss of H3-K79 methylation, a mark restricting silenced chromatin"
TGIF2,histone deacetylase 1,Complex_formation,P22301,NA,11427533,TGIF2 interacts with histone deacetylase 1 and represses transcription
IL-23,Stat3,Positive_regulation,P60568,NA,19185846_21,While these results are consistent with a role for IL-23 driven Stat3 activation in tumor-infiltrating Treg although additional IL-23R dependent signaling pathways (such as Stat5) are likely operative in tumor infiltrating Treg
IL-23R,Stat5,Regulation,P60568,NA,19185846_21,While these results are consistent with a role for IL-23 driven Stat3 activation in tumor-infiltrating Treg although additional IL-23R dependent signaling pathways (such as Stat5) are likely operative in tumor infiltrating Treg
IL-10,Stat3,Positive_regulation,P22301,NA,19185846_21,"In addition, other cytokines in the tumor microenvironment (such as IL-10) could be additionally contributing to Stat3 activation in tumor infiltrating Treg"
G-CSF,Gab2,Regulation,P09919,NA,18644434_65,The results indicate that the Jak kinase inhibitor AG490 inhibits G-CSF-stimulated Gab2 phosphorylation
IL-7,STAT5,Regulation,P13232,NA,9398404,IL-2 and IL-7 induce heterodimerization of STAT5 isoforms in human peripheral blood T lymphoblasts
IL-2,STAT5,Regulation,P60568,NA,9398404,IL-2 and IL-7 induce heterodimerization of STAT5 isoforms in human peripheral blood T lymphoblasts
STAT5B,interferon-gamma,Regulation_of_transcription,NA,Q14116,9398404,"Both cytokines induced assembly of STAT5A and STAT5B containing complexes capable of binding to the interferon-gamma activation sequence (GAS), and these complexes rapidly translocated (within 1 min) into the nucleus of IL-2- or IL-7-treated cells"
STAT5A,interferon-gamma,Regulation_of_transcription,NA,Q14116,9398404,"Both cytokines induced assembly of STAT5A and STAT5B containing complexes capable of binding to the interferon-gamma activation sequence (GAS), and these complexes rapidly translocated (within 1 min) into the nucleus of IL-2- or IL-7-treated cells"
IL-7,STAT5A,Regulation,P13232,NA,9398404,IL-2 and IL-7 were equivalent in their ability to induce tyrosine phosphorylation of STAT5A and STAT5B and to facilitate binding of these STATs to an immobilized GAS element
IL-2,STAT5A,Regulation,P60568,NA,9398404,IL-2 and IL-7 were equivalent in their ability to induce tyrosine phosphorylation of STAT5A and STAT5B and to facilitate binding of these STATs to an immobilized GAS element
IL-7,STAT5B,Regulation,P13232,NA,9398404,IL-2 and IL-7 were equivalent in their ability to induce tyrosine phosphorylation of STAT5A and STAT5B and to facilitate binding of these STATs to an immobilized GAS element
IL-2,STAT5B,Regulation,P60568,NA,9398404,IL-2 and IL-7 were equivalent in their ability to induce tyrosine phosphorylation of STAT5A and STAT5B and to facilitate binding of these STATs to an immobilized GAS element
IL-7,STAT5A,Regulation,P13232,NA,9398404,Both IL-2 and IL-7 induced substantial amounts of STAT5A/STAT5B heterodimerization
IL-7,STAT5B,Regulation,P13232,NA,9398404,Both IL-2 and IL-7 induced substantial amounts of STAT5A/STAT5B heterodimerization
IL-2,STAT5A,Regulation,P60568,NA,9398404,Both IL-2 and IL-7 induced substantial amounts of STAT5A/STAT5B heterodimerization
IL-2,STAT5B,Regulation,P60568,NA,9398404,Both IL-2 and IL-7 induced substantial amounts of STAT5A/STAT5B heterodimerization
Elf-1,IL-2R alpha,Positive_regulation,NA,P60568,7862168,Transcription from the IL-2R alpha promoter was inhibited when either the Elf-1 or the HMG-I(Y) binding site was mutated
Elf-1,IL-2R alpha,Regulation_of_transcription,NA,P60568,7862168,Transcription from the IL-2R alpha promoter was inhibited when either the Elf-1 or the HMG-I(Y) binding site was mutated
HMG-I(Y),IL-2R alpha,Regulation_of_transcription,NA,P60568,7862168,Transcription from the IL-2R alpha promoter was inhibited when either the Elf-1 or the HMG-I(Y) binding site was mutated
HMG-I(Y),IL-2R alpha,Positive_regulation,NA,P60568,7862168,Transcription from the IL-2R alpha promoter was inhibited when either the Elf-1 or the HMG-I(Y) binding site was mutated
Elf-1,IL-2R alpha,Regulation_of_gene_expression,NA,P60568,7862168,These findings provide significant new insights into the protein-protein and protein-DNA interactions that regulate cell-type-specific and inducible IL-2R alpha gene expression and also have implications for other genes regulated by Elf-1 and NF-kappa B family proteins
FXIII,Fn,Complex_formation,NA,P01579,8905624,"Increasing the ligands concentrations and binding time, resulted in weak binding of FXIII to Fn"
Fn,FXIIIa,Complex_formation,P01579,NA,8905624,FXIIIa bound Fbn 2-fold more than Fgn and 28-fold more than Fn
Tg,Fn,Complex_formation,P01135,P01579,8905624,Tg bound Fn approximately 130-fold more than either Fgn or Fbn
Tg,Fbn,Complex_formation,P01135,NA,8905624,Tg bound Fn approximately 130-fold more than either Fgn or Fbn
FXIII,Fn,Complex_formation,NA,P01579,8905624,"At equilibrium, the extent of binding was determined to be as follows: FXIII bound Fbn 3-15-fold more than Fgn and 8-fold more than Fn"
FXIIIa,Fn,Complex_formation,NA,P01579,8905624,FXIIIa bound Fgn and Fbn equally and 12-25-fold more than Fn
Tg,Fbn,Complex_formation,P01135,NA,8905624,Tg bound about equally to Fgn and Fbn and 10-20-fold less than Fn
Tg,Fn,Complex_formation,P01135,P01579,8905624,Tg bound about equally to Fgn and Fbn and 10-20-fold less than Fn
FXIIIa,Fn,Complex_formation,NA,P01579,8905624,"The Kds' for FXIIIa binding to Fn, Fgn, and Fbn were 100, 23, and 19 nM, respectively"
Tg,Fn,Complex_formation,P01135,P01579,8905624,The Kd for Tg binding to Fn was 6
Tg,Fn,Complex_formation,P01135,P01579,8905624,The binding hierarchies are: [Tg-Fn] > [FXIIIa-Fgn] = [FXIIIa-Fbn] > [FXIII-Fbn] > [FXIII-Fgn] = [FXIIIa-Fn] > [Tg-Fbn] = [Tg-Fgn] > [FXIII-Fn]
FXIIIa,Fn,Complex_formation,NA,P01579,8905624,The binding hierarchies are: [Tg-Fn] > [FXIIIa-Fgn] = [FXIIIa-Fbn] > [FXIII-Fbn] > [FXIII-Fgn] = [FXIIIa-Fn] > [Tg-Fbn] = [Tg-Fgn] > [FXIII-Fn]
Tg,Fbn,Complex_formation,P01135,NA,8905624,The binding hierarchies are: [Tg-Fn] > [FXIIIa-Fgn] = [FXIIIa-Fbn] > [FXIII-Fbn] > [FXIII-Fgn] = [FXIIIa-Fn] > [Tg-Fbn] = [Tg-Fgn] > [FXIII-Fn]
FXIII,Fn,Complex_formation,NA,P01579,8905624,The binding hierarchies are: [Tg-Fn] > [FXIIIa-Fgn] = [FXIIIa-Fbn] > [FXIII-Fbn] > [FXIII-Fgn] = [FXIIIa-Fn] > [Tg-Fbn] = [Tg-Fgn] > [FXIII-Fn]
FXIII,Fn,Complex_formation,NA,P01579,8905624,FXIII did not bind Fn till 20 min
Axin,beta-catenin,Regulation_of_degradation,P51671,NA,19204372,"Axin is a negative regulator of canonical Wnt signaling, which promotes the degradation of beta-catenin, the major effector in this signaling cascade"
Axin,beta-catenin,Negative_regulation,P51671,NA,19204372,"Axin is a negative regulator of canonical Wnt signaling, which promotes the degradation of beta-catenin, the major effector in this signaling cascade"
Axin,APC,Complex_formation,P51671,NA,19204372,"Here, we report the generation and analysis of mice carrying modified Axin alleles in which either the RGS domain or the six C-terminal amino acids (C6 motif) were deleted. The RGS domain is required for APC-binding, while the C6 motif has been implicated in the activation of c-Jun N-terminal kinase, but is not required for the effects of Axin on the Wnt/beta-catenin pathway, in vitro"
Axin,beta-catenin,Out-of-scope,P51671,NA,19204372,"The RGS domain is required for APC-binding, while the C6 motif has been implicated in the activation of c-Jun N-terminal kinase, but is not required for the effects of Axin on the Wnt/beta-catenin pathway, in vitro"
Axin,APC,Complex_formation,P51671,NA,19204372,"As Axin-DeltaRGS protein was produced at normal levels, its inability to support embryogenesis confirms the importance of interactions between Axin and APC"
Axin,beta-catenin,Negative_regulation,P51671,NA,19204372,"Furthermore, many Axin(DeltaC6/DeltaC6) embryos that were heterozygous for a beta-catenin null mutation survived to term, demonstrating that early lethality was due to failure to negatively regulate beta-catenin"
2,TICAM-1,Complex_formation,P13500,NA,20047764,"Using yeast two-hybrid screening, we found three TRAF proteins TRAF1, 2 and 6, bound the N-terminal region of the TLR3/4 adaptor TICAM-1 (TRIF)"
6,TICAM-1,Complex_formation,O95760,NA,20047764,"Using yeast two-hybrid screening, we found three TRAF proteins TRAF1, 2 and 6, bound the N-terminal region of the TLR3/4 adaptor TICAM-1 (TRIF)"
6,TICAM-1,Catalysis_of_ubiquitination,O95760,NA,20047764,"Moreover, double point mutations of the TRAF2 and TRAF6 binding motifs in TICAM-1 N+TIR reduced the activation of IRF-3 and NF-kappaB, the critical transcription factors for IFN-beta expression. Furthermore, TRAF2/6 functioned as an E3 ligase to induce K63-mediated ubiquitination on N+TIR which was abrogated in the mutant lacking the TRAF2/6 sites in parallel with IFN-inducing activity"
6,TICAM-1,Complex_formation,O95760,NA,20047764,"Moreover, double point mutations of the TRAF2 and TRAF6 binding motifs in TICAM-1 N+TIR reduced the activation of IRF-3 and NF-kappaB, the critical transcription factors for IFN-beta expression. Furthermore, TRAF2/6 functioned as an E3 ligase to induce K63-mediated ubiquitination on N+TIR which was abrogated in the mutant lacking the TRAF2/6 sites in parallel with IFN-inducing activity"
SLAP,Flt3,Complex_formation,NA,P49771,23300935_2,The results show that upon ligand stimulation SLAP stably associates with Flt3 through multiple phosphotyrosine residues in Flt3
SLAP,Flt3,Complex_formation,NA,P49771,23300935_2,SLAP constitutively interacts with oncogenic Flt3-ITD and co-localizes with Flt3 near the cell membrane
PAK1,ATR,Regulation,NA,P39900,22971344,"We find that RhoJ activates PAK1 in response to drug-induced DNA damage, which then uncouples ATR from its downstream effectors, ultimately resulting in a blunted DNA damage response (DDR)"
ATR,ATF2,Out-of-scope,P39900,NA,22971344,"In addition, ATR suppression leads to the decreased phosphorylation of ATF2 and consequent increased expression of the melanocyte survival gene Sox10 resulting in a higher DDR threshold required to engage melanoma cell death"
CBFbeta,-2,Complex_formation,NA,P60568,22325351_6,"Core binding transcription factors are heterodimeric complexes composed of a common CBFbeta subunit bound to one of three tissue-specific DNA-binding CBFalpha subunits (now called Runx1,-2,-3)"
CBFbeta,-3,Complex_formation,NA,Q99731,22325351_6,"Core binding transcription factors are heterodimeric complexes composed of a common CBFbeta subunit bound to one of three tissue-specific DNA-binding CBFalpha subunits (now called Runx1,-2,-3)"
NFAT-1,IL-2,Regulation_of_transcription,NA,P60568,7706710,Formation of the NFAT-1 transcriptional complex on the IL-2 promoter is essential for IL-2 transcription
NFAT-1,IL-2,Positive_regulation,NA,P60568,7706710,Formation of the NFAT-1 transcriptional complex on the IL-2 promoter is essential for IL-2 transcription
NFAT-1,IL-2,Regulation_of_transcription,NA,P60568,7706710,Formation of the NFAT-1 transcriptional complex on the IL-2 promoter is essential for IL-2 transcription
E1B-55K,C,Complex_formation,NA,Q14116,12186903,"A multiprotein E1B-55K-containing complex was immunopurified from Ad5-infected HeLa cells and found to contain E4-orf6, as well as several cellular factors previously implicated in the ubiquitin-proteasome-mediated destruction of proteins, including Cullin-5, Rbx1/ROC1/Hrt1, and Elongins B and C"
C,E1B-55K,Complex_formation,Q14116,NA,12186903,"We propose that these newly identified binding partners (Cullin-5, Elongins B and C, and Rbx1) complex with E1B-55K and E4-orf6 during Ad infection to form part of an E3 ubiquitin ligase that targets specific protein substrates for degradation"
C,E4,Complex_formation,Q14116,NA,12186903,"We propose that these newly identified binding partners (Cullin-5, Elongins B and C, and Rbx1) complex with E1B-55K and E4-orf6 during Ad infection to form part of an E3 ubiquitin ligase that targets specific protein substrates for degradation"
C,p53,Catalysis_of_ubiquitination,Q14116,NA,12186903,"A multiprotein E1B-55K-containing complex was immunopurified from Ad5-infected HeLa cells and found to contain E4-orf6, as well as several cellular factors previously implicated in the ubiquitin-proteasome-mediated destruction of proteins, including Cullin-5, Rbx1/ROC1/Hrt1, and Elongins B and C. We further demonstrate that a complex containing these as well as other proteins is capable of directing the polyubiquitination of p53 in vitro"
C,p53,Regulation_of_degradation,Q14116,NA,12186903,"A multiprotein E1B-55K-containing complex was immunopurified from Ad5-infected HeLa cells and found to contain E4-orf6, as well as several cellular factors previously implicated in the ubiquitin-proteasome-mediated destruction of proteins, including Cullin-5, Rbx1/ROC1/Hrt1, and Elongins B and C. We further demonstrate that a complex containing these as well as other proteins is capable of directing the polyubiquitination of p53 in vitro"
C,p53,Negative_regulation,Q14116,NA,12186903,"A multiprotein E1B-55K-containing complex was immunopurified from Ad5-infected HeLa cells and found to contain E4-orf6, as well as several cellular factors previously implicated in the ubiquitin-proteasome-mediated destruction of proteins, including Cullin-5, Rbx1/ROC1/Hrt1, and Elongins B and C. We further demonstrate that a complex containing these as well as other proteins is capable of directing the polyubiquitination of p53 in vitro"
Smad2,3,Complex_formation,NA,Q99731,22196728,Nodal receptors induce the formation of companion Smad4-Smad2/3 and TRIM33-Smad2/3 complexes
TRIM33,3,Complex_formation,NA,Q99731,22196728,Nodal receptors induce the formation of companion Smad4-Smad2/3 and TRIM33-Smad2/3 complexes
Smad2,3,Complex_formation,NA,Q99731,22196728,Nodal receptors induce the formation of companion Smad4-Smad2/3 and TRIM33-Smad2/3 complexes
Smad4,3,Complex_formation,NA,Q99731,22196728,Nodal receptors induce the formation of companion Smad4-Smad2/3 and TRIM33-Smad2/3 complexes
Smad2,3,Complex_formation,NA,Q99731,22196728,"The interaction between TRIM33-Smad2/3 and H3K9me3 displaces the chromatin-compacting factor HP1gamma, making nodal response elements accessible to Smad4-Smad2/3 for Pol II recruitment"
TRIM33,3,Complex_formation,NA,Q99731,22196728,"The interaction between TRIM33-Smad2/3 and H3K9me3 displaces the chromatin-compacting factor HP1gamma, making nodal response elements accessible to Smad4-Smad2/3 for Pol II recruitment"
3,H3K9me3,Complex_formation,Q99731,NA,22196728,"The interaction between TRIM33-Smad2/3 and H3K9me3 displaces the chromatin-compacting factor HP1gamma, making nodal response elements accessible to Smad4-Smad2/3 for Pol II recruitment"
3,HP1gamma,Regulation,Q99731,NA,22196728,"The interaction between TRIM33-Smad2/3 and H3K9me3 displaces the chromatin-compacting factor HP1gamma, making nodal response elements accessible to Smad4-Smad2/3 for Pol II recruitment"
TRIM33,3,Complex_formation,NA,Q99731,22196728,The PHD-Bromo cassette of TRIM33 facilitates binding of TRIM33-Smad2/3 to H3K9me3 and H3K18ac on the promoters of mesendoderm regulators Gsc and Mixl1
Smad2,3,Complex_formation,NA,Q99731,22196728,The PHD-Bromo cassette of TRIM33 facilitates binding of TRIM33-Smad2/3 to H3K9me3 and H3K18ac on the promoters of mesendoderm regulators Gsc and Mixl1
3,H3K9me3,Complex_formation,Q99731,NA,22196728,The PHD-Bromo cassette of TRIM33 facilitates binding of TRIM33-Smad2/3 to H3K9me3 and H3K18ac on the promoters of mesendoderm regulators Gsc and Mixl1
3,H3K18ac,Complex_formation,Q99731,NA,22196728,The PHD-Bromo cassette of TRIM33 facilitates binding of TRIM33-Smad2/3 to H3K9me3 and H3K18ac on the promoters of mesendoderm regulators Gsc and Mixl1
Smad4,3,Regulation,NA,Q99731,22196728,"In turn, Smad4 increases K18 acetylation to augment TRIM33-Smad2/3 binding"
TRIM33,3,Complex_formation,NA,Q99731,22196728,"In turn, Smad4 increases K18 acetylation to augment TRIM33-Smad2/3 binding"
Smad2,3,Complex_formation,NA,Q99731,22196728,"In turn, Smad4 increases K18 acetylation to augment TRIM33-Smad2/3 binding"
3,Smad2,Complex_formation,Q99731,NA,22196728,"The interaction between TRIM33-Smad2/3 and H3K9me3 displaces the chromatin-compacting factor HP1gamma, making nodal response elements accessible to Smad4-Smad2/3 for Pol II recruitment"
3,Smad4,Complex_formation,Q99731,NA,22196728,"The interaction between TRIM33-Smad2/3 and H3K9me3 displaces the chromatin-compacting factor HP1gamma, making nodal response elements accessible to Smad4-Smad2/3 for Pol II recruitment"
CSF2RAWT,GM-CSF,Complex_formation,P14210,P04141,18955570_20,"GM-CSF binding studies demonstrated that cells expressing CSF2RAWT and CSF2RB rapidly bound GM-CSF and removed it from the media, whereas cells expressing CSF2RAG174R and CSF2RB or CSF2RB alone did not clear GM-CSF (Fig"
CSF2RB,GM-CSF,Complex_formation,P14210,P04141,18955570_20,"GM-CSF binding studies demonstrated that cells expressing CSF2RAWT and CSF2RB rapidly bound GM-CSF and removed it from the media, whereas cells expressing CSF2RAG174R and CSF2RB or CSF2RB alone did not clear GM-CSF (Fig"
GM-CSF,STAT5,Catalysis_of_phosphorylation,P04141,NA,18955570_20,"Cotransfection of CSF2RB together with CSF2RAWT, but not with CSF2RAG174R, resulted in expression of functional GM-CSF receptors as demonstrated by GM-CSF-dependent phosphorylation of STAT5 only with the former combination (Fig"
TEAD1,4,Complex_formation,NA,P09919,21224387_25,"CTGF is a well defined target gene of TAZ and YAP, and its expression is a functional outcome of interaction of TAZ-YAP with TEAD1-4 as the promoter region of CTGF gene contains several TEAD-binding elements"
TAZ,4,Complex_formation,NA,P09919,21224387_25,"CTGF is a well defined target gene of TAZ and YAP, and its expression is a functional outcome of interaction of TAZ-YAP with TEAD1-4 as the promoter region of CTGF gene contains several TEAD-binding elements"
YAP,4,Complex_formation,NA,P09919,21224387_25,"CTGF is a well defined target gene of TAZ and YAP, and its expression is a functional outcome of interaction of TAZ-YAP with TEAD1-4 as the promoter region of CTGF gene contains several TEAD-binding elements"
Axin,glycogen synthase kinase 3,Complex_formation,P51671,NA,17318175,"Axin phosphorylation markedly enhances the binding of glycogen synthase kinase 3, leading to a more active beta-catenin destruction complex"
ERK1,2,Complex_formation,NA,P13500,11431474,p41 and p44 are ERK1/2-related ERPs that lack kinase activity and associate along with AP-1 proteins with AP-1 DNA
DEP-1,hepatocyte growth factor/scatter factor receptor,Catalysis_of_dephosphorylation,NA,P14210,12475979,"We have shown that the substrate-trapping mutant form of DEP-1 interacted with a small subset of tyrosine-phosphorylated proteins from lysates of the human breast tumor cell lines MDA-MB-231, T-47D, and T-47D/Met and have identified the hepatocyte growth factor/scatter factor receptor Met, the adapter protein Gab1, and the junctional component p120 catenin as potential substrates"
DEP-1,CSF,Catalysis_of_dephosphorylation,NA,P14210,12475979,"When co-expressed in 293 cells, the full-length substrate-trapping mutant form of DEP-1 formed a stable complex with the chimeric receptor colony stimulating factor 1 (CSF)-Met and wild type DEP-1 dephosphorylated CSF-Met"
DEP-1,Met,Catalysis_of_dephosphorylation,NA,P39900,12475979,"When co-expressed in 293 cells, the full-length substrate-trapping mutant form of DEP-1 formed a stable complex with the chimeric receptor colony stimulating factor 1 (CSF)-Met and wild type DEP-1 dephosphorylated CSF-Met"
DEP-1,colony stimulating factor 1 (CSF),Complex_formation,NA,P14210,12475979,"When co-expressed in 293 cells, the full-length substrate-trapping mutant form of DEP-1 formed a stable complex with the chimeric receptor colony stimulating factor 1 (CSF)-Met and wild type DEP-1 dephosphorylated CSF-Met"
DEP-1,Met,Complex_formation,NA,P39900,12475979,"When co-expressed in 293 cells, the full-length substrate-trapping mutant form of DEP-1 formed a stable complex with the chimeric receptor colony stimulating factor 1 (CSF)-Met and wild type DEP-1 dephosphorylated CSF-Met"
Gab1,Met,Complex_formation,NA,P39900,12475979,"Furthermore, we observed that DEP-1 preferentially dephosphorylated a Gab1 binding site (Tyr(1349)) and a COOH-terminal tyrosine implicated in morphogenesis (Tyr(1365)), whereas tyrosine residues in the activation loop of Met (Tyr(1230), Tyr(1234), and Tyr(1235)) were not preferred targets of the PTP"
DEP-1,Met,Catalysis_of_dephosphorylation,NA,P39900,12475979,"Furthermore, we observed that DEP-1 preferentially dephosphorylated a Gab1 binding site (Tyr(1349)) and a COOH-terminal tyrosine implicated in morphogenesis (Tyr(1365)), whereas tyrosine residues in the activation loop of Met (Tyr(1230), Tyr(1234), and Tyr(1235)) were not preferred targets of the PTP"
DEP-1,Met,Catalysis_of_dephosphorylation,NA,P39900,12475979,"The ability of DEP-1 preferentially to dephosphorylate particular tyrosine residues that are required for Met-induced signaling suggests that DEP-1 may function in controlling the specificity of signals induced by this PTK, rather than as a simple ""off-switch"" to counteract PTK activity"
STING,IL-6,Positive_regulation,NA,P05231,21892174_13,Knockdown of DDX41 or STING in THP-1 cells eliminated the ability to produce large amounts of IFN-beta and IL-6 in response to DNA or HSV-1 (Fig
STING,IL-6,Regulation_of_gene_expression,NA,P05231,21892174_13,Knockdown of DDX41 or STING in THP-1 cells eliminated the ability to produce large amounts of IFN-beta and IL-6 in response to DNA or HSV-1 (Fig
IFI16,IL-6,Regulation,NA,P05231,21892174_13,"However, knockdown of IFI16 in THP-1 cells led to slightly lower responses of IFN-beta and IL-6 to DNA or HSV-1, which confirmed the results of a published study showing that IFI16 has a moderate role in viral DNA sensing"
3,IRTKS,Complex_formation,Q99731,NA,22921828_17,"Similar to the pathogen protein EspFU, the identified cellular ligands of IRTKS/IRSp53 SH3, namely Shank 1-3 and Eps8 also contain a tandem PxxP motif"
3,IRSp53,Complex_formation,Q99731,NA,22921828_17,"Similar to the pathogen protein EspFU, the identified cellular ligands of IRTKS/IRSp53 SH3, namely Shank 1-3 and Eps8 also contain a tandem PxxP motif"
